gid,lon,lat,X,Y,gridmet_id,irr_freq,irr_ratio,bedrock_m,k_m/d,sy,well_depth,well_surface_ele,well_bedrock_ele,well_k,well_sy,well_depth_ele,wl_depth_m_1990,wl_depth_m_1991,wl_depth_m_1992,wl_depth_m_1993,wl_depth_m_1994,wl_depth_m_1995,wl_depth_m_1996,wl_depth_m_1997,wl_depth_m_1998,wl_depth_m_1999,wl_depth_m_2000,wl_depth_m_2001,wl_depth_m_2002,wl_depth_m_2003,wl_depth_m_2004,wl_depth_m_2005,wl_depth_m_2006,wl_depth_m_2007,wl_depth_m_2008,wl_depth_m_2009,wl_depth_m_2010,wl_depth_m_2011,wl_depth_m_2012,wl_depth_m_2013,wl_depth_m_2014,wl_depth_m_2015,wl_depth_m_2016,wl_depth_m_2017,wl_depth_m_2018,wl_depth_m_2019,wl_depth_m_2020,wl_depth_m_2021,wl_depth_m_2022,wl_ele_m_1990,wl_ele_m_1991,wl_ele_m_1992,wl_ele_m_1993,wl_ele_m_1994,wl_ele_m_1995,wl_ele_m_1996,wl_ele_m_1997,wl_ele_m_1998,wl_ele_m_1999,wl_ele_m_2000,wl_ele_m_2001,wl_ele_m_2002,wl_ele_m_2003,wl_ele_m_2004,wl_ele_m_2005,wl_ele_m_2006,wl_ele_m_2007,wl_ele_m_2008,wl_ele_m_2009,wl_ele_m_2010,wl_ele_m_2011,wl_ele_m_2012,wl_ele_m_2013,wl_ele_m_2014,wl_ele_m_2015,wl_ele_m_2016,wl_ele_m_2017,wl_ele_m_2018,wl_ele_m_2019,wl_ele_m_2020,wl_ele_m_2021,wl_ele_m_2022,st_m_1990,st_m_1991,st_m_1992,st_m_1993,st_m_1994,st_m_1995,st_m_1996,st_m_1997,st_m_1998,st_m_1999,st_m_2000,st_m_2001,st_m_2002,st_m_2003,st_m_2004,st_m_2005,st_m_2006,st_m_2007,st_m_2008,st_m_2009,st_m_2010,st_m_2011,st_m_2012,st_m_2013,st_m_2014,st_m_2015,st_m_2016,st_m_2017,st_m_2018,st_m_2019,st_m_2020,st_m_2021,st_m_2022,Crop2006,Crop2007,Crop2008,Crop2009,Crop2010,Crop2011,Crop2012,Crop2013,Crop2014,Crop2015,Crop2016,Crop2017,Crop2018,Crop2019,Crop2020,Crop2021,Crop2022,other_freq,wheat_freq,Irr1997,Irr1998,Irr1999,Irr2000,Irr2001,Irr2002,Irr2003,Irr2004,Irr2005,Irr2006,Irr2007,Irr2008,Irr2009,Irr2010,Irr2011,Irr2012,Irr2013,Irr2014,Irr2015,Irr2016,Irr2017,Irr2018,Irr2019,Irr2020
grid1,-100.77248819923611,39.31064947666666,0,0,grid5,9,0.47368421052631576,853.218990233232,59.640216,0.063,57.912,908.6214298,851.4155654,48.655224,0.0655,850.7094298,38.928844,39.07305,40.004536,39.455223,38.67876,39.24017,41.299,39.35358,41.069862,41.777626,40.614994,41.95776,43.258434,41.15618,41.676586,42.739693,43.341328,43.45352,43.49758,44.081055,44.05659,44.50473,44.71205,44.041702,42.6974,43.26347,43.426346,43.763954,43.75875,43.347015,43.293972,43.65262,43.337482,878.2461,878.3509,877.9133,877.8221,878.8361,878.7658,877.87854,878.60754,876.15234,876.5994,876.8874,876.44214,876.02765,876.5646,875.5194,875.10754,874.7473,874.0868,874.70325,873.7596,873.746,873.34143,873.0719,872.19727,873.51337,873.24994,873.06836,872.75946,872.7804,872.85443,874.6286,874.04596,873.6836,25.027103516767966,25.131900880049216,24.694339844892966,24.603092286299216,25.617130372236716,25.546817872236716,24.659549805830466,25.388553712080466,22.933353516767966,23.380436036299216,23.668399903486716,23.223148438642966,22.808658692549216,23.345584962080466,22.300418946455466,21.888553712080466,21.528324219892966,20.867801758955466,21.484256837080466,20.540592286299216,20.526981446455466,20.122440430830466,19.852909180830466,18.978275391767966,20.294376465986716,20.030948731611716,19.849369141767966,19.540470215986716,19.561405274580466,19.635440919111716,21.409610840986716,20.826969239424216,20.464603516767966,corn,corn,corn,corn,corn,sorghum,corn,fallow,wheat,corn,corn,corn,fallow,wheat,corn,corn,corn,0,2,0,1,1,0,0,0,0,0,1,0,1,0,1,0,1,0,0,1,0,1,1,0,1,1
grid2,-100.77248291270834,39.317942335000005,0,1,grid5,7,0.3684210526315789,852.79010478468,52.724304,0.0641,57.912,908.6214298,851.4155654,48.655224,0.0655,850.7094298,39.212696,39.37968,40.271523,39.743244,38.97912,39.548187,41.461376,39.6945,41.156845,41.879776,40.746975,42.084896,43.405273,42.263542,42.887226,43.001892,43.632053,43.76633,43.83033,44.41894,44.411045,44.858887,45.069733,45.530155,43.05048,43.543087,43.69153,44.03036,44.020622,43.71347,43.568844,43.94342,43.734447,877.5754,877.4854,877.0289,876.836,878.1342,877.9796,877.2318,877.6819,875.5798,875.8578,876.1606,875.66846,875.23975,875.4908,874.5215,873.78815,873.4482,872.82196,873.45135,872.42444,872.4549,872.0408,871.75574,871.1008,872.4217,872.08105,872.0128,871.7039,871.74786,871.8263,873.8815,873.22125,872.8863,24.78527363328874,24.69530781297624,24.23876484422624,24.04589375047624,25.34411152391374,25.18950947313249,24.44170673875749,24.89177998094499,22.78966816453874,23.06768330125749,23.37047871141374,22.87835224656999,22.44964130906999,22.70067890672624,21.73137959031999,20.99804218797624,20.65807636766374,20.03185566453874,20.66125019578874,19.63433369188249,19.66479023485124,19.25066669969499,18.96563252000749,18.31072529344499,19.63158710985124,19.29094990281999,19.22271259813249,18.91381367235124,18.95775898485124,19.03618916063249,21.09136494188249,20.43114765672624,20.09618671922624,sorghum,corn,corn,corn,corn,fallow,wheat,corn,fallow,wheat,corn,corn,corn,other,wheat,corn,corn,1,3,0,0,0,0,0,1,0,0,0,0,1,0,1,0,0,1,0,0,0,1,1,1,0,0
grid3,-100.77247762618056,39.325235193333334,0,2,grid5,1,0.05263157894736842,852.1819558582321,54.732936,0.0683,62.7888,906.7233287,850.3245995,58.890408,0.0701,843.9345287,39.483418,39.67093,40.52524,39.484116,39.265865,39.267666,41.05712,40.01663,40.743927,41.43192,40.367916,41.608326,43.02415,42.500736,43.165325,43.253048,43.910976,44.06638,44.15138,44.742725,44.75085,45.19825,45.412315,45.875256,43.897083,44.510834,45.12891,45.47489,45.469715,45.034565,44.964428,45.36327,44.992928,876.9514,876.69714,876.2202,875.762,877.46704,876.9691,876.23267,876.8313,875.002,874.9881,875.3078,874.7688,874.3145,874.41125,873.34094,872.6304,872.30005,871.7077,872.31537,871.2443,871.31165,870.89154,870.5958,869.9147,871.3203,870.952,870.9504,870.6368,870.7108,870.789,872.92267,872.25,871.96643,24.769460157392928,24.515187696455428,24.038258985517928,23.580068067549178,25.285085157392928,24.787160352705428,24.050710157392928,24.649342969892928,22.820058301924178,22.806142286299178,23.125844434736678,22.586842969892928,22.132558301924178,22.229299024580428,21.158986524580428,20.448415235517928,20.118092969892928,19.525746778486678,20.133412794111678,19.062367872236678,19.129689649580428,18.709584669111678,18.413869337080428,17.732716993330428,19.138356641767928,18.770070508955428,18.768422559736678,18.454823926924178,18.528859571455428,18.607045606611678,20.740712598799178,20.068044141767928,19.784474805830428,corn,wheat,corn,fallow,other,corn,corn,corn,wheat,corn,corn,fallow,wheat,corn,corn,wheat,corn,1,4,0,0,0,0,1,0,0,0,1,0,0,0,0,0,0,0,0,0,0,0,0,0,0,0
grid4,-100.77247233965278,39.332528051666664,0,3,grid5,19,1.0,851.515912793064,64.16040000000001,0.0726,62.7888,906.7233287,850.3245995,58.890408,0.0701,843.9345287,39.760307,39.96719,40.232918,39.730133,39.17302,39.528656,41.18631,39.87624,40.752495,41.51329,40.48851,41.644604,43.14791,42.74249,43.428246,43.033936,43.709007,43.88796,44.011395,44.59996,44.61852,45.0497,45.258156,46.228554,45.053097,45.573452,45.69475,46.042942,46.034843,45.68799,45.539494,45.957848,45.669765,876.3447,875.95,875.34766,874.9442,876.6987,876.1798,875.5398,875.9033,874.425,874.35205,874.6559,874.0536,873.60956,873.4163,872.34296,871.4688,871.1272,870.61255,871.1149,870.03674,870.1292,869.7003,869.39923,868.8431,870.21027,869.7921,869.8383,869.5149,869.6163,869.68744,871.7038,871.0726,870.85516,24.82881376943601,24.43409941396726,23.83174345693601,23.42830107412351,25.18281767568601,24.66389677724851,24.02388212881101,24.38740751943601,22.90907499990476,22.83613798818601,23.13997099599851,22.53767607412351,22.09364531240476,21.90040800771726,20.82704374990476,19.95289824209226,19.61128447256101,19.09663603506101,19.59901640615476,18.52083037099851,18.61329863271726,18.18440458974851,17.88331816396726,17.32716582021726,18.69435332021726,18.27620146474851,18.32240507802976,17.99897978506101,18.10035917959226,18.17152617177976,20.18788359365476,19.55665800771726,19.33925078115476,sorghum,corn,corn,corn,soybeans,corn,corn,sorghum,corn,wheat,corn,corn,corn,corn,corn,corn,corn,0,1,1,1,1,1,1,1,1,1,1,1,1,1,1,1,1,1,1,1,1,1,1,1,1,1
grid5,-100.772467053125,39.33982091,0,4,grid4,0,0.0,850.4729625,74.91374400000001,0.0748,62.7888,906.7233287,850.3245995,58.890408,0.0701,843.9345287,39.82515,40.034195,40.444817,39.79767,39.41735,39.667164,41.306915,40.143024,40.997475,41.475517,40.601147,41.92211,43.13393,42.96915,43.69384,43.252506,43.952126,44.15876,44.296795,44.881763,44.913525,45.34284,45.552814,46.561,45.136986,45.435696,45.57417,45.921303,45.901485,45.79183,45.45184,45.85156,45.863853,875.7018,875.20294,874.6862,874.2694,876.04565,875.42,874.97723,875.1649,874.22894,873.7806,874.0909,873.5307,872.9489,872.6093,871.489,870.63837,870.27466,869.7616,870.19556,869.1442,869.25665,868.8273,868.53296,867.9883,869.14343,868.7051,868.7339,868.39624,868.5175,868.57355,870.3481,869.77856,869.646,25.228819726562506,24.729979394531256,24.213255761718756,23.796446679687506,25.572691796875006,24.947020410156256,24.504271386718756,24.691954492187506,23.755980371093756,23.307616113281256,23.617918847656256,23.057738183593756,22.475951074218756,22.136351464843756,21.016051171875006,20.165404199218756,19.801695703125006,19.288634179687506,19.722594140625006,18.671263574218756,18.783690332031256,18.354308007812506,18.059996484375006,17.515318750000006,18.670470117187506,18.232115625000006,18.260924218750006,17.923277734375006,18.044554589843756,18.100584863281256,19.875120996093756,19.305601953125006,19.173033593750006,fallow,wheat,fallow,wheat,fallow,wheat,fallow,wheat,corn,fallow,wheat,corn,corn,corn,fallow,wheat,corn,0,6,0,0,0,0,0,0,0,0,0,0,0,0,0,0,0,0,0,0,0,0,0,0,0,0
grid6,-100.77246176659723,39.34711376833334,0,5,grid4,0,0.0,848.7653085945121,82.186272,0.0753,62.7888,906.7233287,850.3245995,58.890408,0.0701,843.9345287,40.085766,40.30895,40.21933,40.01753,39.29488,39.907852,40.617123,40.108624,40.13638,41.54551,40.00991,41.113647,43.245617,42.463646,43.0413,43.01395,43.718994,44.16932,44.06424,44.735764,44.78334,45.209675,45.407806,46.122833,45.278427,45.562737,45.692917,46.038445,46.039215,45.982227,45.60058,46.02141,46.09498,875.1875,874.6154,874.0648,873.74585,875.35345,874.7228,874.2799,874.4685,873.6828,873.2794,873.58295,872.9343,872.36914,871.80133,870.6811,869.9377,869.5316,869.0914,869.3229,868.3595,868.4841,868.05975,867.78296,867.14996,868.07666,867.62335,867.72156,867.3695,867.5128,867.5517,869.06213,868.5598,868.5115,26.422191405487865,25.850108885956615,25.299510741425365,24.980541014862865,26.588145995331615,25.957469725800365,25.514598632050365,25.703197264862865,24.917491698456615,24.514110350800365,24.817638182831615,24.169017577362865,23.603832030487865,23.036021971894115,21.915782714081615,21.172374510956615,20.766307616425365,20.326061034394115,20.557567382050365,19.594188475800365,19.718761229706615,19.294444823456615,19.017650389862865,18.384654784394115,19.311351561737865,18.858043456269115,18.956249022675365,18.604198241425365,18.747508788300365,18.786388182831615,20.296825194550365,19.794505858612865,19.746166014862865,wheat,other,other,other,other,other,other,other,other,other,other,other,other,other,other,other,other,16,1,0,0,0,0,0,0,0,0,0,0,0,0,0,0,0,0,0,0,0,0,0,0,0,0
grid7,-100.763148404375,39.31065680333333,1,0,grid5,1,0.05263157894736842,853.223585303544,61.932312,0.0637,57.912,908.6214298,851.4155654,48.655224,0.0655,850.7094298,39.336708,39.481647,40.40894,39.85671,39.091965,39.69092,41.751244,39.77427,41.622753,42.027134,40.984917,42.44081,43.54022,42.298027,42.93116,43.029526,43.67014,43.784943,43.855606,44.450302,44.434677,44.897587,45.106884,45.553284,44.059994,44.805214,44.95055,45.29763,45.29984,44.64589,44.753582,45.14464,44.544476,875.8553,875.9234,875.4496,875.3654,876.324,876.26324,875.5382,876.1267,874.0997,874.0868,874.45,874.2223,873.61487,874.3767,873.44244,872.4856,872.1131,871.56757,872.23157,871.0715,871.0786,870.6047,870.35895,869.64984,871.2966,871.16614,870.9443,870.63293,870.6445,870.7206,872.92584,872.15454,871.7736,22.63170034098721,22.69981557536221,22.22599965739346,22.14183217692471,23.10038930583096,23.03965932536221,22.31462270426846,22.90312368083096,20.87608510661221,20.86320668864346,21.22642690348721,20.99870473551846,20.39128286051846,21.15312368083096,20.21885854411221,19.26201039958096,18.88951284098721,18.34398061442471,19.00798207926846,17.84788686442471,17.85502797770596,17.38108998942471,17.13536245036221,16.42625600504971,18.07298452067471,17.94255239176846,17.72068959879971,17.40934926676846,17.42088491129971,17.49699575114346,19.70225698161221,18.93095571208096,18.55003530192471,wheat,sorghum,fallow,wheat,corn,corn,corn,corn,corn,wheat,corn,corn,corn,corn,corn,corn,corn,0,3,1,0,0,0,0,0,0,0,0,1,0,0,0,0,0,0,0,0,0,0,0,0,0,0
grid8,-100.76313939812499,39.317941965,1,1,grid5,18,0.9473684210526315,852.34293207984,50.130456,0.062,57.912,908.6214298,851.4155654,48.655224,0.0655,850.7094298,39.607246,39.772736,40.661053,40.126762,39.378033,39.979862,41.901134,40.108456,41.70092,42.12786,41.1062,42.565094,43.68728,42.546356,43.200996,43.28212,43.95036,44.10996,44.174313,44.77581,44.78945,45.239174,45.451595,45.900764,44.438175,45.111225,45.24104,45.589493,45.5874,45.03536,45.052254,45.461655,44.963383,875.1731,875.0659,874.5983,874.4118,875.6052,875.4905,874.8857,875.2123,873.5042,873.327,873.72534,873.4224,872.8328,873.1767,872.20056,871.188,870.83484,870.1823,871.0168,869.74866,869.74524,869.3099,869.05475,868.33356,870.3291,870.14014,870.01276,869.7014,869.7294,869.81305,872.4148,871.5235,871.1534,22.83016362328499,22.72298588890999,22.25539555687874,22.06887211937874,23.26229252953499,23.14754643578499,22.54274907250374,22.86934819359749,21.16127934594124,20.98409428734749,21.38240971703499,21.07949223656624,20.48989262719124,20.83376469750374,19.85762944359749,18.84505620140999,18.49190678734749,17.83937993187874,18.67385258812874,17.40572514672249,17.40230717797249,16.96694340844124,16.71181645531624,15.990625049066239,17.98616948265999,17.79720463890999,17.66982426781624,17.35848393578499,17.38643803734749,17.47011723656624,20.07186284203499,19.18056645531624,18.81044926781624,corn,corn,corn,corn,corn,corn,corn,corn,corn,wheat,corn,corn,corn,corn,corn,corn,wheat,0,2,1,1,1,1,1,1,1,1,1,1,1,1,1,1,1,1,1,0,1,1,1,1,1,1
grid9,-100.76313039187501,39.32522712666667,1,2,grid5,0,0.0,851.4155654306401,48.655224000000004,0.0655,57.912,908.6214298,851.4155654,48.655224,0.0655,850.7094298,39.84781,39.990273,40.7608,40.288124,39.58984,40.110817,42.054756,40.360023,41.781036,42.308285,40.915592,42.687107,43.90272,42.78336,43.479183,43.71192,44.341297,44.489452,44.593037,45.21471,45.25954,45.68909,45.924484,46.24702,44.86884,45.452538,45.581608,45.931465,45.924644,45.498882,45.40859,45.836845,45.465588,874.59546,874.34216,873.8444,873.59454,874.9743,874.76135,874.23694,874.42267,872.95044,872.6663,872.9769,872.684,872.1372,872.10547,871.00885,870.0613,869.6983,869.0999,869.92474,868.5846,868.6199,868.16907,867.9112,867.1444,869.2243,868.9268,868.8864,868.56714,868.6191,868.70264,871.40356,870.48627,870.15857,23.179893553734928,22.926597655297428,22.428855956078678,22.178978026391178,23.558738768578678,23.345787108422428,22.821373045922428,23.007103026391178,21.534874022484928,21.250755370141178,21.561363280297428,21.268455565453678,20.721641600609928,20.689903319359928,19.593284667016178,18.645713866234928,18.282737792016178,17.684349120141178,18.509178221703678,17.169029295922428,17.204307616234928,16.753501952172428,16.495628417016178,15.728843749047428,17.808738768578678,17.511253417016178,17.470848143578678,17.151573241234928,17.203514159203678,17.287071288109928,19.987999022484928,19.070701659203678,18.743003905297428,wheat,other,fallow,other,corn,fallow,wheat,corn,corn,corn,corn,corn,fallow,wheat,corn,corn,fallow,2,3,0,0,0,0,0,0,0,0,0,0,0,0,0,0,0,0,0,0,0,0,0,0,0,0
grid10,-100.763121385625,39.33251228833333,1,3,grid5,19,1.0,850.324599463224,58.89040800000001,0.0701,62.7888,906.7233287,850.3245995,58.890408,0.0701,843.9345287,40.128174,40.288094,41.02503,40.114227,39.880505,39.913235,41.630505,40.68869,41.36228,42.0064,40.823784,42.229992,43.62445,43.02499,43.74222,43.975395,44.63374,44.791138,44.931503,45.552795,45.614548,46.043274,46.28184,46.601685,45.371807,45.83659,45.94674,46.29792,46.28637,46.002014,45.79626,46.242355,46.01398,873.9564,873.5736,873.07587,872.6597,874.2647,873.759,873.1921,873.5928,872.2379,871.8782,872.21277,871.7569,871.2803,871.1048,869.9903,869.0081,868.63617,868.1219,868.84546,867.48676,867.5522,867.0943,866.83746,866.06976,867.9422,867.6051,867.6605,867.3255,867.40607,867.48175,869.96155,869.1186,868.8619,23.63182143521351,23.24900893521351,22.75126723599476,22.33512954068226,23.94011000943226,23.43437270474476,22.86747817349476,23.26817397427601,21.91331557583851,21.55357436490101,21.88816909146351,21.43229750943226,20.95567397427601,20.78019790005726,19.66569594693226,18.68351821255726,18.31156997036976,17.79728774380726,18.52085952115101,17.16215590786976,17.22758559536976,16.76969985318226,16.51286391568226,15.74516372036976,17.61760024380726,17.28050307583851,17.33592299771351,17.00090102505726,17.08146743130726,17.15715102505726,19.63694838833851,18.79399184536976,18.53727797818226,corn,corn,corn,corn,corn,corn,corn,corn,corn,corn,corn,corn,corn,corn,corn,corn,corn,0,0,1,1,1,1,1,1,1,1,1,1,1,1,1,1,1,1,1,1,1,1,1,1,1,1
grid11,-100.763112379375,39.339797450000006,1,4,grid4,0,0.0,849.0848177731201,72.83805600000001,0.0738,62.7888,906.7233287,850.3245995,58.890408,0.0701,843.9345287,40.393116,40.567814,40.831066,40.34246,39.805237,40.155033,40.987232,40.55632,40.741222,42.081707,40.248074,41.629765,43.741623,43.251408,44.007725,43.546997,44.286945,44.51719,44.65694,45.25612,45.310734,45.74279,45.954266,46.935287,45.876316,46.220135,46.340004,46.692486,46.67617,46.546696,46.216522,46.68095,46.608974,873.3723,872.8941,872.23315,871.9806,873.42316,873.0307,872.56696,872.66565,871.78406,871.28326,871.6429,871.13947,870.6183,870.26263,869.0927,867.9438,867.5675,867.0612,867.6872,866.3699,866.445,865.9864,865.7316,865.2022,866.7521,866.3844,866.4292,866.07495,866.1834,866.24646,868.3506,867.62646,867.45776,24.287496680004892,23.809286230786142,23.148336523754892,22.895773047192392,24.338338965161142,23.945882910473642,23.482137793286142,23.580831640942392,22.699239844067392,22.198446387036142,22.558065527661142,22.054647558911142,21.533468359692392,21.177816504223642,20.007894629223642,18.858968847973642,18.482687109692392,17.976400488598642,18.602377051098642,17.285055273754892,17.360189551098642,16.901571387036142,16.646810644848642,16.117391699536142,17.667257422192392,17.299581640942392,17.344381445629892,16.990133398754892,17.098592871411142,17.161642187817392,19.265768164379892,18.541647070629892,18.372945898754892,wheat,fallow,wheat,corn,fallow,wheat,corn,sorghum,corn,wheat,corn,corn,corn,fallow,wheat,corn,fallow,0,5,0,0,0,0,0,0,0,0,0,0,0,0,0,0,0,0,0,0,0,0,0,0,0,0
grid12,-100.763103373125,39.34708261166667,1,5,grid4,0,0.0,847.121501952744,81.77784000000001,0.0754,62.7888,906.7233287,850.3245995,58.890408,0.0701,843.9345287,40.661034,40.849,41.03229,40.565887,40.041775,40.39275,41.025356,40.811417,40.722713,42.15666,40.28941,41.678154,43.86063,43.191505,43.96174,43.765347,44.53051,44.767365,44.945095,45.537632,45.59487,46.035545,46.24806,46.92856,46.49813,46.83482,46.888092,47.23029,47.218086,47.10438,46.757736,47.185158,47.172585,872.795,872.2467,871.56866,871.38763,872.7117,872.31323,871.887,871.9176,871.2753,870.72516,871.0728,870.51385,869.9741,869.3834,868.2712,867.2269,866.8131,866.3809,866.81354,865.57904,865.69476,865.2132,864.97437,864.3117,865.73413,865.3188,865.449,865.0728,865.2025,865.2526,866.9836,866.3609,866.2912,25.673480957412266,25.125202148818516,24.447162598037266,24.266132324599766,25.590167969131016,25.191730469131016,24.765521973037266,24.796100586318516,24.153827637099766,23.603656738662266,23.951312988662266,23.392353027724766,22.852619141006016,22.261920898818516,21.149677246474766,20.105426758193516,19.691608398818516,19.259418457412266,19.692035644912266,18.457538574599766,18.573261230849766,18.091693848037266,17.852863281631016,17.190204590224766,18.612628906631016,18.197284668349766,18.327472656631016,17.951312988662266,18.081012695693516,18.131122558974766,19.862079590224766,19.239398926162266,19.169696777724766,other,other,other,other,corn,corn,corn,corn,wheat,corn,corn,corn,corn,corn,corn,corn,corn,4,1,0,0,0,0,0,0,0,0,0,0,0,0,0,0,0,0,0,0,0,0,0,0,0,0
grid13,-100.75380860951388,39.31066412999999,2,0,grid5,0,0.0,852.8564449222561,68.049648,0.0715,64.3128,909.2264336,851.6577088,78.732888,0.0772,844.9136336,39.972294,40.04425,40.815712,40.26357,39.67719,40.10599,42.17555,40.396034,42.00716,42.5032,40.6293,42.716553,44.003613,43.002655,43.75407,43.64323,44.24305,44.383858,44.42747,45.043766,44.865463,45.533722,45.743923,46.227463,44.425465,45.11287,45.25455,45.604053,45.601963,45.03607,45.06639,45.48806,44.973896,873.55597,873.5517,873.0042,873.0686,873.9028,873.85126,873.0963,873.65137,871.62085,871.80286,872.17004,871.9042,871.41034,872.0533,870.876,869.84045,869.4579,868.80383,869.76184,868.3682,868.3255,867.85504,867.6332,866.91644,868.83276,868.64655,868.39496,868.0777,868.0805,868.158,870.7634,869.8043,869.40875,20.69952431602519,20.69525185508769,20.14776650352519,20.21215859336894,21.04632607383769,20.99481240196269,20.23986855430644,20.79492226524394,18.76440468711894,18.94641152305644,19.31359902305644,19.04772988243144,18.55389443321269,19.19683876915019,18.01953164024394,16.98400917930644,16.60144081993144,15.94738808555644,16.90539589805644,15.51178017540019,15.46905556602519,14.99859658165019,14.77673378868144,14.05999794883769,15.97631874961894,15.79010048790019,15.53851357383769,15.22125283165019,15.22406044883769,15.30157509727519,17.90698281211894,16.94787636680644,16.55230751915019,fallow,wheat,corn,fallow,other,corn,corn,corn,corn,wheat,corn,corn,corn,corn,corn,corn,fallow,1,2,0,0,0,0,0,0,0,0,0,0,0,0,0,0,0,0,0,0,0,0,0,0,0,0
grid14,-100.75379588354167,39.317941595,2,1,grid5,3,0.15789473684210525,851.163580811928,55.555896000000004,0.0655,64.3128,909.2264336,851.6577088,78.732888,0.0772,844.9136336,40.208942,40.304596,41.050117,40.519493,39.93247,40.376324,42.31735,40.699757,42.073326,42.603237,40.822136,42.838913,44.1479,43.23481,44.000347,44.097923,44.699768,44.82399,44.89901,45.53326,45.560955,46.030254,46.256676,46.56357,44.757828,45.38383,45.51188,45.862972,45.857056,45.375065,45.326977,45.766937,45.335983,872.8777,872.7215,872.205,872.16235,873.1847,873.095,872.4584,872.78467,871.05145,871.00555,871.43335,871.09705,870.61914,870.90375,869.6996,868.60925,868.2376,867.58075,868.6354,867.1016,867.0748,866.6085,866.3831,865.6227,868.0701,867.8662,867.6842,867.36993,867.37836,867.46735,870.67035,869.5201,869.10925,21.714104734947,21.55791577010325,21.04143627791575,20.998772703697,22.0211115708845,21.931389891197,21.2947932115095,21.621087156822,19.88787182479075,19.84197338729075,20.269768797447,19.9334650865095,19.455559813072,19.74016674666575,18.5360041490095,17.4456721177595,17.07402905135325,16.41716869979075,17.4717951646345,15.93804272322825,15.9112482896345,15.4449396958845,15.21953686385325,14.4590998521345,16.90654858260325,16.702630125572,16.5206232896345,16.20635327010325,16.21477612166575,16.30376537947825,19.50676830916575,18.35649975447825,17.9456721177595,wheat,corn,fallow,wheat,corn,corn,fallow,wheat,corn,corn,corn,corn,fallow,wheat,corn,corn,corn,0,4,0,0,0,0,0,0,0,0,0,1,0,0,0,0,0,0,0,1,0,0,0,0,0,1
grid15,-100.75378315756944,39.32521906,2,2,grid5,0,0.0,849.7705309569361,49.6824,0.0645,57.912,908.6214298,851.4155654,48.655224,0.0655,850.7094298,40.255993,40.3942,41.16337,40.77168,39.990788,40.643982,42.46352,40.792835,42.14158,42.70095,41.261745,42.958763,44.29066,43.46622,44.171364,44.011997,44.676838,44.848915,44.957146,45.59073,45.65888,46.0884,46.327293,46.992737,45.175377,45.70596,45.843857,46.196598,46.186176,45.82515,45.67394,46.132603,45.8236,872.244,871.9622,871.46826,871.33234,872.5008,872.36566,871.8255,871.98364,870.5215,870.2777,870.6142,870.3503,869.8828,869.89124,868.5805,867.415,867.0393,866.435,867.47925,865.85913,865.8647,865.3852,865.1581,864.4354,867.0185,866.7996,866.60846,866.2839,866.3121,866.402,869.7329,868.54364,868.16534,22.473487597751387,22.191688281345137,21.697730761813887,21.561805468845137,22.730262500095137,22.595130664157637,22.054969531345137,22.213111621188887,20.750953418063887,20.507179004001387,20.843665820407637,20.579749804782637,20.112281543063887,20.120704394626387,18.809974414157637,17.644447070407637,17.268775683688887,16.664466601657637,17.708717089938887,16.088599902438887,16.094154101657637,15.614661914157637,15.387550097751387,14.664893847751387,17.247962695407637,17.029090625095137,16.837928515720137,16.513343554782637,16.541541796970137,16.631446582126387,19.962379199313887,18.773109179782637,18.394813281345137,other,other,other,other,other,other,other,other,other,other,other,other,other,other,other,other,other,17,0,0,0,0,0,0,0,0,0,0,0,0,0,0,0,0,0,0,0,0,0,0,0,0,0
grid16,-100.75377043159722,39.332496524999996,2,3,grid5,0,0.0,848.08369438548,58.844688000000005,0.0681,62.7888,906.7233287,850.3245995,58.890408,0.0701,843.9345287,40.525856,40.679638,41.414997,40.48715,40.269226,40.339092,42.152462,41.109276,41.84935,42.258137,40.681698,42.664303,43.915737,43.70726,44.43225,44.274086,44.967793,45.147903,45.29225,45.926678,46.011795,46.44076,46.68267,47.348625,45.716072,46.11747,46.23621,46.590504,46.57517,46.369125,46.094303,46.570194,46.4192,871.57733,871.1815,870.70764,870.2793,871.773,871.3437,870.8937,871.16614,869.9023,869.38434,869.9902,869.4987,868.9475,868.8966,867.5657,866.3486,865.96375,865.4547,866.39954,864.74976,864.7829,864.29224,864.0691,863.3731,865.53687,865.26135,865.1677,864.81757,864.8811,864.9588,867.8225,866.789,866.49744,23.493637157488706,23.097824169207456,22.623947216082456,22.195602489519956,23.689315868426206,23.259994579363706,22.809982372332456,23.082443309832456,21.818588329363706,21.300643993426206,21.906478954363706,21.415023876238706,20.863815380144956,20.812912059832456,19.481979442644956,18.264877391863706,17.880050731707456,17.371017528582456,18.315841747332456,16.666061473894956,16.699203563738706,16.208541942644956,15.985397411394956,15.289413524676206,17.453170848894956,17.177658153582456,17.084030223894956,16.733871532488706,16.797409130144956,16.875106884051206,19.738815380144956,18.705307079363706,18.413742137957456,fallow,other,wheat,corn,fallow,wheat,corn,corn,wheat,corn,fallow,wheat,corn,corn,fallow,wheat,corn,1,5,0,0,0,0,0,0,0,0,0,0,0,0,0,0,0,0,0,0,0,0,0,0,0,0
grid17,-100.75375770562499,39.33977399,2,4,grid4,0,0.0,846.28572040968,74.078592,0.073,62.7888,906.7233287,850.3245995,58.890408,0.0701,843.9345287,40.78186,40.948845,41.6525,40.70614,40.533554,40.586716,41.38474,41.404705,41.03789,42.340908,40.474056,41.895115,44.045204,43.94477,44.696598,44.28341,44.997505,45.1956,45.353596,45.981323,46.05809,46.477657,46.717613,47.68425,46.291122,46.584866,46.79055,47.13549,47.12347,46.935574,46.64199,47.075676,46.992664,870.95374,870.47577,870.009,869.5847,871.0739,870.5296,870.0946,870.4082,869.3785,868.6705,869.23895,868.6755,868.17883,867.9503,866.65314,865.37256,864.9599,864.4839,865.3282,863.7197,863.7632,863.26324,863.0465,862.5156,864.1364,863.91296,863.8327,863.4533,863.5499,863.6121,865.9215,865.05914,864.87805,24.66801494188246,24.19004863328871,23.72325175828871,23.29899638719496,24.78819316453871,24.24388164110121,23.80888408250746,24.12248271531996,23.09275859422621,22.38475078172621,22.95323222703871,22.38975566453871,21.89311259813246,21.66459697313246,20.36741679735121,19.08683818406996,18.67417949266371,18.19816630906996,19.04246562547621,17.43400615281996,17.47746318406996,16.97752421922621,16.76078837938246,16.22990459031996,17.85069316453871,17.62724345750746,17.54698222703871,17.16758769578871,17.26420634813246,17.32640117235121,19.63578837938246,18.77342265672621,18.59233134813246,wheat,wheat,corn,corn,fallow,wheat,corn,sorghum,corn,wheat,corn,corn,fallow,wheat,wheat,corn,fallow,0,6,0,0,0,0,0,0,0,0,0,0,0,0,0,0,0,0,0,0,0,0,0,0,0,0
grid18,-100.75374497965278,39.347051455,2,5,grid4,3,0.15789473684210525,844.6109947278961,83.161632,0.0759,62.7888,906.7233287,850.3245995,58.890408,0.0701,843.9345287,41.03127,41.20965,41.882812,40.913624,40.79145,40.80551,41.411278,41.68901,41.00321,42.409695,40.49112,41.93625,44.16033,44.1638,44.942215,44.501606,45.24039,45.444183,45.64156,46.261543,46.341354,46.769375,47.010643,48.021637,46.92017,47.13527,47.229645,47.574284,47.558678,47.534378,47.113647,47.568027,47.64471,870.3494,869.8154,869.34406,868.98285,870.37604,869.84564,869.44617,869.6779,868.886,868.11176,868.6751,868.0379,867.53485,867.1931,865.92163,864.6532,864.20215,863.8171,864.44464,862.9438,863.0258,862.5011,862.29755,861.79193,863.0243,862.8206,862.73096,862.33057,862.4505,862.49835,864.341,863.62836,863.53906,25.738431541635123,25.204434959603873,24.733060447885123,24.371854393197623,25.765042869760123,25.234647361947623,24.835172264291373,25.066922752572623,24.274991600228873,23.500760643197623,24.064115135385123,23.426908104135123,22.923856346322623,22.582120506478873,21.310636131478873,20.042203514291373,19.591153709603873,19.206082908822623,19.833646385385123,18.332791893197623,18.414823143197623,17.890103904916373,17.686551658822623,17.180936424447623,18.413297264291373,18.209622947885123,18.119962303353873,17.719571678353873,17.839505760385123,17.887357322885123,19.730008690072623,19.017362205697623,18.928067772103873,fallow,wheat,fallow,wheat,fallow,wheat,wheat,corn,corn,corn,corn,corn,corn,corn,corn,corn,corn,0,4,0,0,1,0,0,0,0,0,1,0,0,0,0,0,0,1,0,0,0,0,0,0,0,1
grid19,-100.74446881465276,39.31067145666666,3,0,grid10,17,0.8947368421052632,851.6577087888721,78.732888,0.0772,64.3128,909.2264336,851.6577088,78.732888,0.0772,844.9136336,40.4634,40.535477,41.297768,40.72703,40.163517,40.621174,41.84044,40.934093,41.56905,42.760303,40.311195,42.153427,44.285072,43.318558,44.107304,44.174927,44.78446,44.894672,44.988914,45.61863,45.64221,46.126728,46.3521,46.629128,44.88276,45.477276,45.600483,45.95236,45.94563,45.490982,45.428543,45.880417,45.4781,871.0888,870.99585,870.3902,870.507,871.3123,871.23755,870.5851,870.9343,869.04663,869.2394,869.755,869.5863,868.941,869.44916,868.22595,866.9792,866.58386,866.0339,867.083,865.4373,865.4113,864.88007,864.6806,863.8369,865.8779,865.7012,865.55096,865.2197,865.226,865.30115,868.02686,866.9741,866.58777,19.431097363471622,19.338140820502872,18.732488965034122,18.849310254096622,19.654608105659122,19.579840039252872,18.927374218940372,19.276617383002872,17.388922070502872,17.581671093940372,18.097296093940372,17.928594922065372,17.283270215034122,17.791448925971622,16.568243359565372,15.321478222846622,14.926153515815372,14.376165722846622,15.425299023627872,13.779608105659122,13.753607129096622,13.222357129096622,13.022894238471622,12.179205273627872,14.220220898627872,14.043463086127872,13.893255566596622,13.562017773627872,13.568304394721622,13.643438672065372,16.369146679877872,15.316412304877872,14.930059765815372,fallow,soybeans,wheat,soybeans,corn,corn,corn,sorghum,corn,sorghum,other,other,other,other,other,other,other,7,1,1,1,1,1,1,1,1,1,1,1,1,1,1,1,0,1,1,1,1,1,1,1,1,0
grid20,-100.74445236895832,39.317941225000006,3,1,grid10,2,0.10526315789473684,849.6506871082321,65.693544,0.0693,64.3128,909.2264336,851.6577088,78.732888,0.0772,844.9136336,40.450428,40.57125,41.370968,40.96105,40.17033,40.867577,42.070713,40.975365,41.729343,42.860115,41.160454,42.45217,44.43009,43.54085,44.23769,44.41415,45.051247,45.189095,45.28679,45.92884,45.981384,46.451492,46.68074,47.048683,45.176537,45.72045,45.830944,46.184647,46.17448,45.789288,45.658813,46.128654,45.79474,870.4517,870.23444,869.67944,869.63,870.6279,870.49603,870.00867,870.1599,868.5591,868.4184,868.96704,868.7509,868.1588,868.40625,867.1716,865.72565,865.34326,864.79456,865.961,864.1403,864.0931,863.5944,863.3946,862.5475,865.2613,865.08514,864.99176,864.66394,864.6679,864.75665,868.2009,866.91223,866.49115,20.80103408317416,20.58374892692416,20.02875625114291,19.97931777458041,20.97724257926791,20.84534560661166,20.35797988395541,20.50922500114291,18.90839492301791,18.76770888786166,19.31635390739291,19.10022841911166,18.50812636833041,18.75556289176791,17.52088271598666,16.07495986442416,15.692574610517909,15.143868555830409,16.31031142692416,14.489632715986659,14.442391505049159,13.943734278486659,13.743905176924159,12.896798243330409,15.610604395674159,15.434456934736659,15.341073145674159,15.013253321455409,15.017220606611659,15.105965723799159,18.55024062614291,17.26154433708041,16.84046279411166,corn,other,corn,corn,corn,corn,corn,corn,corn,corn,fallow,wheat,corn,corn,fallow,wheat,corn,1,2,0,1,0,0,0,0,0,0,1,1,0,0,0,0,0,0,0,0,0,0,0,0,0,0
grid21,-100.7444359232639,39.325210993333336,3,2,grid10,0,0.0,848.036497266768,55.842408000000006,0.0642,64.3128,909.2264336,851.6577088,78.732888,0.0772,844.9136336,40.696358,40.831306,41.59813,41.19532,40.422947,41.11551,42.241413,41.268147,41.809242,42.957024,41.281193,42.58717,44.57351,43.770756,44.50623,44.6575,45.323112,45.492157,45.59363,46.244267,46.31369,46.781693,47.014736,47.389782,45.572308,46.027046,46.14909,46.50467,46.49025,46.21826,45.990498,46.4788,46.259212,869.7799,869.44824,868.9534,868.8192,869.9186,869.7822,869.37305,869.3868,868.0461,867.67017,868.2929,867.9788,867.43176,867.3845,866.0144,864.56854,864.18866,863.5873,864.88086,862.9407,862.91974,862.4055,862.2078,861.3923,864.288,864.10876,863.98627,863.6464,863.66534,863.7556,867.3733,866.0265,865.62616,21.743409959794462,21.411744920731962,20.916932909013212,20.782716600419462,21.882081834794462,21.745729295731962,21.336549608231962,21.350282518388212,20.009584276200712,19.633668748856962,20.256410448075712,19.942323534013212,19.395265428544462,19.348024217606962,17.977907030106962,16.532045213700712,16.152162401200712,15.550783006669462,16.844362108231962,14.904176561356962,14.883241502763212,14.369020311356962,14.171327440263212,13.355775682450712,16.251527635575712,16.072267381669462,15.949769823075712,15.609926073075712,15.628846971513212,15.719117967606962,19.336793748856962,17.989991991044462,17.589662401200712,fallow,other,other,other,other,other,other,other,fallow,wheat,wheat,corn,fallow,wheat,corn,corn,fallow,7,3,0,1,0,0,1,0,0,0,0,0,0,0,0,0,0,0,0,0,0,0,0,0,0,0
grid22,-100.74441947756945,39.332480761666666,3,3,grid10,1,0.05263157894736842,845.9988169916161,63.319152,0.0666,59.436,902.756926,842.0930461,86.285832,0.0663,843.320926,40.95391,41.102253,41.834995,41.440563,40.686928,41.37618,42.11679,41.567966,41.75533,43.05674,41.00604,42.57061,44.72506,44.007908,44.763355,44.909943,45.605762,45.781265,45.916847,46.571335,46.645657,47.12403,47.360886,47.74293,46.15018,46.464794,46.56698,46.92434,46.90483,46.800774,46.441807,46.94667,46.899597,869.0887,868.6614,868.21136,868.03424,869.1813,869.04865,868.609,868.5992,867.51434,866.95166,867.53064,867.156,866.70483,866.4051,864.99207,863.52185,863.13086,862.6311,863.83685,861.85266,861.8902,861.3272,861.1343,860.34973,862.59875,862.3502,862.3321,861.95685,862.0177,862.0907,864.9894,863.8809,863.5828,23.08986709041517,22.66255996150892,22.21254775447767,22.03542373104017,23.18245742244642,23.04982802791517,22.61019179744642,22.60036513729017,21.51552627010267,20.95284316463392,21.53182265682142,21.15718886775892,20.70601699275892,20.40627334041517,18.99324843807142,17.52303359432142,17.13204238338392,16.63228652400892,17.83803603572767,15.853844141196419,15.891380762290169,15.328392481040169,15.135460352133919,14.350914453696419,16.59993789119642,16.35140273494642,16.33327529354017,15.958031152915169,16.01888320369642,16.09188125057142,18.99056289119642,17.88210341854017,17.58400771541517,fallow,wheat,corn,fallow,wheat,corn,corn,corn,corn,wheat,corn,fallow,wheat,corn,corn,fallow,wheat,0,5,0,0,0,1,0,0,0,0,1,0,0,0,0,0,0,0,0,0,0,0,0,0,0,0
grid23,-100.744403031875,39.33975053,3,4,grid9,19,1.0,843.8015929695121,78.147672,0.0719,65.532,905.1778924,838.2920254,92.208096,0.0691,839.6458924,41.19907,41.358498,42.05933,40.48127,40.937706,40.504444,41.769176,41.848343,41.343803,42.13976,41.002033,42.152554,43.916588,44.23151,45.024364,44.131657,44.83668,45.058723,45.232674,45.847206,45.972965,46.41344,46.649685,48.07671,46.765144,47.06472,47.130177,47.477486,47.462006,47.36737,46.998245,47.457867,47.46967,868.4305,867.9405,867.51074,867.18896,868.4708,868.2813,867.7118,867.8526,866.9001,866.25635,866.93744,866.30524,865.9474,865.5538,864.06683,862.59766,862.16046,861.72394,862.80817,860.87024,860.8869,860.3505,860.16064,859.52374,861.28876,860.9894,860.9984,860.5919,860.68494,860.7411,863.02826,862.1133,861.92114,24.628887987519192,24.138897753144192,23.709149217987942,23.387371874237942,24.669232225800442,24.479718065644192,23.910199022675442,24.051007128144192,23.098492479706692,22.454754686737942,23.135845995331692,22.503643846894192,22.145794725800442,21.752179003144192,20.265240526581692,18.796063280487942,18.358868456269192,17.922345018769192,19.006573534394192,17.068646288300442,17.085308885956692,16.548931932831692,16.359051561737942,15.722149706269192,17.487164354706692,17.187786913300442,17.196820116425442,16.790325975800442,16.883343553925442,16.939495897675442,19.226666307831692,18.311688280487942,18.119549608612942,corn,corn,corn,corn,corn,corn,corn,corn,corn,corn,corn,corn,corn,wheat,corn,corn,corn,0,1,1,1,1,1,1,1,1,1,1,1,1,1,1,1,1,1,1,1,1,1,1,1,1,1
grid24,-100.74438658618055,39.347020298333334,3,5,grid9,4,0.21052631578947367,841.8879981459601,86.91981600000001,0.0763,65.532,905.1778924,838.2920254,92.208096,0.0691,839.6458924,41.437714,41.6064,42.27668,40.61409,41.18159,40.64361,41.78535,42.117565,41.289124,42.172035,40.75174,42.1877,43.99891,44.447773,45.266754,44.31419,45.036892,45.260002,45.470768,46.076206,46.20667,46.656116,46.8927,48.412037,47.94773,48.338238,48.409515,48.571735,48.55428,48.554817,48.07502,48.545513,48.51256,867.78687,867.2615,866.83167,866.5864,867.7653,867.6239,867.0699,867.1236,866.4251,865.7014,866.3257,865.6508,865.3041,864.7952,863.335,861.916,861.43884,861.1122,861.9525,860.1551,860.20337,859.64166,859.4616,858.8508,860.2881,860.0011,859.99023,859.53235,859.64655,859.7121,861.4619,860.71606,860.61444,25.89886708841493,25.37347646341493,24.94366689310243,24.69842763528993,25.87732167825868,25.73590322122743,25.18188710794618,25.23559804544618,24.53711171732118,23.81341786966493,24.43768544778993,23.76281972513368,23.41607900247743,22.90722890482118,21.44702382669618,20.02801747903993,19.55084462747743,19.22418447122743,20.06451650247743,18.26709218607118,18.31537099466493,17.75366445169618,17.57361074075868,16.96283193216493,18.40008779153993,18.11310048685243,18.10223622903993,17.64435048685243,17.75854726419618,17.82409902200868,19.57391591653993,18.82806630716493,18.72644277200868,fallow,wheat,corn,fallow,wheat,corn,corn,sorghum,corn,fallow,corn,corn,corn,fallow,wheat,corn,fallow,0,3,0,0,0,0,0,0,0,0,0,0,0,0,0,1,1,0,1,1,0,0,0,0,0,0
grid25,-100.73512901979166,39.31067878333333,4,0,grid10,18,0.9473684210526315,848.862344530488,85.20684000000001,0.0759,62.7888,908.6439494,848.8623445,85.20684,0.0759,845.8551494,40.90838,40.95831,41.71663,41.177406,40.536648,41.121784,42.249184,41.404343,41.951973,43.005836,40.59061,42.540043,44.553143,43.628597,44.479248,44.491116,45.135963,45.289692,45.38167,46.014797,46.0633,46.5478,46.7764,47.02098,45.994457,46.609005,46.72142,47.06738,47.039074,46.58426,46.53074,47.000473,46.56085,868.7261,868.5547,867.8659,868.0092,868.82587,868.6838,868.1547,868.2714,866.57684,866.7556,867.3311,867.1983,866.5317,866.86993,865.40393,864.141,863.7344,863.0843,864.41705,862.531,862.4952,861.93384,861.7521,860.8017,862.6985,862.51056,862.2274,861.8693,861.89276,861.95935,864.40784,863.3898,863.04834,19.86372968826197,19.69234296951197,19.00356123123072,19.14687177810572,19.96352216873072,19.82143232498072,19.29237959060572,19.40907880935572,17.71449873123072,17.89327070388697,18.46877119216822,18.33595869216822,17.66933271560572,18.00758955154322,16.54158613357447,15.27864668044947,14.87203046951197,14.22194502029322,15.55470869216822,13.66866132888697,13.63283369216822,13.07149336013697,12.88973066482447,11.93935224685572,13.83614179763697,13.64821455154322,13.36507246169947,13.00697919998072,13.03041669998072,13.09700605544947,15.54549238357447,14.52742597732447,14.18599531326197,corn,corn,corn,corn,corn,corn,corn,corn,corn,corn,corn,corn,corn,corn,corn,corn,corn,0,0,1,1,1,1,1,1,1,1,1,1,1,1,1,1,1,1,1,1,1,1,1,0,1,1
grid26,-100.735108854375,39.317940855,4,1,grid10,0,0.0,847.553401172256,76.05674400000001,0.0698,62.7888,908.6439494,848.8623445,85.20684,0.0759,845.8551494,40.92213,41.033134,41.82247,41.394203,40.619408,41.349304,42.41557,41.489162,42.025597,43.10615,40.794296,42.6804,44.699013,43.84586,44.59756,44.724014,45.3957,45.574703,45.667645,46.316795,46.393723,46.86445,47.096752,47.442307,46.32999,47.011536,47.127087,46.71149,46.696228,46.96834,46.209972,46.707973,46.510677,868.0733,867.784,867.1855,867.1518,868.13477,867.95483,867.52765,867.55286,866.05945,865.90906,866.5914,866.3625,865.7621,865.89325,864.4249,862.8768,862.4842,861.8344,863.32135,861.21643,861.1529,860.6216,860.44305,859.51776,861.7773,861.5745,861.34924,860.9374,860.9697,861.0853,863.88635,862.73846,862.3795,20.51990205040022,20.23059540977522,19.63208466758772,19.59839326133772,20.58136445274397,20.40143281211897,19.97424775352522,19.99945527305647,18.50604706993147,18.35565644493147,19.03796845665022,18.80908662071272,18.20868378868147,18.33984833946272,16.87152558555647,15.32336884727522,14.93079072227522,14.28101044883772,15.76794892540022,13.66302949180647,13.59949189415022,13.06818085899397,12.88965302696272,11.96436005821272,14.22388154258772,14.02112275352522,13.79584199180647,13.38397675743147,13.41632539024397,13.53192597618147,16.33295136680647,15.18506318321272,14.82611542930647,fallow,wheat,wheat,corn,soybeans,corn,corn,sorghum,corn,corn,corn,corn,wheat,wheat,corn,corn,corn,0,4,0,0,0,0,0,0,0,0,0,0,0,0,0,0,0,0,0,0,0,0,0,0,0,0
grid27,-100.73508868895834,39.32520292666666,4,2,grid10,4,0.21052631578947367,845.9875804695121,68.653152,0.0654,59.436,902.756926,842.0930461,86.285832,0.0663,843.320926,41.129517,41.261868,42.026085,41.61289,40.847492,41.579998,42.58308,41.74343,42.09681,43.202965,40.8417,42.81567,44.8431,44.070538,44.860695,44.96292,45.662624,45.8572,45.965187,46.626377,46.720127,47.189022,47.424973,47.77917,46.733906,47.32515,47.450882,47.807556,47.793427,47.40572,47.265,47.76294,47.42006,867.39355,867.0016,866.5007,866.35547,867.4275,867.25586,866.9084,866.83795,865.58594,865.1385,865.899,865.5879,865.0503,864.89685,863.2685,861.7001,861.3115,860.71954,862.2599,859.9933,859.95123,859.40045,859.22687,858.36847,860.6657,860.44934,860.20276,859.8097,859.86053,859.934,862.7821,861.62445,861.2927,21.405974217987932,21.014006444550432,20.513090917206682,20.367888280487932,21.439909764862932,21.268278905487932,20.920805760956682,20.850371190644182,19.598357030487932,19.150908300019182,19.911406346894182,19.600310155487932,19.062712499237932,18.909270116425432,17.280913182831682,15.712492772675432,15.323942967987932,14.731962987519182,16.272307225800432,14.005705663300432,13.963652440644182,13.412871190644182,13.239287206269182,12.380888768769182,14.678129979706682,14.461760350800432,14.215178319550432,13.822111913300432,13.872954198456682,13.946440526581682,16.794524022675432,15.636870214081682,15.305144139862932,corn,wheat,corn,corn,corn,corn,corn,corn,corn,corn,corn,corn,corn,corn,corn,corn,corn,0,1,0,0,1,0,0,0,0,0,0,0,1,0,0,1,0,0,0,0,0,0,1,0,0,1
grid28,-100.73506852354167,39.33246499833333,4,3,grid10,7,0.3684210526315789,843.888527196456,74.3712,0.0667,59.436,902.756926,842.0930461,86.285832,0.0663,843.320926,41.375786,41.519493,42.24903,41.843372,41.097935,41.82396,42.629944,42.025787,42.11698,43.301327,40.87563,42.889404,44.995407,44.30348,45.11378,45.212166,45.94183,46.14166,46.281635,46.949097,47.047916,47.527298,47.76699,48.12963,47.268143,47.704456,47.827766,48.186947,48.168888,47.923893,47.66981,48.183758,47.9883,866.6838,866.21277,865.78613,865.5784,866.6892,866.5362,866.2115,866.09503,865.1028,864.4046,865.25555,864.7933,864.3355,863.93726,862.22595,860.6434,860.24426,859.76105,861.2341,858.898,858.9098,858.3058,858.13837,857.34015,859.15375,859.0867,858.873,858.44934,858.5282,858.5901,861.0125,859.99097,859.7283,22.79524965901271,22.32424135823146,21.89760561604396,21.68990297932521,22.80068178791896,22.64766665120021,22.32295961995021,22.20650454182521,21.21425600666896,20.51607485432521,21.36702700276271,20.90474672932521,20.44698305745021,20.04872866291896,18.33742495198146,16.75484438557521,16.35573549885646,15.872520166825211,17.34554262776271,15.009483057450211,15.021262842606461,14.417258936356461,14.249839502762711,13.451621729325211,15.265220362137711,15.198142725418961,14.984458643387711,14.560813623856461,14.639671045731461,14.701560694168961,17.12398501057521,16.10243960041896,15.839744287918961,wheat,corn,fallow,wheat,corn,corn,fallow,wheat,corn,fallow,wheat,corn,corn,corn,corn,corn,corn,0,4,0,0,1,0,0,1,0,0,0,1,1,0,1,0,0,0,0,1,0,1,1,0,0,0
grid29,-100.735048358125,39.339727069999995,4,4,grid9,4,0.21052631578947367,841.5404100598321,85.078824,0.0704,65.532,905.1778924,838.2920254,92.208096,0.0691,839.6458924,41.61045,41.762856,42.460255,40.82512,41.3352,40.9262,42.54633,42.289955,42.01157,42.372963,41.3406,42.885574,44.190132,44.534916,45.370667,44.416096,45.154778,45.39875,45.57683,46.20511,46.370384,46.79609,47.035614,48.461384,47.836647,48.272892,48.345688,48.6941,48.6784,48.441597,48.17342,48.644016,48.506016,865.9932,865.48267,865.0886,864.7257,865.97253,865.70123,865.4548,865.36755,864.65063,863.6241,864.5287,863.9858,863.50287,863.00525,861.279,859.75214,859.30756,858.9006,860.2442,857.9643,857.8357,857.36884,857.20404,856.5555,858.0076,857.8417,857.70624,857.25464,857.3569,857.4036,859.3355,858.47,858.29315,24.452815037824166,23.942255955792916,23.548212987042916,23.185297947980416,24.432124119855416,24.160822850324166,23.914362889386666,23.827143651105416,23.110224705792916,22.083674412824166,22.988276463605416,22.445368748761666,21.962458592511666,21.464838963605416,19.738581639386666,18.211726170636666,17.767146092511666,17.360163670636666,18.703791600324166,16.423884373761666,16.295283299542916,15.828425389386666,15.663630467511666,15.015070897199166,16.467219334699166,16.301264744855416,16.165827733136666,15.714228612042916,15.816462498761666,15.863215428449166,17.795100194074166,16.929560643292916,16.752741795636666,wheat,corn,fallow,wheat,corn,corn,corn,corn,fallow,wheat,corn,fallow,wheat,corn,corn,corn,corn,0,4,0,1,0,1,0,0,0,0,0,1,1,0,1,0,0,0,0,0,0,0,0,0,0,1
grid30,-100.73502819270834,39.34698914166667,4,5,grid9,0,0.0,839.496069727896,91.290648,0.0742,65.532,905.1778924,838.2920254,92.208096,0.0691,839.6458924,41.85397,42.012646,42.67941,40.95638,41.579666,41.046425,42.23246,42.5595,41.655167,42.398514,41.017635,42.51029,44.2716,44.747906,45.609077,44.59573,45.352036,45.59567,45.812122,46.429417,46.599453,47.034317,47.27431,48.794502,48.42237,48.70885,49.769066,49.13929,49.121,49.878895,48.653366,49.14444,49.17039,865.21655,864.6984,864.30664,864.0311,865.167,865.0567,864.7552,864.5494,864.06744,863.0793,863.9068,863.25116,862.8605,862.2617,860.56165,859.128,858.6392,858.36255,859.4255,857.3311,857.22754,856.7318,856.573,855.95984,857.082,856.9107,856.83954,856.29974,856.4163,856.52155,857.9554,857.23254,857.13446,25.720483006478958,25.202355565072708,24.810570897103958,24.535058201791458,25.670922459603958,25.560631932260208,25.259118260385208,25.053307713510208,24.571374119760208,23.583214940072708,24.410729588510208,23.755089940072708,23.364403904916458,22.765649022103958,21.065575779916458,19.631920994760208,19.143151463510208,18.866479100228958,19.929406346322708,17.835045994760208,17.731469334603958,17.235741795541458,17.076928318978958,16.463769139291458,17.585900486947708,17.414635838510208,17.343468846322708,16.803673924447708,16.920251072885208,17.025475682260208,18.459313572885208,17.736474217416458,17.638390721322708,fallow,wheat,fallow,wheat,fallow,wheat,fallow,wheat,fallow,wheat,corn,fallow,wheat,fallow,sorghum,corn,fallow,0,6,0,0,0,0,0,0,0,0,0,0,0,0,0,0,0,0,0,0,0,0,0,0,0,0
grid31,-100.72578922493055,39.31068610999999,5,0,grid10,18,0.9473684210526315,846.071705565168,85.133688,0.074,62.7888,908.6439494,848.8623445,85.20684,0.0759,845.8551494,41.40062,41.432926,42.184177,41.649174,40.97624,40.76889,42.597084,41.943386,42.255943,42.383945,40.86752,42.76992,44.826717,44.75403,45.57672,44.8171,45.49847,45.667,45.788284,46.423306,46.49757,46.98187,47.214134,48.218307,46.678688,47.355213,47.4418,47.798965,47.7722,47.286777,47.25605,47.706715,47.273697,866.2081,865.96295,865.1697,865.3682,866.19214,866.08923,865.5447,865.40265,863.8981,864.2528,864.796,864.69006,863.996,864.31696,862.73596,861.1948,860.7745,860.2515,861.63055,859.5169,859.4718,858.8801,858.7125,857.7716,859.1903,858.9898,858.837,858.4467,858.4952,858.5504,860.53143,859.61444,859.32825,20.13642431764447,19.89124609498822,19.09797216920697,19.29651953248822,20.12043310670697,20.01752783326947,19.47297216920697,19.33094336061322,17.82636572389447,18.18110205201947,18.72431494264447,18.61835791139447,17.92426611451947,18.24525000123822,16.66425634889447,15.123118653581969,14.702769532488219,14.179820313738219,15.558848634050719,13.445201173113219,13.400096192644469,12.808421387956969,12.640818848894469,11.699900880144469,13.118602052019469,12.918101563738219,12.765269532488219,12.375010743425719,12.423472657488219,12.478709473894469,14.459727540300719,13.542735352800719,13.256541505144469,corn,corn,corn,corn,corn,corn,corn,corn,corn,corn,corn,corn,corn,corn,corn,corn,corn,0,0,1,1,1,1,1,1,1,1,1,0,1,1,1,1,1,1,1,1,1,1,1,1,1,1
grid32,-100.72576533979165,39.317940485,5,1,grid10,18,0.9473684210526315,845.1684304695121,82.4484,0.0698,59.436,902.756926,842.0930461,86.285832,0.0663,843.320926,41.583927,41.633163,42.361084,41.845074,41.172447,41.850334,42.76233,42.16658,42.3209,43.35839,41.068466,42.912212,44.97361,44.957783,45.78707,45.045162,45.75279,45.93467,46.063847,46.719067,46.821384,47.292477,47.528286,48.529728,46.904408,47.462303,47.559605,47.915855,47.90242,47.553345,47.393967,47.89896,47.600445,865.55566,865.20215,864.54407,864.5549,865.5113,865.28674,864.9328,864.7647,863.44147,863.2995,864.0637,863.85486,863.24335,863.27954,861.67725,859.8973,859.49225,859.0143,860.54706,858.16034,858.08093,857.5175,857.3563,856.5021,857.9762,857.73315,857.651,857.2378,857.303,857.36237,859.48804,858.52185,858.2327,20.387233592987855,20.033717967987855,19.375636913300355,19.386440135956605,20.342861034394105,20.118312694550355,19.764369823456605,19.596279003144105,18.273036815644105,18.131069042206605,18.895290233612855,18.686427928925355,18.074916698456605,18.111110546112855,16.508815624237855,14.728847362519105,14.323818065644105,13.845851757050355,15.378627635956605,12.991908885956605,12.912502147675355,12.349086620331605,12.187892772675355,11.333644725800355,12.807765819550355,12.564723827362855,12.482570507050355,12.069362499237855,12.134548046112855,12.193935253144105,14.319606639862855,13.353420116425355,13.064296581269105,corn,corn,corn,corn,corn,corn,corn,corn,corn,corn,corn,corn,corn,corn,corn,corn,corn,0,0,1,1,1,1,1,1,1,1,1,1,1,1,1,1,0,1,1,1,1,1,1,1,1,1
grid33,-100.72574145465278,39.325194859999996,5,2,grid10,14,0.7368421052631579,843.903242577744,81.62544000000001,0.0666,59.436,902.756926,842.0930461,86.285832,0.0663,843.320926,41.778164,41.84415,42.546227,42.050323,41.378384,42.066208,42.92802,42.39669,42.385292,43.45624,41.10569,43.049065,45.118313,45.1599,46.01506,45.28051,46.01568,46.236595,46.352066,47.024014,47.143135,47.612755,47.852047,48.85054,47.31329,47.780014,47.886963,48.24639,48.229256,47.99563,47.741,48.262493,48.08396,864.90717,864.45074,863.93335,863.76855,864.83875,864.60406,864.3341,864.1519,863.0209,862.49976,863.385,863.08325,862.5566,862.31537,860.5952,858.66907,858.27136,857.6924,859.4907,856.8785,856.81665,856.2286,856.0756,855.31024,856.7573,856.49744,856.39386,855.95154,856.037,856.0922,858.11993,857.17163,856.9122,21.00392294959977,20.54750205116227,20.03010703163102,19.86531210975602,20.93550253944352,20.70082236366227,20.43086386756852,20.24867392616227,19.11763144569352,18.59651328163102,19.48176718788102,19.18000937538102,18.65333701209977,18.41212607459977,16.69197226600602,14.765824805068519,14.368119726943519,13.789140234756019,15.587480078506019,12.975236426162269,12.913407812881019,12.325334082412269,12.172379980849769,11.406999121474769,12.854081641006019,12.594193945693519,12.490617285537269,12.048295508193519,12.133744726943519,12.188981543349769,14.216691504287269,13.268388281631019,13.008927832412269,corn,corn,corn,corn,corn,corn,corn,corn,corn,corn,corn,corn,corn,corn,corn,corn,corn,0,0,1,1,1,1,1,1,1,1,1,0,1,1,1,1,0,0,0,0,1,1,1,1,1,1
grid34,-100.72571756951389,39.33244923499999,5,3,grid10,13,0.6842105263157895,842.0930460945121,86.285832,0.0663,57.912,900.4343262,840.7802704,90.498168,0.0646,842.5223262,42.241558,42.320805,43.04082,42.267277,41.910122,42.294876,43.10463,42.923855,42.445427,43.554234,41.129215,43.1872,45.271442,45.196632,46.089787,45.527214,46.292034,46.51714,46.66112,47.343266,47.46763,47.94797,48.190914,49.18628,47.80024,48.256268,48.139606,48.686047,48.671024,48.340683,48.165085,48.63756,48.482716,864.2041,863.6737,863.271,862.9979,864.12915,863.8989,863.6881,863.4886,862.5978,861.7459,862.761,862.31366,861.8637,861.3685,859.55835,857.56976,857.16394,856.69763,858.47217,855.73914,855.7284,855.08,854.9353,854.2468,855.48846,855.2429,855.1621,854.694,854.80115,854.8465,856.5657,855.706,855.5016,22.111055467987853,21.580659960175353,21.177949999237853,20.904878710175353,22.036104296112853,21.805879686737853,21.595064257050353,21.395540331269103,20.504732225800353,19.652864550019103,20.667940233612853,20.220613573456603,19.770662401581603,19.275484178925353,17.465303514862853,15.476717089081603,15.070894335175353,14.604585741425353,16.379121874237853,13.646089647675353,13.635347460175353,12.986970995331603,12.842256639862853,12.153780077362853,13.395418260956603,13.149873827362853,13.069063280487853,12.600923632050353,12.708101366425353,12.753450487519103,14.472627733612853,13.612947557831603,13.408540819550353,wheat,corn,corn,corn,corn,corn,corn,corn,sorghum,corn,corn,corn,corn,corn,corn,corn,corn,0,1,0,1,0,1,1,0,1,1,1,0,1,1,1,1,0,0,0,1,1,1,1,1,0,1
grid35,-100.72569368437499,39.33970361,5,4,grid9,19,1.0,839.9987367195121,90.656664,0.0676,65.532,905.1778924,838.2920254,92.208096,0.0691,839.6458924,42.044075,42.189133,42.882477,41.192245,41.7531,41.341877,42.92722,42.75936,42.316856,42.598335,41.122635,43.140472,44.450943,44.829094,45.69642,44.714123,45.488113,45.755142,45.937054,46.58072,46.757088,47.197506,47.44081,48.863434,48.351086,48.70172,49.750313,49.10606,49.08845,49.833958,48.61667,49.11003,49.109093,863.4535,862.9178,862.55743,862.1398,863.385,863.1845,863.0143,862.76215,862.17773,861.08545,862.2293,861.58295,861.13947,860.5026,858.516,856.71967,856.2683,855.891,857.52893,854.86304,854.82056,854.1911,854.0484,853.39526,854.4996,854.181,854.22144,853.676,853.7974,853.88153,855.2087,854.4568,854.3151,23.454754491425433,22.919048925019183,22.558697362519183,22.141033788300433,23.386273046112933,23.185772557831683,23.015545507050433,22.763409276581683,22.178997655487933,21.086712499237933,22.230572362519183,21.584210057831683,21.140728612519183,20.503887792206683,18.517254491425433,16.720928807831683,16.269573827362933,15.892254491425433,17.530193944550433,14.864300389862933,14.821819921112933,14.192364354706683,14.049664159394183,13.396526952362933,14.500836034394183,14.182293553925433,14.222698827362933,13.677288671112933,13.798687596894183,13.882794042206683,15.209942479706683,14.458050389862933,14.316387792206683,corn,corn,corn,corn,corn,corn,corn,corn,corn,corn,sorghum,corn,corn,corn,corn,corn,corn,0,0,1,1,1,1,1,1,1,1,1,1,1,1,1,1,1,1,1,1,1,1,1,1,1,1
grid36,-100.72566979923612,39.346957984999996,5,5,grid9,19,1.0,838.2920253897361,92.208096,0.0691,65.532,905.1778924,838.2920254,92.208096,0.0691,839.6458924,41.491978,41.621212,42.314556,41.296844,41.106174,41.443886,42.596508,42.21389,41.911713,42.617092,41.91854,42.75206,44.53253,44.637142,45.561295,44.884693,45.67589,45.94796,46.16288,46.792698,46.982025,47.423138,47.66711,48.66101,48.897034,49.123817,50.141613,49.5527,49.533016,50.37874,49.096928,49.611885,49.772774,862.7556,862.2461,861.8792,861.54736,862.7131,862.5419,862.31506,862.0681,861.71545,860.5581,861.58826,860.8473,860.4915,859.78204,857.8248,856.20593,855.7015,855.4628,856.7842,854.36597,854.3179,853.6793,853.5376,852.9171,853.8349,853.4977,853.4043,852.8484,852.97296,853.0425,854.0786,853.42676,853.34595,24.463589844638932,23.954068360263932,23.587186036045182,23.255337891513932,24.421048340732682,24.249844727451432,24.023038086826432,23.776089844638932,23.423428711826432,22.266080079013932,23.296231446201432,22.555264649326432,22.199490723545182,21.490018067295182,19.532803711826432,17.913907227451432,17.409451661045182,17.170804200107682,18.492154297763932,16.073941407138932,16.025845704013932,15.387295899326432,15.245572266513932,14.625088868076432,15.542874512607682,15.205655274326432,15.112271485263932,14.556363282138932,14.680936036045182,14.750455079013932,15.786587891513932,15.134732422763932,15.053921875888932,corn,corn,corn,corn,corn,corn,corn,corn,corn,corn,corn,corn,corn,corn,corn,corn,corn,0,0,1,1,1,1,1,1,1,1,1,1,1,1,1,1,1,1,1,1,1,1,1,1,1,1
grid37,-100.71630017315103,39.35419847667535,6,6,grid9,1,0.05263157894736842,837.368497266768,88.617552,0.0649,77.1144,909.0553581,835.2170379,113.8428,0.0792,831.9409581,41.934532,41.878254,42.53661,42.299656,41.355015,42.37264,43.659485,42.555035,42.987823,43.06718,41.921005,44.22597,45.42426,45.834217,46.58731,45.749454,46.50734,46.709606,46.971653,47.69317,47.905262,48.25946,48.587177,49.897846,49.485504,49.641323,50.865192,50.047295,50.030262,51.36677,49.644493,50.172676,50.44404,859.4176,859.1093,858.7114,858.8023,859.56177,859.52155,859.17267,858.8549,858.7142,857.53204,858.81433,857.8071,857.6054,856.7629,854.7225,853.3738,852.75806,852.76404,853.7586,851.57074,851.35547,850.76135,850.6373,850.0064,850.22,849.86194,849.91693,849.36304,849.4778,849.4962,850.05536,849.5216,849.4994,22.04910527229447,21.74081669807572,21.34292851448197,21.43380986213822,22.19327031135697,22.15304814338822,21.80417119026322,21.48642216682572,21.34567509651322,20.16354619026322,21.44583378791947,20.43863163948197,20.23691044807572,19.39438115120072,17.35397587776322,16.00528203010697,15.389559373856969,15.395540819169469,16.39010869026322,14.202242479325719,13.986971483231969,13.392855272294469,13.268831834794469,12.637911424638219,12.851473436356969,12.493441209794469,12.548433885575719,11.994539842606969,12.109285936356969,12.127718553544469,12.686861619950719,12.153109178544469,12.130892381669469,other,other,other,other,wheat,other,other,other,other,other,other,other,other,other,other,other,other,16,1,0,0,1,0,0,0,1,0,0,0,0,0,0,0,0,0,0,0,0,0,0,0,0,0
grid38,-100.71625636320313,39.36146724960937,6,7,grid9,4,0.21052631578947367,837.110354883384,101.99522400000001,0.0693,77.1144,909.0553581,835.2170379,113.8428,0.0792,831.9409581,41.965694,41.949413,42.588932,41.76309,41.413486,41.849995,43.013588,42.63248,42.257786,42.48502,42.303936,43.810123,45.471107,45.90543,46.686844,45.894257,46.66635,46.875008,47.1849,47.86619,48.08248,48.43943,48.769253,50.02748,49.79755,49.87861,51.1993,50.279842,50.263527,51.8296,49.89809,50.436028,50.796696,858.88116,858.6178,858.2031,858.26196,859.06213,858.8033,858.4914,858.3474,858.3458,857.19403,858.22766,857.28156,857.1433,856.26404,854.65393,853.28253,852.60675,852.8936,853.30444,851.5712,851.4295,850.723,850.5965,849.921,850.2046,849.84344,849.891,849.36475,849.45856,849.44055,849.9699,849.4742,849.477,21.770809667397202,21.507442968178452,21.092770116615952,21.151608007240952,21.951778905678452,21.692928808022202,21.381039159584702,21.237057225990952,21.235470311928452,20.083675878334702,21.117306249428452,20.171200292397202,20.032955663490952,19.153683202553452,17.543575780678452,16.172176854897202,15.496395604897202,15.783260839272202,16.194088475990952,14.460873143959702,14.319149511147202,13.612667577553452,13.486141698647202,12.810665624428452,13.094234960365952,12.733089940834702,12.780636327553452,12.254391210365952,12.348202245522202,12.330196874428452,12.859554784584702,12.363827245522202,12.366634862709702,wheat,other,fallow,wheat,corn,corn,corn,corn,sorghum,sorghum,corn,corn,corn,corn,corn,wheat,corn,1,3,1,0,0,0,0,0,0,0,0,0,0,1,0,0,0,0,0,1,1,0,0,1,0,0
grid39,-100.7162125532552,39.3687360225434,6,8,grid9,19,1.0,836.41268584032,108.572808,0.0743,77.1144,909.0553581,835.2170379,113.8428,0.0792,831.9409581,39.678394,42.53984,42.94121,41.032116,41.83064,41.064705,42.49716,42.99285,41.677708,41.539818,40.668472,43.067696,46.163708,45.949688,46.752796,46.50075,47.25855,47.474037,47.77275,48.44882,48.66816,49.014854,49.33732,50.116463,50.075283,50.083996,50.393658,50.488304,50.473053,51.019318,50.126415,50.672142,51.108715,858.47253,858.2559,857.8726,858.17255,858.75446,858.5759,858.24725,857.99524,858.3469,857.1685,857.99634,857.1659,856.91223,855.91077,854.68054,853.4136,852.6982,853.0425,853.08185,851.8112,851.6227,850.92816,850.80005,850.051,850.28827,849.9169,850.15857,849.45966,849.53107,849.6638,849.96686,849.5129,849.5333,22.059848339367477,21.843234569836227,21.459933788586227,21.759860546398727,22.341769726086227,22.163241894054977,21.834567577648727,21.582553417492477,21.934237987804977,20.755832226086227,21.583652050304977,20.753207714367477,20.499545604992477,19.498080761242477,18.267856151867477,17.000888378429977,16.285495312023727,16.629794628429977,16.669162304211227,15.398532421398727,15.209994823742477,14.515475780773727,14.387362987804977,13.638339550304977,13.875583202648727,13.504184276867477,13.745883495617477,13.046969921398727,13.118381054211227,13.251132519054977,13.554172069836227,13.100192577648727,13.120639354992477,corn,corn,corn,corn,corn,corn,corn,corn,other,corn,corn,corn,corn,sorghum,other,other,other,4,0,1,1,1,1,1,1,1,1,1,1,1,1,1,1,1,1,1,1,1,1,1,1,1,1
grid40,-100.71616874330729,39.376004795477435,6,9,grid9,4,0.21052631578947367,835.217037891768,113.84280000000001,0.0792,77.1144,909.0553581,835.2170379,113.8428,0.0792,831.9409581,40.900345,42.541004,42.85898,40.82909,41.75121,40.849632,42.206997,42.92492,41.373222,41.387783,41.930935,42.840004,46.07075,45.96415,46.782837,46.506226,47.262276,47.47347,47.807487,48.448116,48.670254,49.010815,49.332947,50.15065,50.644806,50.710487,51.131886,51.13851,51.12947,51.813187,50.79932,51.332764,51.687733,858.45056,858.01245,857.60156,857.9495,858.4957,858.2987,858.0236,857.717,858.23956,857.11725,858.6216,856.8838,856.6827,855.66187,854.7534,853.5794,852.84906,853.2998,852.9803,852.07214,851.87317,851.16815,851.03827,850.2413,850.5703,850.2018,850.1326,849.6538,849.7017,849.6129,850.0292,849.62286,849.65216,23.233523631669527,22.795413280107027,22.384524608232027,22.732486034013277,23.278689647294527,23.081668162919527,22.806582713700777,22.499942088700777,23.022525096513277,21.900210643388277,23.404544139482027,21.666751170732027,21.465640330888277,20.444827342607027,19.536380076982027,18.362368846513277,17.632022166825777,18.082766795732027,17.763247752763277,16.855105662919527,16.656131053544527,15.951113963700777,15.821231151200777,15.024234080888277,15.353274608232027,14.984744334794527,14.915591502763277,14.436770701982027,14.484683299638277,14.395877147294527,14.812136912919527,14.405825877763277,14.435122752763277,sorghum,other,fallow,wheat,corn,corn,corn,wheat,sorghum,sorghum,corn,corn,sorghum,sorghum,corn,corn,corn,1,2,0,1,0,0,1,0,0,0,1,0,1,0,0,1,0,0,0,0,0,0,0,1,0,0
grid41,-100.71612493335937,39.383273568411454,6,10,grid8,17,0.8947368421052632,833.744085939024,117.847872,0.0817,79.248,901.7177304,827.1190392,110.15472,0.075,822.4697304,40.625366,43.018738,42.749065,40.590073,41.640854,40.59865,42.35121,42.824684,41.657776,42.119717,41.603336,42.597656,45.94797,45.93855,46.76459,46.46765,47.214985,47.41533,47.77999,48.390118,48.609356,48.945198,49.266685,50.124264,51.154984,51.306885,51.093235,51.719036,51.727844,51.770664,51.386463,51.918404,52.167038,858.3129,858.26276,857.4811,857.8654,858.39606,858.1524,858.4676,857.58545,858.737,857.3943,858.56464,856.72845,856.56824,855.53394,854.8319,853.77106,853.03735,853.5445,852.95557,852.3234,852.10986,851.42285,851.29126,850.45825,850.8331,850.4758,850.2922,849.9589,849.99115,849.7604,850.244,849.87744,849.9174,24.56884130706976,24.51867040863226,23.73699316253851,24.12133154144476,24.65197118988226,24.40831884613226,24.72350439300726,23.84136327972601,24.99291357269476,23.65020117035101,24.82055029144476,22.98436865081976,22.82415136566351,21.78984960785101,21.08782324066351,20.02697118988226,19.29326757660101,19.80040868988226,19.21148046722601,18.57933935394476,18.36577734222601,17.67876562347601,17.54717382660101,16.71416601410101,17.08904394378851,16.73174413910101,16.54808935394476,16.21483740081976,16.24706396331976,16.01629003753851,16.49993261566351,16.13335546722601,16.17333349456976,corn,corn,corn,soybeans,corn,soybeans,corn,corn,corn,corn,corn,corn,corn,corn,corn,corn,corn,0,0,1,1,1,1,1,1,1,1,1,1,1,1,1,1,1,1,1,1,0,1,1,1,0,1
grid42,-100.71608112341147,39.39054234134549,6,11,grid8,18,0.9473684210526315,832.0574167972561,110.721648,0.0782,79.248,901.7177304,827.1190392,110.15472,0.075,822.4697304,39.60072,42.930397,41.77957,40.310425,40.807365,40.306778,41.96921,41.88163,41.277893,41.86817,41.250175,42.33396,45.792957,46.552574,47.331623,45.482414,46.208015,46.410255,46.826378,47.402878,47.662727,47.94934,48.28059,48.889687,51.044136,51.225292,50.999325,51.64225,51.65479,51.6464,51.317898,51.83771,52.04995,858.39,858.2758,857.6536,857.9068,858.5777,858.12335,858.4801,857.8488,858.7908,857.4933,858.5896,856.69037,856.5584,855.64545,854.99615,854.13324,853.40466,853.88806,853.1332,852.7121,852.4842,851.83875,851.707,850.86304,851.0766,850.7303,850.476,850.22705,850.24695,849.94946,850.46735,850.11786,850.1623,26.33259785118139,26.21840107383764,25.59620869102514,25.84938251915014,26.52028095665014,26.06593525352514,26.42268574180639,25.79139912071264,26.73335468711889,25.43586933555639,26.53218281211889,24.63295185508764,24.50099384727514,23.58802998008764,22.93873798790014,22.07582294883764,21.34724628868139,21.83064472618139,21.07576191368139,20.65468037071264,20.42677509727514,19.78132831993139,19.64955341758764,18.80562031211889,19.01918232383764,18.67286884727514,18.41859638633764,18.16963398399389,18.18953144493139,17.89204609336889,18.40992939415014,18.06044208946264,18.10487568321264,corn,corn,corn,corn,soybeans,corn,corn,corn,corn,corn,corn,corn,soybeans,corn,corn,corn,sorghum,0,0,1,1,1,1,1,1,1,0,1,1,1,1,1,1,1,1,1,1,1,1,1,1,1,1
grid43,-100.71603731346354,39.39781111427951,6,12,grid8,0,0.0,829.9132500000001,100.41636,0.0721,79.248,901.7177304,827.1190392,110.15472,0.075,822.4697304,39.182938,42.806717,41.063435,39.981388,40.149773,39.96503,41.536396,41.430843,40.859795,41.59081,40.858376,42.040035,43.54671,44.28704,45.1776,45.17113,45.855762,46.02672,46.441364,47.002583,47.24735,47.52771,47.85565,48.47435,50.89461,51.090122,51.376045,51.522606,51.53927,51.84799,51.203297,51.708435,51.862057,858.5132,858.4042,857.8557,858.07104,858.8139,858.2075,858.6049,857.97235,858.9245,857.69135,858.6957,856.76746,856.6257,855.7621,855.1271,854.41974,853.71277,854.1448,853.30255,853.0108,852.70557,852.1764,852.0441,851.2254,851.2767,851.1367,850.96234,850.55707,850.567,850.4438,850.76337,850.4254,850.4692,28.599933593749938,28.490924804687438,27.942462890624938,28.157794921874938,28.900653808593688,28.294269531249938,28.691669433593688,28.059101074218688,29.011249511718688,27.778095214843688,28.782428710937438,26.854206054687438,26.712421386718688,25.848834960937438,25.213825195312438,24.506488769531188,23.799518554687438,24.231525390624938,23.389301269531188,23.097553222656188,22.792316406249938,22.263141601562438,22.130878417968688,21.312152832031188,21.363422363281188,21.223468749999938,21.049091308593688,20.643817871093688,20.653766601562438,20.530536621093688,20.850116699218688,20.512165039062438,20.555927246093688,wheat,corn,fallow,wheat,sorghum,fallow,wheat,corn,fallow,wheat,corn,corn,fallow,wheat,corn,fallow,wheat,0,6,0,0,0,0,0,0,0,0,0,0,0,0,0,0,0,0,0,0,0,0,0,0,0,0
grid44,-100.71599350351562,39.40507988721354,6,13,grid8,0,0.0,828.246486620808,92.427552,0.0684,79.248,901.7177304,827.1190392,110.15472,0.075,822.4697304,38.763866,41.241886,40.637585,39.64796,39.730766,39.62118,39.997787,40.987225,39.19621,39.665447,39.217045,41.75177,42.892616,43.681656,44.80025,44.825138,45.463436,45.599403,46.0084,46.556564,46.80146,47.058212,47.382225,48.011616,48.013744,48.276314,51.278603,48.71129,48.721077,51.668255,48.33826,48.868294,49.00431,858.64215,858.2653,858.0087,858.23615,859.02246,858.2922,858.4971,858.0996,858.741,857.94934,858.4784,856.84656,856.73425,855.9335,855.346,854.78,854.11395,854.472,853.5886,853.3932,853.07635,852.5993,852.46906,851.68176,851.76794,851.5552,851.3265,851.091,851.09186,850.822,851.28436,850.93994,850.9713,30.395664258098236,30.018833203410736,29.762241406535736,29.989658398723236,30.775974316691986,30.045688672160736,30.250583691691986,29.853122754191986,30.494541211223236,29.702854199504486,30.231906933879486,28.600070996379486,28.487766308879486,27.686985058879486,27.099521679973236,26.533542676066986,25.867466015910736,26.225498242473236,25.342136426066986,25.146701855754486,24.829868359660736,24.352817578410736,24.222568554973236,23.435276074504486,23.521457715129486,23.308689160441986,23.079990429973236,22.844516797160736,22.845371289348236,22.575534863566986,23.037876172160736,22.693454785441986,22.724826855754486,wheat,corn,fallow,wheat,sorghum,fallow,wheat,corn,fallow,wheat,corn,corn,fallow,wheat,corn,fallow,wheat,0,6,0,0,0,0,0,0,0,0,0,0,0,0,0,0,0,0,0,0,0,0,0,0,0,0
grid45,-100.71594969356771,39.41234866014757,6,14,grid8,18,0.9473684210526315,827.110928026296,80.890872,0.0682,81.6864,905.0498458,822.9761479,86.85276,0.0747,823.3634458,38.7751,41.335526,40.16106,39.69455,39.259632,39.322968,39.454918,40.490593,38.700123,39.329586,38.745983,41.42791,42.547005,43.33802,44.3069,44.47804,45.069195,45.169704,45.570377,46.10795,46.31772,46.586533,46.906227,47.546402,47.517815,47.759476,47.77932,48.254627,48.30299,48.438183,47.94644,48.497585,48.62243,859.211,858.81366,858.35144,858.8328,859.4318,858.91364,858.79956,858.41125,859.00476,858.3108,858.7185,857.1115,857.0179,856.26685,855.74493,855.18427,854.5745,854.85156,853.96045,853.83514,853.53674,853.07526,852.9504,852.19556,852.4737,852.2564,852.1614,851.8087,851.79803,851.68823,851.914,851.60986,851.62646,32.1000705088602,31.7027316416727,31.24051240339145,31.7218966807352,32.3208957041727,31.8027072276102,31.68863252057895,31.30032685651645,31.89383271589145,31.19986298932895,31.60757783307895,30.0005832041727,29.9069552744852,29.15591767682895,28.6340060557352,28.0733371104227,27.4635958994852,27.74063447370395,26.84952119245395,26.7242160166727,26.42581513776645,25.9643283213602,25.8394503916727,25.08462861432895,25.3627658213602,25.1454806651102,25.05044892682895,24.69778779401645,24.6871066416727,24.57730439557895,24.8030734385477,24.49893525495395,24.51553681745395,corn,corn,corn,corn,soybeans,corn,corn,corn,corn,corn,soybeans,wheat,corn,corn,corn,sorghum,corn,0,1,1,1,1,1,1,1,1,1,1,1,1,1,1,1,1,1,1,1,1,1,0,1,1,1
grid46,-100.71590588361978,39.4196174330816,6,15,grid8,0,0.0,828.0166215819361,70.61606400000001,0.0693,81.6864,905.0498458,822.9761479,86.85276,0.0747,823.3634458,38.235943,40.978226,39.18262,39.20729,38.10269,38.55689,38.686012,39.06495,37.66039,38.46065,37.901245,40.260147,42.20602,42.999054,43.928448,44.122715,44.665085,44.71181,45.119183,45.647617,45.83946,46.103188,46.41799,47.06926,46.99269,47.346428,47.37207,47.84715,47.90161,47.907463,47.530815,48.056072,48.043198,859.57886,859.172,858.8934,859.272,860.0243,859.2574,859.1942,858.73645,859.2641,858.7614,859.0126,857.4991,857.3553,856.6525,856.07965,855.6354,855.0964,855.3055,854.4103,854.341,854.0438,853.60864,853.493,852.77216,853.0807,852.7977,852.6786,852.33453,852.314,852.2037,852.4282,852.12665,852.1232,31.56223583993892,31.15537548837642,30.87675000009517,31.25535107431392,32.00767041025142,31.24076367197017,31.17759228525142,30.71982861337642,31.24747753915767,30.74479199228267,30.99595166025142,29.48246289072017,29.33866406259517,28.63590527353267,28.06302929697017,27.61875439462642,27.07975292978267,27.28885937509517,26.39365673837642,26.32438183603267,26.02720166025142,25.59202099618892,25.47635937509517,24.75553417978267,25.06406689462642,24.78110791025142,24.66196728525142,24.31791210947017,24.29740429697017,24.18705273447017,24.41160107431392,24.11002636728267,24.10660839853267,wheat,wheat,corn,fallow,wheat,corn,corn,fallow,wheat,fallow,fallow,wheat,corn,fallow,wheat,corn,fallow,0,6,0,0,0,0,0,0,0,0,0,0,0,0,0,0,0,0,0,0,0,0,0,0,0,0
grid47,-100.71586207367189,39.426886206015624,6,16,grid7,0,0.0,829.1820574222561,71.65848,0.0685,81.6864,905.0498458,822.9761479,86.85276,0.0747,823.3634458,37.68825,41.172157,38.70513,38.798504,37.607906,38.052578,38.143353,38.5603,37.208954,38.14041,37.453743,39.91974,41.292416,42.052437,43.524197,43.16763,43.663887,43.71429,44.087704,44.625698,44.813026,45.0837,45.362366,46.00639,46.447144,46.932686,46.964493,47.439648,47.499977,47.37471,47.114235,47.613808,47.461105,859.98956,859.8422,859.3628,859.6344,860.5657,859.61285,859.6037,859.1742,859.6089,859.1608,859.3256,857.8813,857.9274,857.25195,856.4712,856.36707,855.9196,855.9315,855.1499,855.1639,854.8689,854.48486,854.3481,853.6497,853.6506,853.35065,853.2013,852.8598,852.83014,852.71765,852.94775,852.6467,852.6213,30.807505566025156,30.660166698837656,30.180735546493906,30.452341991806406,31.383616405868906,30.430796581650156,30.421641308212656,29.992136913681406,30.426829296493906,29.978770214462656,30.143565136337656,28.699229198837656,28.745371776962656,28.069895702743906,27.289133983993906,27.185008007431406,26.737559276962656,26.749461132431406,25.967844921493906,25.981821972275156,25.686839062118906,25.302805858993906,25.166026073837656,24.467661816025156,24.468516308212656,24.168589550400156,24.019236523056406,23.677744823837656,23.648081737900156,23.535593944931406,23.765696483993906,23.464671093368906,23.439219433212656,fallow,other,other,other,other,other,other,other,other,other,other,other,other,other,other,other,other,16,0,0,0,0,0,0,0,0,0,0,0,0,0,0,0,0,0,0,0,0,0,0,0,0,0
grid48,-100.71581826372396,39.43415497894965,6,17,grid7,0,0.0,830.33385688548,76.014072,0.0689,81.6864,905.0498458,822.9761479,86.85276,0.0747,823.3634458,36.314316,39.8532,38.186752,38.292458,37.092815,37.507053,37.555256,37.889027,36.72031,37.797436,36.9695,39.26477,40.29488,40.315113,41.66902,41.380276,41.84556,41.936314,42.295067,42.77961,42.968052,43.217934,43.426414,44.037556,45.37184,45.676105,45.74419,46.136997,46.16917,46.210636,45.941578,46.35049,46.358616,860.63763,860.1181,859.89856,860.1677,861.3871,860.0173,860.0768,859.7973,860.00525,859.5933,859.6853,858.43317,858.409,857.9305,857.1557,857.0792,856.7463,856.6388,855.87335,855.9546,855.6361,855.26886,855.1308,854.4627,854.5154,854.1947,853.9388,853.5553,853.4981,853.3624,853.7303,853.3724,853.29877,30.30377739186372,29.78424614186372,29.56470268483247,29.83386772389497,31.05322807545747,29.68341606373872,29.74292534108247,29.46344536061372,29.67139213795747,29.25946586842622,29.35144584889497,28.09930961842622,28.07513969655122,27.59662407155122,26.82184379811372,26.74536674733247,26.41241996998872,26.30493705983247,25.53949516530122,25.62073295826997,25.30225151295747,24.93500297780122,24.79694145436372,24.12885063405122,24.18152397389497,23.86084526295747,23.60492485280122,23.22144096608247,23.16425102467622,23.02856987233247,23.39642875905122,23.03851860280122,22.96491020436372,other,other,other,other,other,other,other,other,other,other,other,other,other,other,other,other,other,17,0,0,0,0,0,0,0,0,0,0,0,0,0,0,0,0,0,0,0,0,0,0,0,0,0
grid49,-100.70698892611978,39.35419059835938,7,6,grid9,4,0.21052631578947367,835.2565145514479,83.189064,0.0635,77.1144,909.0553581,835.2170379,113.8428,0.0792,831.9409581,41.63664,43.126083,43.88429,42.673298,42.6538,42.760136,43.28968,43.89158,42.419575,42.461086,42.08214,44.637215,46.825527,46.06863,46.863106,47.137802,47.92543,48.192463,48.43502,49.069443,49.29701,49.65333,49.981533,50.227154,49.954273,50.010105,51.254383,50.426617,50.409485,51.8887,50.052963,50.60461,51.017982,856.9487,856.6072,856.16223,856.30273,857.0505,857.04785,856.8283,856.23615,856.3853,855.1819,856.4706,855.5044,855.1748,854.23975,852.08295,850.69617,850.00183,850.12317,851.12646,848.85156,848.6922,847.9621,847.8324,847.1504,847.2357,846.8862,846.8294,846.26544,846.37244,846.3846,846.6678,846.1663,846.15765,21.692215917302065,21.350663182927065,20.905716893864565,21.046219823552065,21.793961522770815,21.791337011052065,21.571793554020815,20.979630468083315,21.128800389958315,19.925370214177065,21.214066503239565,20.247879979802065,19.918290136052065,18.983231542302065,16.826432225895815,15.439652440739565,14.745316503239565,14.866654393864565,15.869950292302065,13.595047948552065,13.435685155583315,12.705582616520815,12.575882909489565,11.893876073552065,11.979203221989565,11.629715917302065,11.572892186833315,11.008927343083315,11.115921971989565,11.128067968083315,11.411271093083315,10.909806249333315,10.901139257145815,sorghum,sorghum,sorghum,corn,corn,corn,corn,fallow,corn,corn,corn,corn,corn,corn,corn,wheat,corn,0,1,0,0,0,0,1,0,0,0,1,1,0,1,0,0,0,0,0,0,1,0,0,0,0,0
grid50,-100.70694522960937,39.36145793382812,7,7,grid9,0,0.0,834.2567244138721,96.16135200000001,0.0669,77.1144,909.0553581,835.2170379,113.8428,0.0792,831.9409581,41.71789,42.256687,42.90837,42.72734,41.730244,41.879097,43.30567,42.91703,42.357048,42.479893,42.07154,43.602394,45.970398,46.14499,46.96365,46.20825,46.975906,47.17618,47.451675,48.123714,48.383457,48.728622,49.04944,50.353756,50.267292,50.248543,50.569923,50.659634,50.64351,51.26236,50.306572,50.868587,51.371517,856.4495,856.34216,855.86084,855.89453,856.78534,856.53357,856.3428,855.9091,856.11914,854.8966,856.13184,855.00055,854.93036,853.76935,852.12787,850.85455,850.09436,850.4046,850.8793,849.1269,848.93713,848.1913,848.05286,847.25806,847.37964,847.02594,847.0952,846.4419,846.5199,846.60516,846.8277,846.34174,846.34424,22.19279951190913,22.08543867206538,21.60411542987788,21.63780683612788,22.52861494159663,22.27684492206538,22.08604902362788,21.65239423847163,21.86241621112788,20.63988203144038,21.87511152362788,20.74382490253413,20.67363447284663,19.51262373065913,17.87114423847163,16.59782880878413,15.83763593769038,16.14787763690913,16.62254804706538,14.87016767597163,14.68040937519038,13.93455976581538,13.79613203144038,13.00133222675288,13.12291425800288,12.76921552753413,12.83849042987788,12.18517011737788,12.26317304706538,12.34843916034663,12.57097334003413,12.08501142597163,12.08751386737788,fallow,other,corn,other,corn,corn,corn,corn,sorghum,sorghum,corn,corn,corn,corn,corn,wheat,corn,2,1,0,0,0,0,0,0,0,0,0,0,0,0,0,0,0,0,0,0,0,0,0,0,0,0
grid51,-100.70690153309896,39.368725269296874,7,8,grid9,16,0.8421052631578947,832.743663280488,106.006392,0.071,77.1144,909.0553581,835.2170379,113.8428,0.0792,831.9409581,40.860565,43.50174,43.29622,43.469555,42.176014,43.442173,43.471775,43.383827,42.69864,42.838203,42.562412,45.782806,46.39571,46.196568,47.05791,46.774582,47.5704,47.801582,48.130646,48.79873,49.042946,49.38531,49.71951,50.45663,50.553734,50.460457,50.78626,50.87446,50.85958,51.55897,50.541576,51.112133,51.69463,856.30725,856.1456,855.3635,856.0828,856.27795,856.3069,856.34393,855.47687,856.64905,855.1249,856.58435,854.9893,854.5599,853.4489,852.1713,850.97675,850.1838,850.6886,850.6463,849.41547,849.1554,848.4231,848.2819,847.49396,847.6351,847.2574,847.34235,846.71423,846.76184,846.8049,847.0469,846.5912,846.5968,23.563587696074478,23.401966602324478,22.619862110136978,23.339161426543228,23.534290821074478,23.563221485136978,23.600269824980728,22.733204395293228,23.905384571074478,22.381214649199478,23.840687305449478,22.245655567168228,21.816212207793228,20.705250293730728,19.427662403105728,18.233082324980728,17.440113574980728,17.944935352324478,17.902637989043228,16.671803028105728,16.411732227324478,15.679432422636978,15.538258106230728,14.750294239043228,14.891407520293228,14.513721973418228,14.598682910918228,13.970570117949478,14.018177539824478,14.061207324980728,14.303211719511978,13.847523242949478,13.853138477324478,corn,corn,sorghum,corn,corn,soybeans,corn,corn,corn,corn,sorghum,corn,corn,corn,other,other,other,3,0,1,1,1,1,1,1,1,1,1,0,1,1,1,1,1,1,1,0,1,0,1,1,1,1
grid52,-100.70685783658854,39.37599260476563,7,9,grid9,2,0.10526315789473684,831.0751883791921,113.38560000000001,0.0743,77.1144,909.0553581,835.2170379,113.8428,0.0792,831.9409581,40.670242,43.47058,43.2055,42.075714,42.087635,42.10641,43.162487,43.304688,42.361507,42.61717,42.257156,44.11297,46.313755,46.218998,47.09902,46.790974,47.586452,47.813454,48.17992,48.81076,49.075005,49.395554,49.72965,50.50425,51.54982,51.656734,51.435276,52.056652,52.044407,52.174538,51.700718,52.22811,52.582645,856.03394,855.93304,855.1195,855.6323,856.0496,855.8974,856.13135,855.2401,856.55817,855.02344,856.4499,854.5734,854.3546,853.2379,852.3486,851.2288,850.4338,851.07715,850.6327,849.8122,849.45074,848.7806,848.63385,847.79224,848.1094,847.8348,847.7178,847.30286,847.31805,847.13617,847.54193,847.12085,847.12146,24.958747167682873,24.857856054401623,24.044318456745373,24.557135839557873,24.974433202839123,24.822211523151623,25.056159277057873,24.164923925495373,25.482978124714123,23.948249120807873,25.374701757526623,23.498236913776623,23.279425878620373,22.162726659870373,21.273383398151623,20.153632421589123,19.358588476276623,20.001960058307873,19.557502050495373,18.737006445026623,18.375556249714123,17.705390234089123,17.558661718464123,16.717047948932873,17.034186620807873,16.759589452839123,16.642585058307873,16.227668066120373,16.242865820026623,16.060981054401623,16.466742773151623,16.045661230182873,16.046271581745373,corn,wheat,corn,corn,corn,corn,corn,corn,corn,wheat,corn,corn,corn,corn,corn,corn,corn,0,2,0,0,0,1,0,0,0,0,0,0,0,0,0,1,0,0,0,0,0,0,0,1,0,0
grid53,-100.70681414007812,39.38325994023437,7,10,grid8,0,0.0,829.1290001943601,117.28704,0.076,79.248,901.7177304,827.1190392,110.15472,0.075,822.4697304,40.428158,43.420837,43.09953,41.00562,41.980362,41.057373,42.841675,43.207306,42.028164,42.394882,41.952286,42.891098,46.198326,46.197468,47.07494,46.748203,47.53423,47.749672,48.146893,48.747036,49.00745,49.323658,49.657406,50.471046,51.544514,51.648468,51.998356,52.04872,52.04028,52.66708,51.705914,52.226307,52.57732,855.7389,855.76044,854.9249,855.30426,855.88196,855.55457,855.9529,855.04443,856.4511,854.9335,856.3078,854.2153,854.15955,853.0429,852.4585,851.4475,850.6552,851.35455,850.6346,850.0994,849.7233,849.07385,848.9208,848.0538,848.3572,848.0797,848.04877,847.59406,847.5915,847.45386,847.79236,847.3985,847.40137,26.60989140720244,26.63143681735869,25.79592656345244,26.17526005954619,26.75295781345244,26.42556523532744,26.82388066501494,25.91543339938994,27.32211064548369,25.80447148532744,27.17880009860869,25.08627080173369,25.03054570407744,23.91390752048369,23.32949589938994,22.31850957126494,21.52621220798369,22.22555302829619,21.50558232517119,20.97042607517119,20.59432744235869,19.94485234470244,19.79177617282744,18.92477177829619,19.22817754001494,18.95071171970244,18.91976689548369,18.46505498142119,18.46249150485869,18.32485722751494,18.66335820407744,18.26949834079619,18.27236699313994,corn,corn,wheat,corn,corn,corn,corn,corn,corn,corn,corn,corn,corn,corn,corn,corn,corn,0,1,0,0,0,0,0,0,0,0,0,0,0,0,0,0,0,0,0,0,0,0,0,0,0,0
grid54,-100.7067704435677,39.39052727570313,7,11,grid8,10,0.5263157894736842,827.11903915968,110.15472,0.075,79.248,901.7177304,827.1190392,110.15472,0.075,822.4697304,40.06098,43.32206,41.03183,40.724995,40.11763,40.76266,42.464096,41.29308,41.659313,42.14452,41.61124,42.629807,44.223198,44.944836,45.859608,44.80437,45.550705,45.787525,46.208168,46.76631,47.071747,47.35935,47.706745,49.12391,51.50643,51.57666,51.896637,51.98827,52.001995,52.526817,51.68979,52.232597,52.577446,855.75275,855.8026,854.921,855.3549,855.93616,855.55524,855.98584,855.04034,856.49774,855.03284,856.3231,854.1654,854.126,853.1102,852.60547,851.5242,850.7342,851.4733,850.5331,850.1656,849.8782,849.189,849.0274,848.244,848.5439,848.2798,848.3135,847.8205,847.81354,847.741,847.9903,847.62134,847.63416,28.633707422351222,28.683573145007472,27.801981348132472,28.235880273913722,28.817118066882472,28.436197656726222,28.866800684069972,27.921305078601222,29.378702539538722,27.913797754382472,29.204080957507472,27.046366113757472,27.006937402819972,25.991190332507472,25.486429590319972,24.405130762194972,23.615152734851222,24.354288477038722,23.414041895007472,23.046549219226222,22.759134668444972,22.069986719226222,21.908365625476222,21.124979395007472,21.424845117663722,21.160745996569972,21.194437402819972,20.701456445788722,20.694498437976222,20.621988672351222,20.871256250476222,20.502298730944972,20.515116113757472,wheat,corn,wheat,corn,soybeans,wheat,corn,corn,corn,fallow,wheat,fallow,corn,fallow,wheat,corn,corn,0,5,1,1,1,1,1,1,1,1,1,1,1,0,1,1,0,0,0,0,0,1,0,1,0,0
grid55,-100.70672674705729,39.397794611171875,7,12,grid8,0,0.0,825.24192582984,99.1362,0.0729,79.248,901.7177304,827.1190392,110.15472,0.075,822.4697304,39.63889,43.18674,41.46065,40.395737,40.527523,40.418865,42.035896,41.85118,41.2545,41.868347,41.233776,42.338383,43.89436,44.622055,45.509415,45.473434,46.197678,46.37583,46.834095,47.385704,47.639927,47.92949,48.270916,48.87851,51.308212,51.430298,51.75293,51.844505,51.86244,52.32535,51.548737,52.075264,52.349133,855.8969,855.96155,855.31995,855.52905,856.3448,855.67004,856.13135,855.4695,856.616,855.2306,856.4129,854.229,854.20575,853.2445,852.711,851.9131,851.14044,851.7941,850.7844,850.5322,850.26843,849.61914,849.45514,848.622,848.85834,848.62286,848.62714,848.18933,848.1769,848.08386,848.3473,847.988,848.0033,30.654985791253694,30.719622021722444,30.078020459222444,30.287126904534944,31.102861767816194,30.428118115472444,30.889421826409944,30.227556592034944,31.374102002191194,29.988664990472444,31.170977002191194,28.987078076409944,28.963823681878694,28.002581006097444,27.469072705316194,26.671160107659944,25.898516064691194,26.552202588128694,25.542497998284944,25.290300732659944,25.026506787347444,24.377214795159944,24.213213330316194,23.380083447503694,23.616411572503694,23.380937939691194,23.385210400628694,22.947405224847444,22.934954052972444,22.841936474847444,23.105364209222444,22.746050244378694,22.761370068597444,corn,fallow,wheat,corn,fallow,wheat,corn,fallow,wheat,corn,fallow,wheat,corn,fallow,wheat,corn,corn,0,5,0,0,0,0,0,0,0,0,0,0,0,0,0,0,0,0,0,0,0,0,0,0,0,0
grid56,-100.70668305054687,39.40506194664062,7,13,grid8,0,0.0,824.4583457520961,91.15348800000001,0.0722,81.6864,905.0498458,822.9761479,86.85276,0.0747,823.3634458,39.19984,42.902763,41.02333,41.600945,40.09675,40.18716,40.3642,41.394497,39.456657,39.83308,39.458237,42.041653,43.561417,44.295013,45.124657,45.119595,45.796116,45.9531,46.391342,46.930443,47.184372,47.44907,47.78684,48.40529,48.604923,48.727623,48.877888,49.15487,49.16585,49.530968,48.814903,49.37052,49.668518,856.1436,856.43353,855.57025,856.21704,856.6605,856.22614,856.07886,855.6963,856.43805,855.6263,856.19574,854.3913,854.38495,853.4779,852.903,852.26294,851.53485,851.9945,851.0545,850.8807,850.6157,850.0265,849.8612,849.0634,849.33185,849.1374,849.2381,848.73444,848.7157,848.71844,848.88824,848.529,848.53595,31.68526997056017,31.97518696274767,31.11190571274767,31.75869526352892,32.20217670884142,31.76778950181017,31.62051166977892,31.23794331040392,31.97970356431017,31.16793598618517,31.73739399399767,29.93295063462267,29.92660297837267,29.01955952134142,28.44466938462267,27.80459370102892,27.07650532212267,27.53616108384142,26.59615864243517,26.42233051743517,26.15737690415392,25.56814350571642,25.40286030259142,24.60506977524767,24.87350239243517,24.67904438462267,24.77975239243517,24.27609028306017,24.25735249009142,24.26009907212267,24.42989887681017,24.07064594712267,24.07760395493517,corn,fallow,wheat,corn,fallow,wheat,corn,fallow,wheat,corn,fallow,wheat,corn,fallow,wheat,corn,corn,0,5,0,0,0,0,0,0,0,0,0,0,0,0,0,0,0,0,0,0,0,0,0,0,0,0
grid57,-100.70663935403645,39.412329282109376,7,14,grid8,19,1.0,824.126961327744,83.594448,0.0728,81.6864,905.0498458,822.9761479,86.85276,0.0747,823.3634458,39.17777,42.574337,40.550266,41.14926,38.904865,39.67675,39.820637,39.90311,38.970905,39.496136,38.99851,40.844227,42.81776,43.606976,44.634777,44.76813,45.39662,45.518795,45.9481,46.47685,46.6948,46.97129,47.304886,47.93424,48.082108,48.213448,48.512497,48.716583,48.762577,49.055805,48.43373,49.00596,49.27649,856.7352,856.75793,855.92285,856.6181,857.1724,856.5123,856.3969,855.92395,856.6861,855.9993,856.4206,854.6967,854.6733,853.8472,853.27264,852.67114,852.00525,852.36316,851.4268,851.3121,851.0717,850.5044,850.34235,849.579,850.01764,849.8055,849.6094,849.3207,849.2947,849.10406,849.4125,849.08685,849.0807,32.60826816444353,32.63097324256853,31.79589023475603,32.49114169959978,33.04546298866228,32.38536777381853,32.26995029334978,31.79698886756853,32.55913486366228,31.87236728553728,32.29363193397478,30.56975498084978,30.54631748084978,29.72026767616228,29.14568271522478,28.54418125038103,27.87828769569353,28.23619785194353,27.29985751991228,27.18511142616228,26.94475498084978,26.37743320350603,26.21538486366228,25.45201816444353,25.89067783241228,25.67851962928728,25.48241367225603,25.19371738319353,25.16771640663103,24.97710361366228,25.28551425819353,24.95989169959978,24.95372714881853,corn,corn,corn,corn,corn,corn,soybeans,corn,sorghum,sorghum,corn,soybeans,corn,corn,corn,corn,soybeans,0,0,1,1,1,1,1,1,1,1,1,1,1,1,1,1,1,1,1,1,1,1,1,1,1,1
grid58,-100.70659565752604,39.41959661757812,7,15,grid8,1,0.05263157894736842,825.256306348704,77.47406400000001,0.0724,81.6864,905.0498458,822.9761479,86.85276,0.0747,823.3634458,38.637432,41.77442,39.550056,40.242645,38.420197,38.898716,39.040993,39.40868,37.90985,38.609535,38.142937,40.510715,41.839893,42.62131,43.57651,43.77737,44.318565,44.416786,44.82008,45.34959,45.536255,45.80913,46.12004,46.767006,47.569607,47.80944,48.093655,48.2995,48.352432,48.509224,48.009632,48.556637,48.68934,857.1311,857.1929,856.4421,857.1621,857.6832,856.87537,856.8002,856.3286,856.92786,856.4606,856.70215,855.0264,855.18414,854.40436,853.9484,853.30225,852.7088,852.9671,852.0428,851.9789,851.7387,851.2165,851.0444,850.313,850.5572,850.3506,850.131,849.8793,849.8467,849.63226,849.9673,849.6476,849.62286,31.874797166920985,31.936564745045985,31.185771288014735,31.905803026295985,32.426921190358485,31.619059862233485,31.543864549733485,31.072306932545985,31.671550096608485,31.204264940358485,31.445842088795985,29.770121873952235,29.927836717702235,29.148051561452235,28.692118944264735,28.045939745045985,27.452494920827235,27.710795702077235,26.786479295827235,26.722575487233485,26.482402147389735,25.960185350514735,25.788066209889735,25.056681932545985,25.300883592702235,25.094279588795985,24.874675096608485,24.622966112233485,24.590373338795985,24.375956834889735,24.710978807545985,24.391276659108485,24.366557420827235,corn,corn,corn,corn,corn,wheat,corn,corn,corn,corn,corn,corn,corn,corn,corn,corn,wheat,0,2,1,0,0,0,0,0,0,0,0,0,0,0,0,0,0,0,0,1,0,0,0,0,0,0
grid59,-100.70655196101563,39.426863953046876,7,16,grid7,0,0.0,826.426504689024,77.8002,0.0705,81.6864,905.0498458,822.9761479,86.85276,0.0747,823.3634458,37.785927,41.384857,39.07519,39.749664,37.954742,38.392635,38.497078,38.791504,37.468624,38.289036,37.705647,39.895252,41.200497,41.911934,43.144417,43.019505,43.496258,43.570232,43.97625,44.48894,44.71452,44.95902,45.21536,45.822487,47.18058,47.61943,48.510708,48.12911,48.196064,48.85856,47.92201,48.347958,48.250534,857.63605,857.6135,856.93115,857.637,858.4554,857.27045,857.2335,856.9101,857.2734,856.87695,857.01666,855.51245,855.88684,855.1322,854.2232,854.25757,853.755,853.8005,852.99115,853.00726,852.6475,852.2736,852.0964,851.3854,851.6389,851.3419,851.04333,850.82355,850.78107,850.5527,851.011,850.65686,850.5961,31.20954267425725,31.187020701601,30.504647654726,31.21051923675725,32.02887861175725,30.84394208831975,30.8070158187885,30.48359052581975,30.84687177581975,30.450448435976,30.59015790863225,29.085946482851,29.4603361312885,28.7056974594135,27.79670087738225,27.831063670351,27.3285001937885,27.37397138519475,26.56464521331975,26.58075849456975,26.22101728363225,25.84711591644475,25.66986982269475,24.9588712875385,25.212411326601,24.9154142562885,24.6168302719135,24.39704267425725,24.35456220550725,24.12616865081975,24.584481639101,24.2303556625385,24.16962568206975,wheat,fallow,wheat,fallow,wheat,corn,fallow,wheat,fallow,wheat,fallow,wheat,fallow,wheat,fallow,wheat,corn,0,8,0,0,0,0,0,0,0,0,0,0,0,0,0,0,0,0,0,0,0,0,0,0,0,0
grid60,-100.70650826450522,39.43413128851562,7,17,grid7,0,0.0,827.3649404306401,79.470504,0.0702,81.6864,905.0498458,822.9761479,86.85276,0.0747,823.3634458,37.186302,40.788467,38.18653,39.209854,37.394405,37.709816,37.781597,38.21602,36.810596,37.78205,37.06974,39.513504,40.778225,40.539692,42.07372,41.64791,42.139137,42.75076,42.62958,43.106487,43.429844,43.556664,43.777164,44.379135,45.977486,46.329746,46.38221,46.776276,46.826767,46.819237,46.582344,46.97943,46.9534,858.14984,858.16003,857.57623,858.17236,859.125,858.0516,858.05566,857.45233,857.8314,857.35443,857.4503,855.8874,856.23425,855.44006,854.6506,854.6739,854.31305,854.2742,853.46173,853.53033,853.1931,852.8,852.6426,851.9732,852.0915,851.7701,851.6363,851.291,851.23376,851.0992,851.4631,851.1094,851.0242,30.784900877953646,30.795093749047396,30.211292479516146,30.807422850609896,31.760059569359896,30.686634276391146,30.690723631859896,30.087391112328646,30.466480467797396,29.989490721703646,30.085376952172396,28.522449706078646,28.869312499047396,28.075123045922396,27.285633299828646,27.308948729516146,26.948108885766146,26.909229491234896,26.096790526391146,26.165394042016146,25.828174803734896,25.435047362328646,25.277637694359896,24.608265135766146,24.726551268578646,24.405140135766146,24.271351073266146,23.926075194359896,23.868824217797396,23.734241698266146,24.098133299828646,23.744434569359896,23.659229491234896,fallow,wheat,fallow,wheat,corn,fallow,wheat,corn,fallow,wheat,fallow,wheat,fallow,wheat,fallow,wheat,fallow,0,7,0,0,0,0,0,0,0,0,0,0,0,0,0,0,0,0,0,0,0,0,0,0,0,0
grid61,-100.69767767908853,39.354182720043404,8,6,grid14,3,0.15789473684210525,831.657664452744,88.733376,0.0646,77.1144,909.0553581,835.2170379,113.8428,0.0792,831.9409581,43.35086,42.49586,43.16525,44.3686,41.97288,43.06949,45.061184,43.17784,44.093433,44.503315,43.70269,44.800156,46.086235,46.30657,46.666943,46.26126,47.04236,47.24287,47.496372,48.197575,48.469685,48.808426,49.13547,50.037254,50.758736,50.872917,51.164314,51.250713,51.23254,51.85664,50.86364,51.407204,51.814037,854.5787,854.3239,853.75543,854.3928,854.7363,854.29926,854.4421,853.7193,854.3796,852.94977,854.4337,852.95825,852.82324,851.6078,849.5201,848.264,847.4448,847.67053,848.5521,846.3612,846.06354,845.4159,845.27264,844.52954,844.4906,844.16974,844.1547,843.6763,843.76624,843.7023,843.90784,843.39996,843.4079,22.92100986366222,22.66624912147472,22.09776767616222,22.73515781288097,23.07866367225597,22.64159091834972,22.78441318397472,22.06163486366222,22.72191318397472,21.29210361366222,22.77605136756847,21.30058750038097,21.16557773475597,19.95012363319347,17.86241611366222,16.60631259803722,15.78715976600597,16.01286777381847,16.89445957069347,14.70354160194347,14.40587314491222,13.75822910194347,13.61497959022472,12.87187656288097,12.83293613319347,12.51207431678722,12.49705966834972,12.01860507850597,12.10857089881847,12.04460605506847,12.25017246131847,11.74229892616222,11.75023349647472,fallow,wheat,soybeans,corn,corn,corn,corn,sorghum,corn,corn,corn,corn,corn,sorghum,corn,corn,wheat,0,2,0,0,1,0,1,0,0,0,1,0,0,0,0,0,0,0,0,0,0,0,0,0,1,1
grid62,-100.69763409601563,39.36144861804687,8,7,grid14,0,0.0,830.540932616616,94.667832,0.0656,84.1248,905.8544981,823.995881,109.831632,0.0686,821.7296981,43.454456,42.580986,43.22398,44.390408,42.039204,43.41755,45.050053,43.265335,43.997944,44.48052,43.6551,45.540634,46.12723,46.386673,47.249283,46.40242,47.200863,47.41095,47.71636,48.37548,48.673145,48.993355,49.32431,50.670227,51.09336,51.133404,50.936165,51.50469,51.487682,51.763393,51.138256,51.69304,52.189846,853.9048,853.71704,853.1762,853.8117,854.1514,854.1552,854.0126,853.18774,854.1047,852.63715,854.1708,852.90076,852.3784,851.1451,849.5566,848.3393,847.455,847.88635,848.25446,846.56494,846.24023,845.5635,845.4106,844.6159,844.67224,844.34937,844.2919,843.89575,843.95355,843.79565,844.1383,843.6335,843.644,23.363852539633967,23.176108399008967,22.635275879477717,23.270773926352717,23.610495606040217,23.614279785727717,23.471640625571467,22.646811524008967,23.563742676352717,22.096213379477717,23.629843750571467,22.359824219321467,21.837485352133967,20.604147949790217,19.015646973227717,17.798361816977717,16.914084473227717,17.345419922446467,17.713522949790217,16.024008789633967,15.699301758383967,15.022543945883967,14.869650879477717,14.074973145102717,14.131308594321467,13.808432617758967,13.750937500571467,13.354819336508967,13.412619629477717,13.254721680258967,13.597373047446467,13.092551270102717,13.103049316977717,wheat,fallow,wheat,fallow,wheat,fallow,wheat,corn,corn,other,wheat,corn,corn,corn,corn,other,corn,2,5,0,0,0,0,0,0,0,0,0,0,0,0,0,0,0,0,0,0,0,0,0,0,0,0
grid63,-100.6975905129427,39.368714516050346,8,8,grid14,12,0.631578947368421,828.7962205083841,102.01046400000001,0.0671,84.1248,905.8544981,823.995881,109.831632,0.0686,821.7296981,41.335567,43.942112,44.625263,43.905502,43.404953,43.490425,44.35207,44.649117,43.285965,43.90001,43.185055,45.54104,47.766987,46.444748,47.34251,48.28458,49.06645,49.24811,49.5912,50.287346,50.55844,50.92154,51.27229,50.790676,51.398643,51.372555,52.589825,51.746555,51.730946,53.266525,51.40103,51.96538,52.545338,853.5623,853.5442,853.0477,853.4796,853.999,853.8746,853.7281,853.1252,854.2254,852.6653,854.31586,852.54034,852.0922,850.84436,849.73346,848.46356,847.54803,848.3148,848.0561,846.8631,846.5992,845.8002,845.636,844.76666,844.97327,844.6314,844.7916,844.22375,844.2471,844.23236,844.4353,843.9553,843.9582,24.766096386147183,24.747968944740933,24.251508983803433,24.683393749428433,25.202802929115933,25.078352245522183,24.931867870522183,24.328962597084683,25.429182323647183,23.869062694740933,25.519636425209683,23.744123729897183,23.296003612709683,22.048139843178433,20.937238964272183,19.667341503334683,18.751814159584683,19.518598827553433,19.259870800209683,18.066877636147183,17.802961620522183,17.003950390053433,16.839765819740933,15.970442089272183,16.177046093178433,15.835188183022183,15.995405468178433,15.427534374428433,15.450849804115933,15.436140331459683,15.639082225990933,15.159101757240933,15.161970409584683,corn,corn,wheat,corn,soybeans,wheat,corn,wheat,corn,corn,corn,wheat,corn,wheat,corn,wheat,corn,0,6,1,0,0,0,0,0,1,0,1,1,1,0,1,1,0,1,0,1,0,1,1,1,0,1
grid64,-100.69754692986979,39.37598041405382,8,9,grid14,14,0.7368421052631579,826.886011522104,108.09732,0.0679,84.1248,905.8544981,823.995881,109.831632,0.0686,821.7296981,41.14843,43.904736,44.571217,43.847054,43.34964,43.849335,43.670647,44.603264,42.736454,42.898964,42.61081,45.974213,47.73052,46.485413,47.40505,48.34962,49.135662,49.308064,49.702087,50.356133,50.629623,50.993675,51.345028,50.873753,52.034294,52.040604,52.721653,52.420704,52.41059,53.454967,52.09668,52.650692,53.160885,853.3007,853.351,852.8677,853.2912,853.8312,853.45544,853.5167,852.9622,854.22595,852.525,854.15564,852.1949,851.88727,850.6736,850.0227,848.8058,847.9124,848.8413,848.1313,847.44275,847.1063,846.30096,846.1288,845.22107,845.4774,845.0779,845.1527,844.6824,844.67096,844.52686,844.8209,844.3863,844.37,26.414708692739737,26.465001661489737,25.981664259145987,26.405187208364737,26.945165235708487,26.569432813833487,26.630712110708487,26.076207716177237,27.339940626333487,25.639012891958487,27.269628126333487,25.308873731802237,25.001256544302237,23.787572462270987,23.136693556020987,21.919774610708487,21.026403028677237,21.955297071645987,21.245275098989737,20.556737501333487,20.220311720083487,19.414952833364737,19.242772657583487,18.335057813833487,18.591405470083487,18.191869337270987,18.266698438833487,17.796361524770987,17.784947950552237,17.640843946645987,17.934911329458487,17.500279981802237,17.483983595083487,sorghum,wheat,corn,soybeans,corn,soybeans,wheat,corn,corn,corn,wheat,fallow,wheat,corn,fallow,corn,wheat,0,5,1,1,1,1,1,1,1,1,1,1,0,1,1,1,1,1,0,1,1,1,0,0,1,0
grid65,-100.69750334679686,39.38324631205729,8,10,grid13,19,1.0,823.995880956936,109.831632,0.0686,83.2104,901.7532255,822.6130816,102.354888,0.0706,818.5428255,40.8955,43.830864,44.486183,42.184273,43.259945,42.15059,43.335575,44.522655,42.399418,42.66791,42.30406,44.148994,47.636917,46.44911,47.376816,48.33356,49.111435,49.288662,49.6995,50.32306,50.593716,50.954666,51.306652,50.835228,52.0184,52.01478,52.37589,52.418804,52.412773,53.19214,52.108723,52.65614,53.164997,853.1182,853.2996,852.8232,853.2357,853.81244,853.4484,853.45807,852.9196,854.2088,852.52747,854.09607,852.03735,851.8132,850.5975,850.148,849.0654,848.1861,849.07526,848.1859,847.78253,847.42633,846.65173,846.4658,845.51886,845.8078,845.50867,845.4259,844.98224,844.9504,844.786,845.09357,844.68475,844.6634,29.1223441407202,29.3037406250952,28.8273001954077,29.23983681650145,29.8165580079077,29.4525443360327,29.4621878907202,28.9237357422827,30.2129203125952,28.53158486337645,30.10018837900145,28.04147255868895,27.8172904297827,26.6015921875952,26.1521292969702,25.06954873056395,24.1902152344702,25.0793753907202,24.19003212900145,23.7866507813452,23.4304496094702,22.65585244150145,22.46993935556395,21.5229789063452,21.8119193360327,21.51278603525145,21.43002236337645,20.9863578125952,20.9544974610327,20.79012978525145,21.0976859375952,20.6888724610327,20.6675101563452,corn,corn,corn,corn,corn,soybeans,corn,soybeans,corn,soybeans,corn,soybeans,corn,corn,corn,corn,corn,0,0,1,1,1,1,1,1,1,1,1,1,1,1,1,1,1,1,1,1,1,1,1,1,1,1
grid66,-100.69745976372397,39.39051221006076,8,11,grid13,14,0.7368421052631579,822.613081641768,102.354888,0.0706,83.2104,901.7532255,822.6130816,102.354888,0.0706,818.5428255,40.5218,43.72204,44.370724,41.9163,43.136497,41.87099,42.960983,44.40841,42.042225,42.418285,41.975533,43.90796,47.483067,48.297516,49.08858,47.21662,47.959476,48.213955,48.58588,49.180058,50.046955,49.793762,50.155087,52.552917,51.84597,51.88889,52.234974,52.29504,52.293373,52.993183,51.987453,52.520615,52.963326,853.1571,853.3726,852.8989,853.30585,853.9288,853.49695,853.51984,852.9861,854.2514,852.63055,854.1046,852.00085,851.8549,850.7574,850.26624,849.33594,848.45105,849.2179,848.26904,847.96954,847.5837,846.9441,846.7392,845.83093,846.0603,845.8085,845.7367,845.3258,845.2927,845.14624,845.4523,845.0476,845.0389,30.544022850419537,30.759537987138287,30.285844139482037,30.692765526200787,31.315690330888287,30.883866600419537,30.906754784013287,30.373002342607037,31.638322166825787,30.017472557450787,31.491532616044537,29.387772850419537,29.241837791825787,28.144303612138287,27.653153709794537,26.722855858232037,25.837968162919537,26.604813866044537,25.655961326982037,25.356461815263287,24.970597557450787,24.331010155107037,24.126115135575787,23.217850975419537,23.447221092607037,23.195390037919537,23.123612694169537,22.712724022294537,22.679642967607037,22.533158592607037,22.839188866044537,22.434525780107037,22.425797752763287,corn,corn,soybeans,corn,soybeans,corn,soybeans,corn,other,corn,wheat,corn,corn,corn,corn,corn,corn,1,1,1,1,1,1,1,1,1,0,1,1,1,1,1,1,1,1,0,0,0,0,1,1,1,1
grid67,-100.69741618065105,39.39777810806424,8,12,grid13,3,0.15789473684210525,822.035498290968,92.470224,0.0727,83.2104,901.7532255,822.6130816,102.354888,0.0706,818.5428255,40.09299,43.498573,42.665104,42.472534,41.644115,41.884663,42.06991,42.978737,41.186096,41.75906,41.1452,43.636803,44.163387,44.886753,45.831013,46.90399,47.603054,47.749676,48.195286,48.776478,49.049435,49.366642,49.725933,50.339962,52.190414,52.379143,52.06884,52.712795,52.727,52.75857,52.415146,52.92085,52.840736,853.32935,853.79266,853.26874,853.4491,854.33453,853.89075,853.7395,853.3876,854.3837,852.8211,854.2161,852.0719,851.8223,850.7838,850.22296,849.65137,848.79376,849.4508,848.4649,848.2401,847.94037,847.3049,847.08484,846.2475,846.4932,846.26935,846.1236,845.8142,845.77954,845.57434,845.9389,845.547,845.43805,31.293847412156993,31.757165283250743,31.233239502000743,31.413598388719493,32.29903540043824,31.855248779344493,31.704003662156993,31.352074951219493,32.34822973637574,30.785607666063243,32.18062719731324,30.036401123094493,29.786828369188243,28.748315185594493,28.187463134813243,27.615868896531993,26.758263916063243,27.415307373094493,26.429406494188243,26.204614013719493,25.904870361375743,25.269372314500743,25.049340576219493,24.211999267625743,24.457726806688243,24.233849853563243,24.088097900438243,23.778710693406993,23.744042724656993,23.538842529344493,23.903405517625743,23.511498779344493,23.402551025438243,fallow,wheat,fallow,wheat,corn,other,sorghum,corn,sorghum,fallow,corn,corn,corn,corn,corn,corn,corn,1,2,0,1,0,1,0,0,0,0,0,0,0,0,0,0,0,0,0,0,0,0,1,1,0,1
grid68,-100.69737259757812,39.405044006067705,8,13,grid13,19,1.0,822.35722748952,88.014048,0.0742,81.6864,905.0498458,822.9761479,86.85276,0.0747,823.3634458,40.13941,43.191048,42.24806,42.06241,40.641502,41.22266,41.375515,41.912735,40.543274,41.290405,40.527397,42.754013,44.65021,45.41371,46.385277,45.937275,46.551716,46.65215,47.08868,47.673687,47.93201,48.224903,48.56738,49.2012,49.628716,49.17667,49.34852,49.79322,49.812115,50.15414,49.490143,50.07656,50.349445,853.8464,854.0579,853.5433,853.7844,854.87286,854.12476,853.9948,853.8161,854.5473,853.0798,854.3603,852.4087,852.2529,851.2732,850.5652,850.1003,849.2915,849.8466,848.83563,848.67236,848.2904,847.81305,847.5777,846.7738,846.96606,846.6756,846.7094,846.3247,846.288,846.19415,846.4363,846.0623,845.989,31.489147022198722,31.700694873761222,31.186046436261222,31.427196338604972,32.51563628001122,31.767528369854972,31.637584522198722,31.458873584698722,32.19007475657372,30.722545459698722,32.00306303782372,30.051463916729972,29.895702197979972,28.915965869854972,28.207958057354972,27.743053272198722,26.934276416729972,27.489391162823722,26.478404834698722,26.315135791729972,25.933177783917472,25.455821826886222,25.220470264386222,24.416576221417472,24.608836963604972,24.318370655011222,24.352184131573722,23.967479541729972,23.930797412823722,23.836925342511222,24.079051807354972,23.705089405011222,23.631786182354972,other,other,corn,corn,corn,soybeans,corn,corn,corn,soybeans,corn,corn,soybeans,corn,corn,corn,corn,2,0,0,0,0,0,1,1,1,1,1,1,1,1,1,1,1,1,1,1,1,1,1,1,1,1
grid69,-100.69732901450521,39.41230990407118,8,14,grid13,17,0.8947368421052632,822.9761478528961,86.85276,0.0747,81.6864,905.0498458,822.9761479,86.85276,0.0747,823.3634458,39.612026,42.862553,41.859604,41.632538,40.068672,40.75155,40.87308,41.30374,40.11392,40.877552,40.14415,42.341743,42.860565,43.586952,44.368774,45.547977,46.10843,46.188927,46.595615,47.17179,47.40926,47.697266,48.034515,48.67993,49.14782,49.361538,48.960846,49.75416,49.789913,49.648594,49.449272,50.01892,49.176376,854.1993,854.3973,854.0768,854.1854,855.30145,854.3192,854.2117,854.1322,854.9587,853.49396,854.6596,852.5504,852.3051,851.3716,850.6329,850.5609,849.8273,850.24786,849.2634,849.15234,848.785,848.35535,848.1169,847.347,847.50885,847.305,847.2181,846.9807,846.9414,846.72327,847.0724,846.7189,846.67316,31.223131932260117,31.421129979135117,31.100634373666367,31.209276951791367,32.32530478382262,31.343066014291367,31.235522068978867,31.156054295541367,31.982531346322617,30.517809666635117,31.683459080697617,29.574267186166367,29.328966893197617,28.395434178353867,27.656725682260117,27.584765233041367,26.851122654916367,27.271715916635117,26.287279881478867,26.176195897103867,25.808825291635117,25.379198826791367,25.140734471322617,24.370837010385117,24.532702244760117,24.328844822885117,24.241930760385117,24.004565037728867,23.965258397103867,23.747118748666367,24.096239842416367,23.742724217416367,23.697008885385117,corn,corn,soybeans,wheat,wheat,corn,soybeans,corn,corn,wheat,corn,soybeans,wheat,wheat,corn,corn,wheat,0,6,1,1,1,1,1,1,1,1,1,1,1,1,0,1,1,1,1,1,1,1,1,0,1,1
grid70,-100.69728543143228,39.419575802074654,8,15,grid13,18,0.9473684210526315,823.777103612424,85.93836,0.0727,81.6864,905.0498458,822.9761479,86.85276,0.0747,823.3634458,39.06551,42.21821,40.840683,40.747044,39.56745,40.12438,40.279495,40.404465,39.066185,39.976322,39.28821,41.446476,43.112896,43.90029,43.881035,45.099606,45.662502,45.729214,46.160454,46.72669,46.96271,47.236973,47.54543,48.18753,48.949078,49.270123,50.106876,49.70497,49.752346,50.467537,49.489132,49.939705,48.509308,854.539,854.8864,854.39435,854.77216,856.26,855.1764,855.1074,854.74945,855.0706,853.96405,854.89655,853.3239,853.1959,852.3294,851.26324,851.40283,850.7588,851.06903,850.09265,850.0608,849.70624,849.3118,849.0699,848.33124,848.3346,848.10175,848.1484,847.8356,847.7885,847.65424,848.01495,847.64105,847.2299,30.761897852419793,31.109309961794793,30.617244532107293,30.995052149294793,32.48290615320104,31.399287989138543,31.330318262576043,30.972347071169793,31.293514063357293,30.186946680544793,31.119441797732293,29.546809961794793,29.418819239138543,28.552303125857293,27.486141016482293,27.625728418826043,26.981685450076043,27.291927149294793,26.315547754763543,26.283687403201043,25.929134180544793,25.534725000857293,25.292781641482293,24.554134180544793,24.557491114138543,24.324641993044793,24.371272852419793,24.058467676638543,24.011409571169793,23.877132227419793,24.237850000857293,23.863948633669793,23.452815821169793,corn,soybeans,soybeans,wheat,wheat,corn,soybeans,wheat,corn,corn,wheat,corn,soybeans,wheat,corn,corn,wheat,0,6,1,1,1,1,1,1,1,1,1,1,1,1,1,1,1,1,0,1,1,1,1,1,1,1
grid71,-100.69724184835938,39.42684170007812,8,16,grid12,0,0.0,824.566450780488,86.24316,0.0706,84.7344,906.4218783,823.0005743,80.68056,0.0636,821.6874783,38.1914,41.480114,39.91914,40.221767,39.040047,39.59392,39.710995,39.862694,38.346107,39.38983,38.57645,41.075096,41.423183,42.13683,43.11188,43.250225,43.756527,43.841824,44.283028,44.78571,45.027695,45.266525,45.535835,46.131565,48.249638,48.78473,48.326897,49.194942,49.248627,48.689217,48.958477,49.379894,48.23056,855.0865,855.3805,855.20447,855.1525,856.7484,855.5203,855.4734,855.12866,855.85376,854.8376,855.64496,853.62134,853.37067,852.55084,851.64984,851.6639,851.1097,851.29376,850.36475,850.36487,849.9823,849.613,849.39734,848.6839,849.01337,848.72156,848.6394,848.3601,848.3097,848.15796,848.5427,848.1752,848.01483,30.520036035918224,30.814042383574474,30.638016992949474,30.586076074980724,32.181962305449474,30.953873926543224,30.906937891386974,30.562211328886974,31.287308985136974,30.271134668730724,31.078507715605724,29.054887110136974,28.804215723418224,27.984391504668224,27.083390528105724,27.097428614043224,26.543229395293224,26.727311426543224,25.798295313261974,25.798417383574474,25.415849024199474,25.046525293730724,24.830888086699474,24.117448145293224,24.446915918730724,24.155106836699474,24.072953516386974,23.793656641386974,23.743241602324474,23.591508203886974,23.976273828886974,23.608720117949474,23.448380762480724,other,wheat,wheat,fallow,wheat,fallow,wheat,fallow,corn,fallow,wheat,fallow,wheat,fallow,wheat,fallow,wheat,1,8,0,0,0,0,0,0,0,0,0,0,0,0,0,0,0,0,0,0,0,0,0,0,0,0
grid72,-100.69719826528646,39.434107598081596,8,17,grid12,0,0.0,825.1104361827361,84.850224,0.0701,84.7344,906.4218783,823.0005743,80.68056,0.0636,821.6874783,37.96799,41.41526,39.364483,39.748055,37.447372,38.02341,38.111507,38.352516,37.83224,39.0228,38.067516,39.41108,40.991802,41.70973,42.641087,42.832005,43.278545,43.324398,43.74889,44.242573,44.427483,44.69862,44.9583,45.563713,47.00405,47.459473,47.32944,47.71947,47.75917,47.653187,47.490376,47.879177,47.410175,855.76855,856.31726,855.6392,855.8003,857.0945,855.6988,855.6522,855.42584,856.07666,855.2212,855.83105,853.8232,853.8333,853.07184,852.0738,852.17926,851.7316,851.8093,850.93353,850.9587,850.69904,850.21765,850.02814,849.3503,849.6031,849.28033,849.1701,848.8484,848.7875,848.6571,849.0263,848.66223,848.52264,30.658118504763934,31.206824559451434,30.528785008670184,30.689856786013934,31.984046239138934,30.588355321170184,30.541785496951434,30.315406102420184,30.966223973513934,30.110755223513934,30.720618504763934,28.712744969607684,28.722876805545184,27.961402196170184,26.963355321170184,27.068824071170184,26.621192235232684,26.698889989138934,25.823096532107684,25.848243016482684,25.588599461795184,25.107215184451434,24.917701024295184,24.239844578982684,24.492652196170184,24.169898289920184,24.059668797732684,23.737952489138934,23.677039403201434,23.546668309451434,23.915869969607684,23.551795262576434,23.412207860232684,other,other,other,other,other,other,other,other,other,other,other,other,other,other,other,other,other,17,0,0,0,0,0,0,0,0,0,0,0,0,0,0,0,0,0,0,0,0,0,0,0,0,0
grid73,-100.68836643205728,39.354174841727435,9,6,grid14,2,0.10526315789473684,827.1021843750001,95.03968800000001,0.0637,84.1248,905.8544981,823.995881,109.831632,0.0686,821.7296981,43.73014,43.75809,44.462822,44.79169,43.207706,43.66561,45.34776,44.39505,44.288677,44.65336,43.87746,45.724266,47.31482,47.70333,46.87365,47.729168,48.526485,48.656452,48.936832,49.685284,49.94161,50.325706,50.67507,50.28121,51.220066,51.21558,52.387074,51.60926,51.59328,53.113674,51.250027,51.81734,52.353737,851.8238,851.9048,851.2086,851.75287,852.2654,851.93,851.8323,851.0913,851.9098,850.58777,852.1609,850.9281,850.3673,849.1798,847.1157,845.85297,844.8663,845.3047,845.863,843.86194,843.63275,842.89105,842.7212,841.87463,841.81726,841.52686,841.6735,841.0847,841.1575,841.2393,841.25726,840.71826,840.74896,24.721607128906157,24.802600781249907,24.106433789062407,24.650684277343657,25.163196484374907,24.827808300781157,24.730091015624907,23.989124218749907,24.807605664062407,23.485584179687407,25.058704296874907,23.825916210937407,23.265125195312407,22.077625195312407,20.013538281249907,18.750781933593657,17.764087597656157,18.202503124999907,18.760791699218657,16.759754101562407,16.530567089843657,15.788867871093657,15.619007031249907,14.772449414062407,14.715076367187407,14.424671093749907,14.571338574218657,13.982532421874907,14.055286328124907,14.137134472656157,14.155078808593657,13.616077343749907,13.646778027343657,other,corn,corn,corn,other,corn,corn,corn,sorghum,sorghum,sorghum,corn,corn,corn,sorghum,corn,sorghum,2,0,0,0,1,0,0,0,0,0,0,0,0,0,0,0,0,0,0,1,1,0,0,0,0,0
grid74,-100.68832296242188,39.361439302265616,9,7,grid14,0,0.0,826.549808788872,96.73437600000001,0.0631,84.1248,905.8544981,823.995881,109.831632,0.0686,821.7296981,43.04274,44.383175,45.070942,43.744034,43.84545,43.79672,44.559433,45.120678,43.293755,43.906418,43.32988,45.756493,48.00701,46.60544,47.512527,48.476864,49.287582,49.144215,49.82613,50.545963,50.83481,51.19082,51.553543,50.97875,51.55189,51.494205,52.74415,51.874287,51.85958,53.597515,51.536427,52.1164,52.746887,851.3399,851.3259,850.7419,851.50085,851.7482,851.5087,851.6194,850.75964,852.16907,850.547,852.4713,850.42346,849.8984,848.5896,847.10565,845.8262,844.76935,845.2852,845.51245,843.9297,843.6691,842.90283,842.7209,841.86237,841.90125,841.6197,841.7064,841.11536,841.15753,841.2275,841.30145,840.75635,840.7885,24.790095996284208,24.776118945502958,24.192073535346708,24.951045703315458,25.198421191596708,24.958919238471708,25.069575976752958,24.209834765815458,25.619258593940458,23.997188281440458,25.921504687690458,23.873653125190458,23.348567675971708,22.039790820502958,20.555843066596708,19.276363086127958,18.219539355659208,18.735408496284208,18.962642383002958,17.379878711127958,17.119319629096708,16.353023242377958,16.171077441596708,15.312556933784208,15.351436328315458,15.069881152534208,15.156612109565458,14.565547656440458,14.607722949409208,14.677669238471708,14.751643847846708,14.206538867377958,14.238704394721708,other,wheat,fallow,corn,corn,corn,sorghum,corn,corn,corn,corn,corn,corn,corn,corn,corn,sorghum,1,1,0,0,0,0,0,0,0,0,0,0,0,0,0,0,0,0,0,0,0,0,0,0,0,0
grid75,-100.68827949278645,39.36870376280382,9,8,grid14,3,0.15789473684210525,825.46232168064,98.85883199999999,0.0635,84.1248,905.8544981,823.995881,109.831632,0.0686,821.7296981,43.137646,44.385387,45.050438,43.792374,43.828144,43.873558,44.585064,45.108692,43.256615,43.893303,43.312912,45.76355,47.985634,47.640556,48.52114,48.554497,49.372868,49.587738,49.954178,50.634953,50.92908,51.28334,51.647537,52.050045,51.846268,51.724644,52.906055,52.107067,52.093853,53.703636,51.789257,52.378735,53.08829,850.9342,851.00073,850.46204,851.16504,851.4536,851.2341,851.3254,850.5327,852.083,850.3309,852.3143,850.0479,849.5878,848.4058,847.292,845.94073,844.8524,845.59906,845.3346,844.19977,843.90967,843.11676,842.92334,842.14984,842.1618,841.87024,841.9323,841.4148,841.4241,841.3956,841.5839,841.05597,841.0774,25.471882420922498,25.538410741234998,24.999714452172498,25.702717381859998,25.991291600609998,25.771748143578748,25.863056737328748,25.070393163109998,26.620686131859998,24.868549901391248,26.851948338891248,24.585590917016248,24.125507909203748,22.943501073266248,21.829670506859998,20.478413182641248,19.390095311547498,20.136738377953748,19.872273045922498,18.737446385766248,18.447346288109998,17.654438573266248,17.461018163109998,16.687519627953748,16.699482518578748,16.407917577172498,16.469990331078748,15.952473241234998,15.961750584984998,15.933308202172498,16.121601659203748,15.593647557641248,15.615070897484998,wheat,corn,fallow,wheat,corn,corn,other,other,corn,wheat,corn,wheat,wheat,corn,corn,corn,corn,2,5,0,0,1,0,1,0,0,1,0,1,0,0,0,0,0,0,0,0,0,0,0,1,0,0
grid76,-100.68823602315105,39.37596822334202,9,9,grid14,4,0.21052631578947367,823.7965256848321,98.544888,0.064,84.1248,905.8544981,823.995881,109.831632,0.0686,821.7296981,42.84049,44.343224,44.9907,42.925743,43.76782,43.90334,44.397556,45.054317,43.07351,43.68376,42.98116,45.745205,47.939842,47.68082,48.592934,48.604233,49.42444,49.6313,50.043236,50.68496,50.980698,51.33442,51.699673,52.130817,52.417652,52.338104,53.01881,52.727062,52.719635,53.86322,52.428024,53.005135,53.634144,850.6668,850.8203,850.3112,850.7454,851.3067,851.08466,851.14685,850.413,851.96655,850.17,852.05865,849.7753,849.4025,848.1926,847.3584,846.2216,845.1509,846.03485,845.3687,844.6779,844.3331,843.5421,843.334,842.49274,842.6269,842.2896,842.3105,841.85895,841.837,841.7167,841.9811,841.4895,841.491,26.87028339719916,27.02378681516791,26.51469257688666,26.94889667844916,27.51017597532416,27.28813007688666,27.35032490110541,26.61649921751166,28.17002704954291,26.37345722532416,28.26212910032416,25.97880390501166,25.60600117063666,24.39610126829291,23.56187275266791,22.42509296751166,21.35435322141791,22.23832538938666,21.57218769407416,20.88139179563666,20.53660419798041,19.74558857298041,19.53745869016791,18.69621113157416,18.83036640501166,18.49308613157416,18.51396015501166,18.06242206907416,18.04044941282416,17.92014911985541,18.18455341673041,17.69297626829291,17.69450214719916,corn,wheat,fallow,wheat,corn,corn,corn,corn,corn,corn,corn,corn,corn,corn,corn,corn,corn,0,2,1,0,0,0,0,1,0,0,1,0,0,0,1,1,0,0,0,0,0,0,0,0,0,0
grid77,-100.68819255351562,39.3832326838802,9,10,grid13,18,0.9473684210526315,821.678031737424,95.289624,0.0656,84.1248,905.8544981,823.995881,109.831632,0.0686,821.7296981,41.378902,44.2607,44.8969,42.697872,43.66965,43.769753,43.269356,44.96239,42.18635,42.423996,42.072685,45.736027,47.843098,47.657124,48.57888,48.581932,49.392754,49.590702,50.031143,50.643852,50.94877,51.286484,51.652634,52.108746,52.404922,52.318462,52.635834,52.703735,52.70033,53.52364,52.416653,52.985756,53.603992,850.4468,850.7966,850.3025,850.70996,851.3207,851.05023,850.99365,850.4135,851.9832,850.08997,851.9088,849.5943,849.35864,848.16046,847.4939,846.48785,845.44446,846.3728,845.45416,845.0277,844.55676,843.91156,843.6839,842.8327,842.9086,842.67834,842.7725,842.33295,842.2912,842.1657,842.4377,841.9754,841.96594,28.76874560632598,29.11853808679473,28.62445849695098,29.03192920007598,29.64264697351348,29.37220019616973,29.31562060632598,28.73548144616973,30.30518359460723,28.41193408288848,30.23078173913848,27.91626757898223,27.68061084070098,26.48242968835723,25.81586474695098,24.80982226648223,23.76642627038848,24.69477099695098,23.77613086023223,23.34967822351348,22.87873095788848,22.23352832116973,22.00586718835723,21.15467089929473,21.23059863366973,21.00031298913848,21.09449023523223,20.65491503991973,20.61316699304473,20.48767871179473,20.75965136804473,20.29737109460723,20.28791064538848,soybeans,corn,corn,soybeans,corn,soybeans,corn,soybeans,corn,corn,soybeans,corn,wheat,corn,corn,corn,corn,0,1,1,1,1,1,1,1,1,1,1,1,1,1,1,1,1,1,1,1,1,1,1,0,1,1
grid78,-100.6881490838802,39.390497144418404,9,11,grid13,16,0.8421052631578947,820.91249706936,87.331296,0.0693,83.2104,901.7532255,822.6130816,102.354888,0.0706,818.5428255,40.9959,44.1216,44.771206,42.42829,43.54114,43.593,42.856853,44.970432,41.79158,42.155056,41.721073,45.579178,47.70247,48.514706,49.36138,48.827625,49.58843,49.736855,50.197056,50.81542,51.09605,51.42772,51.783432,52.850136,52.246475,52.201195,52.538807,52.588417,52.58927,53.40734,52.304684,52.85999,53.417824,850.51874,851.13116,850.41614,850.8045,851.688,851.0533,850.98755,850.8047,852.0178,850.09595,851.82104,849.46655,849.3415,848.1946,847.6149,846.84174,845.82294,846.65015,845.64954,845.3502,844.8926,844.32733,844.07336,843.1752,843.29706,843.091,843.17456,842.78815,842.74133,842.6021,842.9006,842.4538,842.4455,29.60624072360872,30.21866748142122,29.50364062595247,29.89200732517122,30.77549121188997,30.14078662204622,30.07505175876497,29.89219043063997,31.10532519626497,29.18345019626497,30.90854785251497,28.55405566501497,28.42899462985872,27.28208300876497,26.70243212985872,25.92923877048372,24.91043994235872,25.73764941501497,24.73703906345247,24.43772265720247,23.98008105563997,23.41483447360872,23.16086718845247,22.26267382907747,22.38456103610872,22.17850634860872,22.26206347751497,21.87564990329622,21.82883593845247,21.68961474704622,21.98807666110872,21.54129931735872,21.53299853610872,corn,corn,soybeans,corn,soybeans,corn,corn,wheat,corn,corn,wheat,corn,corn,corn,corn,corn,corn,0,2,1,1,1,1,1,1,1,1,1,1,1,1,1,1,1,1,0,1,0,1,1,1,0,1
grid79,-100.68810561424479,39.3977616049566,9,12,grid13,4,0.21052631578947367,820.792467189024,79.97342400000001,0.0727,84.1248,900.3651063,821.6631861,80.555592,0.0737,816.2403063,40.575615,43.82885,43.16864,42.960728,41.470844,42.162315,42.369625,42.790176,41.374573,41.84819,41.31906,43.31651,46.922955,47.725574,48.503525,46.580307,47.283096,47.463215,47.92459,48.50554,48.80461,49.09624,49.456394,51.941494,53.311787,53.554302,52.98587,53.89117,53.90799,53.63191,53.6004,54.107563,53.911007,850.6257,851.2517,850.6921,850.8858,852.035,851.3347,851.19183,851.0535,852.02167,850.29694,851.8855,849.7049,849.6009,848.50366,847.82544,847.2154,846.2414,846.95056,845.91846,845.6941,845.2732,844.7616,844.4876,843.64667,843.9777,843.7795,843.80884,843.5207,843.469,843.26697,843.6053,843.186,843.1059,29.833204197694727,30.459241795350977,29.899610447694727,30.093336033632227,31.242505955507227,30.542249607850977,30.399366307069727,30.261060643007227,31.229200291444727,29.504468846132227,31.093030857850977,28.912427830507227,28.808423924257227,27.711194920350977,27.032972264100977,26.422925877382227,25.448926853944727,26.158094334413477,25.125989842225977,24.901624607850977,24.480726170350977,23.969129490663477,23.695142674257227,22.854200291444727,23.185254978944727,22.987012791444727,23.016370701600977,22.728223728944727,22.676526951600977,22.474500584413477,22.812818455507227,22.393506932069727,22.313428807069727,fallow,wheat,fallow,wheat,other,corn,fallow,wheat,sorghum,corn,sorghum,corn,corn,corn,corn,corn,corn,1,3,0,0,0,0,1,0,1,0,1,0,1,0,0,0,0,0,0,1,0,0,0,0,0,0
grid80,-100.68806214460938,39.40502606549479,9,13,grid13,19,1.0,821.663186133384,80.555592,0.0737,84.1248,900.3651063,821.6631861,80.555592,0.0737,816.2403063,40.39471,43.509308,42.755352,42.55469,41.00899,41.692547,41.87042,42.295383,40.940228,41.540154,40.91124,42.998257,44.520226,45.23978,46.07468,46.228043,46.881817,46.99863,47.481693,48.052654,48.318172,48.61843,48.97503,49.59535,53.078766,53.385353,52.79962,53.711826,53.7325,53.364243,53.421635,53.90695,52.936543,851.18085,851.54987,850.9903,851.23535,852.3827,851.60034,851.4716,851.3041,852.16455,850.5699,852.00696,849.8497,850.0458,848.982,848.2672,847.5434,846.63464,847.3357,846.18604,846.01764,845.7174,845.1665,844.876,844.0796,844.5443,844.35474,844.3808,844.14636,844.09076,843.87006,844.22736,843.8272,843.8103,29.517661034584762,29.886679589272262,29.327109276772262,29.572165429116012,30.719504296303512,29.937155663491012,29.808432518959762,29.640891015053512,30.501364647866012,28.906699120522262,30.343771874428512,28.186484276772262,28.382590233803512,27.318808495522262,26.604025780678512,25.880209862709762,24.971457421303512,25.672507225991012,24.522849022866012,24.354453026772262,24.054221093178512,23.503317772866012,23.212790429116012,22.416403710366012,22.881125390053512,22.691550194741012,22.717612206459762,22.483176171303512,22.427573143959762,22.206870018959762,22.564169823647262,22.164023339272262,22.147116600991012,corn,corn,corn,corn,soybeans,corn,corn,corn,sorghum,corn,corn,soybeans,corn,corn,corn,corn,corn,0,0,1,0,0,0,1,1,1,1,1,1,1,1,1,1,1,1,1,1,1,1,1,1,1,1
grid81,-100.68801867497396,39.41229052603299,9,14,grid13,19,1.0,822.617695310976,84.646008,0.0724,85.344,905.3911019,822.6176953,84.646008,0.0724,820.0471019,39.768425,42.96566,41.96947,41.725758,40.52588,41.20225,41.3485,41.780937,40.249115,40.901947,40.2193,42.666164,44.14522,44.87431,45.65587,45.840378,46.439934,46.537266,46.990196,47.55288,47.797108,48.092484,48.443974,49.07621,51.346024,51.56637,52.599228,51.92759,51.97192,53.077267,51.67761,52.17959,52.507698,851.8013,852.19415,851.6245,851.9089,852.8099,851.9289,851.8163,851.6209,852.626,851.1359,852.4348,850.07227,850.3966,849.3844,848.5845,848.03503,847.2157,847.77234,846.65784,846.5359,846.25085,845.7521,845.4556,844.6884,845.0389,844.8563,844.9393,844.63104,844.5774,844.4499,844.7129,844.3327,844.4126,29.183574220273954,29.576457521055204,29.006816407773954,29.291179200742704,30.192180177305204,29.311198731992704,29.198588868711454,29.003215333555204,30.008281251523954,28.518229981992704,29.817119142148954,27.454570314023954,27.778911134336454,26.766704103086454,25.966777345273954,25.417338868711454,24.598002931211454,25.154643556211454,24.040141603086454,23.918193360898954,23.633159181211454,23.134379884336454,22.837932130430204,22.070720216367704,22.421184083555204,22.238627931211454,22.321574708555204,22.013347169492704,21.959697267148954,21.832194825742704,22.095195314023954,21.715007325742704,21.794902345273954,corn,corn,corn,corn,corn,corn,corn,sorghum,corn,soybeans,corn,soybeans,corn,soybeans,corn,corn,soybeans,0,0,1,1,1,1,1,1,1,1,1,1,1,1,1,1,1,1,1,1,1,1,1,1,1,1
grid82,-100.68797520533853,39.41955498657118,9,15,grid13,19,1.0,823.131933690168,85.475064,0.0687,84.7344,906.4218783,823.0005743,80.68056,0.0636,821.6874783,39.189148,42.4807,41.03053,41.229145,39.56573,40.177296,40.322517,40.51965,39.50837,40.311234,39.481953,41.426506,43.127026,43.893795,45.228134,45.086052,45.622665,45.696503,46.147064,46.698437,46.9489,47.247963,47.547195,48.14066,49.444633,49.71321,52.605915,50.115936,50.16423,52.939716,49.9268,50.39845,50.6268,852.23956,853.14386,852.4651,852.3624,853.9333,852.8925,852.8022,852.4602,853.5258,852.06226,853.2898,850.92993,850.82965,849.9015,848.9438,848.8667,848.1413,848.47675,847.47455,847.42126,847.14716,846.6878,846.3811,845.633,845.81445,845.6361,845.6464,845.3026,845.2419,845.1718,845.4598,845.0736,845.1453,29.10762929811324,30.01192617311324,29.33315420045699,29.23049306764449,30.80135488405074,29.76058339967574,29.67025136842574,29.32827138795699,30.39388418092574,28.93032216920699,30.15786123170699,27.79799795045699,27.69771718873824,26.76955556764449,25.81185293092574,25.73476552858199,25.00936269655074,25.34481191530074,24.34261464967574,24.28933095826949,24.01522207155074,23.55587148561324,23.24916982545699,22.50106191530074,22.68251943483199,22.50417470826949,22.51448964967574,22.17067861451949,22.10994863405074,22.03988027467574,22.32784414186324,21.94167470826949,22.01339101686324,corn,corn,sorghum,corn,corn,soybeans,corn,corn,soybeans,corn,sorghum,corn,sorghum,corn,corn,corn,soybeans,0,0,1,1,1,1,1,1,1,1,1,1,1,1,1,1,1,1,1,1,1,1,1,1,1,1
grid83,-100.68793173570313,39.426819447109374,9,16,grid12,0,0.0,823.474870897104,84.53628,0.0664,84.7344,906.4218783,823.0005743,80.68056,0.0636,821.6874783,39.004078,42.018288,40.351288,40.80857,39.02252,39.627354,39.734848,39.963913,38.707424,39.60395,38.931297,41.041386,42.72257,43.493404,43.34681,44.637135,45.110043,45.15481,45.573982,46.116924,46.377644,46.63892,46.928272,47.532578,48.766365,49.18077,52.222958,49.58851,49.64317,52.415363,49.377937,49.818924,48.736458,853.22095,853.5181,852.7068,853.12384,854.4159,853.2498,853.17206,852.8425,853.4959,852.40906,853.32825,851.223,851.24084,850.3652,849.0967,849.4931,848.8803,849.001,848.1419,848.1183,847.73126,847.4138,847.1266,846.41077,846.4117,846.2266,846.2077,845.8509,845.788,845.73517,846.01416,845.63806,845.4744,29.746076368521017,30.043256544302267,29.231916212271017,29.648969434927267,30.941022657583517,29.774945997427267,29.697187208364767,29.367658399771017,30.021039747427267,28.934186720083517,29.853376173208517,27.748151563833517,27.765973829458517,26.890302442739767,25.621808790396017,26.018232130239767,25.405439161489767,25.526105665396017,24.667035841177267,24.643415235708517,24.256391309927267,23.938947462271017,23.651716016958517,22.935895704458517,22.936811231802267,22.751752638052267,22.732831739614767,22.376020216177267,22.313154005239767,22.260297559927267,22.539289259146017,22.163190626333517,21.999555372427267,fallow,wheat,fallow,wheat,fallow,wheat,corn,fallow,wheat,wheat,wheat,fallow,wheat,fallow,wheat,fallow,wheat,0,9,0,0,0,0,0,0,0,0,0,0,0,0,0,0,0,0,0,0,0,0,0,0,0,0
grid84,-100.68788826606772,39.43408390764757,9,17,grid12,3,0.15789473684210525,823.5473874012961,83.12810400000001,0.0672,84.7344,906.4218783,823.0005743,80.68056,0.0636,821.6874783,38.42051,41.592884,39.800587,40.273617,38.429665,39.02839,39.094578,39.357044,38.199852,39.237667,38.42819,40.62082,40.965885,41.719692,42.888412,44.213516,44.626034,44.630974,45.03213,45.56733,45.781815,46.064045,46.34354,46.957703,47.537766,47.968742,47.990856,48.39162,48.4546,48.463936,48.178646,48.58165,47.91116,853.68475,854.0625,853.1512,853.625,854.96497,853.65076,853.5829,853.2848,853.7207,852.8099,853.5193,851.5794,851.5123,850.7011,849.4351,850.00653,849.5058,849.51904,848.71436,848.7126,848.3522,848.0194,847.76056,847.0784,847.12177,846.8235,846.65894,846.38763,846.32544,846.2104,846.5465,846.17505,845.98706,30.137366016672672,30.515112598703922,29.603796680735172,30.077612598703922,31.417578419016422,30.103369434641422,30.035498340891422,29.737402637766422,30.173315723703922,29.262488086985172,29.971899708078922,28.032019336985172,27.964941700266422,27.153723438547672,25.887732227610172,26.459143360422672,25.958410938547672,25.971655567453922,25.166968067453922,25.165198047922672,24.804785450266422,24.472021778391422,24.213171680735172,23.531042774485172,23.574377735422672,23.276098926828922,23.111548145578922,22.840246876047672,22.778052051828922,22.663000782297672,22.999121387766422,22.627661426828922,22.439673145578922,corn,corn,sorghum,fallow,wheat,wheat,wheat,fallow,wheat,wheat,corn,fallow,wheat,wheat,corn,fallow,wheat,0,8,0,1,0,0,0,0,0,0,1,1,0,0,0,0,0,0,0,0,0,0,0,0,1,0
grid85,-100.67905518502603,39.35416696341146,10,6,grid14,19,1.0,822.0431071291921,91.065096,0.0596,69.1896,885.9241654,818.1169096,75.739752,0.0508,816.7345654,43.700584,43.721416,44.37064,44.36994,43.077923,43.693417,44.738827,44.282154,43.973507,44.389553,43.896122,45.444733,47.05249,47.727924,48.02543,47.34345,48.13516,48.292656,48.593807,49.298573,49.553288,49.929375,50.27478,51.512096,51.72432,51.639603,52.739506,52.024822,52.00245,53.58238,51.666313,52.21667,52.840805,849.3512,849.49585,848.6904,849.84955,849.81396,849.34827,849.4242,848.50867,850.04517,848.6238,850.63416,848.65204,847.9133,846.71423,844.82196,843.5786,842.4079,842.85223,843.2552,841.456,841.21027,840.4756,840.2771,839.51044,839.3416,839.116,839.04565,838.62463,838.6779,838.64825,838.81573,838.22217,838.2805,27.308089159870406,27.452742480182906,26.647322558307906,27.806441210651656,27.770857714557906,27.305159472370406,27.381087206745406,26.465559862995406,28.002058886432906,26.580672167682906,28.591048144245406,26.608931445026656,25.870222948932906,24.671126269245406,22.778853320026656,21.535506152057906,20.364790820026656,20.809126757526656,21.212080859089156,19.412886523151656,19.167158984089156,18.432478808307906,18.233992480182906,17.467329882526656,17.298506640339156,17.072920702839156,17.002547167682906,16.581526659870406,16.634810351276656,16.605147265339156,16.772627734089156,16.179060839557906,16.237410448932906,fallow,corn,corn,corn,corn,corn,corn,soybeans,corn,corn,corn,soybeans,corn,corn,soybeans,corn,corn,0,0,1,1,1,1,1,1,1,1,1,1,1,1,1,1,1,1,1,1,1,1,1,1,1,1
grid86,-100.67901182882812,39.36142998648437,10,7,grid14,19,1.0,822.042642040968,97.7646,0.0607,69.1896,885.9241654,818.1169096,75.739752,0.0508,816.7345654,43.382107,44.11017,44.756725,44.110462,43.46072,44.18684,44.84328,44.713284,43.44801,44.039604,43.48962,45.97947,47.44953,47.81871,48.245182,47.845135,48.65109,48.8306,49.192635,49.847515,50.163734,50.48834,50.841995,51.78212,52.002598,51.850292,53.04955,52.211815,52.199585,53.89369,51.89881,52.501934,53.250202,848.6091,849.04034,848.3538,848.90485,849.4065,848.84546,848.9389,848.2834,849.85144,848.12256,850.2302,847.91223,847.40497,846.1775,844.6401,843.3833,842.11993,842.7318,842.7523,841.31714,840.92804,840.2926,840.0809,839.34326,839.0399,838.82117,838.9952,838.4885,838.51666,838.5562,838.68884,838.07983,838.1427,26.566427783250788,26.997702197313288,26.311178759813288,26.862204150438288,27.363852099657038,26.802816943407038,26.896261767625788,26.240744189500788,27.808798388719538,26.079916552782038,28.187582568407038,25.869589404344538,25.362326220750788,24.134848193407038,22.597433642625788,21.340658740282038,20.077292041063288,20.689169482469538,20.709677294969538,19.274496630907038,18.885397509813288,18.249960498094538,18.038229541063288,17.300619677782038,16.997274951219538,16.778524951219538,16.952536181688288,16.445883349657038,16.474020556688288,16.513571337938288,16.646200732469538,16.037191943407038,16.100058154344538,corn,corn,corn,corn,corn,corn,corn,corn,corn,corn,soybeans,corn,soybeans,corn,soybeans,corn,corn,0,0,1,1,1,1,1,1,1,1,1,1,1,1,1,1,1,1,1,1,1,1,1,1,1,1
grid87,-100.6789684726302,39.36869300955729,10,8,grid14,14,0.7368421052631579,822.055534276296,97.112328,0.0615,83.2104,900.6704799,818.1553816,74.43216,0.0643,817.4600799,43.485336,44.19001,44.809326,44.16563,43.520237,44.287212,44.89685,44.78163,43.42206,44.039467,43.49064,46.00424,47.48982,47.88502,48.817543,47.973843,48.793316,48.994614,49.38803,50.008255,50.333065,50.654335,51.012333,52.382572,53.812313,53.87528,53.190544,54.197926,54.170914,54.0935,53.843445,54.39084,54.858955,848.17773,848.7212,848.10706,848.55304,849.1222,848.45575,848.5276,848.1088,849.78186,847.7755,849.98517,847.4128,846.9765,845.7299,844.59094,843.3968,842.0897,842.8624,842.5,841.4296,841.0095,840.3689,840.1394,839.3659,839.33514,839.1234,839.16986,838.8331,838.8301,838.68304,839.01117,838.4102,838.46545,26.122200098703956,26.665657129953956,26.051521387766456,26.497505274485206,27.066658106516456,26.400215235422706,26.472053614328956,26.053291407297706,27.726326075266456,25.719978419016456,27.929634180735206,25.357246485422706,24.920967188547706,23.674385157297706,22.535408106516456,21.341255274485206,20.034187403391456,20.806892481516456,20.444465723703956,19.374092188547706,18.953987208078956,18.313362208078956,18.083870020578956,17.310371485422706,17.279609766672706,17.067878809641456,17.114326563547706,16.777595606516456,16.774543848703956,16.627510157297706,16.955635157297706,16.354683008860206,16.409919825266456,corn,corn,corn,corn,corn,soybeans,corn,sorghum,corn,soybeans,corn,soybeans,corn,soybeans,corn,soybeans,corn,0,0,0,0,0,0,0,0,0,0,0,0,1,1,1,1,1,1,1,1,1,1,1,1,1,1
grid88,-100.6789251164323,39.375956032630214,10,9,grid14,18,0.9473684210526315,821.459031151296,88.34628000000001,0.0623,83.2104,900.6704799,818.1553816,74.43216,0.0643,817.4600799,43.2105,44.80695,45.43123,44.183514,44.207943,44.31508,44.728443,45.526608,43.269325,43.836857,43.165203,45.989506,48.12779,47.90472,48.85705,48.811302,49.663177,49.918095,50.33471,50.961475,51.316826,51.61829,51.998295,52.443287,53.575703,53.54444,52.925518,53.94162,53.934196,53.91037,53.649265,54.219566,54.72883,847.8187,848.1595,847.6246,848.26855,848.6465,848.3349,848.37427,847.741,849.57587,847.6022,849.7069,847.13477,846.76514,845.54987,844.6504,843.449,842.1457,843.1253,842.3315,841.59985,841.2669,840.5292,840.2752,839.5053,839.6804,839.5512,839.5363,839.20013,839.1735,839.00964,839.35626,838.78406,838.82275,26.359694434641483,26.700453711985233,26.165541602610233,26.809523536203983,27.187453223703983,26.875868751047733,26.915236426828983,26.281996680735233,28.116835547922733,26.143141700266483,28.247878028391483,25.675734473703983,25.306105567453983,24.090834571360233,23.191359473703983,21.989943458078983,20.686659766672733,21.666274024485233,20.872450782297733,20.140822364328983,19.807875586985233,19.070143653391483,18.816176368235233,18.046278907297733,18.221388770578983,18.092177344797733,18.077284766672733,17.741103126047733,17.714491797922733,17.550612403391483,17.897231055735233,17.325026465891483,17.363722754953983,corn,corn,soybeans,corn,soybeans,corn,corn,corn,corn,corn,soybeans,corn,corn,corn,corn,soybeans,corn,0,0,1,1,1,1,1,1,1,1,1,1,1,1,1,1,1,1,1,1,1,1,1,1,1,0
grid89,-100.67888176023436,39.38321905570312,10,10,grid13,15,0.7894736842105263,819.993818262576,79.29372,0.0647,83.2104,900.6704799,818.1553816,74.43216,0.0643,817.4600799,43.087612,44.05252,45.337524,43.245113,43.421406,44.17935,44.55007,44.683174,43.116108,43.716618,43.04036,45.982586,47.491207,47.87446,48.836006,48.12812,48.9354,49.160664,49.61753,50.228394,50.53031,50.865784,51.233833,52.41195,53.554405,53.530106,52.89142,53.92545,53.921,53.870205,53.644127,54.205124,54.704937,847.79364,848.44293,847.6532,848.0551,848.9477,848.35626,848.40576,848.0335,849.5674,847.6135,849.64484,846.96576,846.7961,845.5563,844.7742,843.7487,842.4928,843.4916,842.4867,841.989,841.6471,840.94775,840.6657,839.8703,840.144,840.0018,840.0179,839.70856,839.6631,839.4733,839.84503,839.30676,839.3287,27.799821874142708,28.449113866330208,27.659379979611458,28.061296483517708,28.953874608517708,28.362443944455208,28.411943456173958,28.039690038205208,29.573564549923958,27.619707128048958,29.651018163205208,26.971941014767708,26.802263280392708,25.562456151486458,24.780351659298958,23.754899999142708,22.498979588986458,23.497758885861458,22.492876073361458,21.995195409298958,21.653276463986458,20.953935643673958,20.671892186642708,19.876482030392708,20.150163671017708,20.007951756955208,20.024065038205208,19.714738866330208,19.669267674923958,19.479509374142708,19.851213475705208,19.312944432736458,19.334856053830208,corn,soybeans,soybeans,corn,soybeans,corn,corn,corn,wheat,corn,wheat,corn,corn,corn,corn,soybeans,wheat,0,3,1,1,1,1,1,1,1,1,1,1,1,1,1,1,1,1,1,0,0,0,0,1,1,1
grid90,-100.67883840403647,39.39048207877604,10,11,grid13,19,1.0,819.4502979485521,72.26198400000001,0.0691,83.2104,900.6704799,818.1553816,74.43216,0.0643,817.4600799,41.49626,44.478645,45.20007,42.97109,43.882885,43.968796,43.348583,45.10369,42.176533,42.40281,42.07937,45.810028,47.296955,48.093124,48.932888,49.003067,49.790195,49.949295,50.443382,51.05197,51.34046,51.670696,52.04085,52.451637,53.94063,54.040817,53.76736,54.36578,54.379482,54.53002,54.09749,54.640507,54.558437,847.75415,848.5198,847.8121,848.1823,849.0801,848.5234,848.43256,848.1893,849.62604,847.6434,849.54193,846.94934,846.936,845.76715,845.02423,844.1875,843.00165,843.9292,842.8135,842.4755,842.1227,841.50665,841.195,840.3727,840.74194,840.594,840.73956,840.38385,840.32745,840.2013,840.4933,839.9977,839.9966,28.303852442072866,29.069477442072866,28.361774805354116,28.732014063166616,29.629780176447866,29.073078516291616,28.982258203791616,28.738972070979116,30.175739649104116,28.193073633479116,30.091633203791616,27.499042871760366,27.485676172541616,26.316852930354116,25.573933008479116,24.737202051447866,23.551350000666616,24.478901270197866,23.363178613947866,23.025226953791616,22.672382715510366,22.056354883479116,21.744709375666616,20.922382715510366,21.291645410822866,21.143696192072866,21.289265039729116,20.933552149104116,20.877155664729116,20.750995996760366,21.042988184260366,20.547382715510366,20.546284082697866,corn,soybeans,corn,soybeans,corn,corn,corn,soybeans,corn,soybeans,corn,corn,soybeans,corn,soybeans,corn,corn,0,0,1,1,1,1,1,1,1,1,1,1,1,1,1,1,1,1,1,1,1,1,1,1,1,1
grid91,-100.67879504783855,39.397745101848955,10,12,grid13,18,0.9473684210526315,819.632947266768,68.192904,0.0723,84.1248,900.3651063,821.6631861,80.555592,0.0737,816.2403063,41.33743,43.929676,43.07392,42.71713,41.92016,42.62306,42.855717,43.258682,41.36934,41.728138,41.291233,43.645306,47.067337,47.870743,48.69233,46.852787,47.592724,47.80163,48.295845,48.862747,49.168537,49.46496,49.84008,52.169464,53.752663,53.904636,53.29277,54.237076,54.25427,54.04475,53.972637,54.49695,53.792973,848.24817,849.1093,848.44916,848.43665,849.5328,848.8338,848.69226,848.54083,850.05707,848.1342,849.9434,847.16766,847.1888,846.05396,845.2429,844.6009,843.49286,844.21094,843.1555,842.9075,842.5868,842.01953,841.6834,840.8854,841.3641,841.21405,841.2155,840.9626,840.89856,840.7043,841.0558,840.59296,840.5886,28.615221678544458,29.476366698075708,28.816210448075708,28.803698241044458,29.899828612138208,29.200854002763208,29.059313475419458,28.907885252763208,30.424120604325708,28.501269041825708,30.310473143388208,27.534716307450708,27.555834471513208,26.421007811356958,25.609972655106958,24.967943846513208,23.859911619950708,24.577990233231958,23.522570311356958,23.274523436356958,22.953844725419458,22.386583983231958,22.050463377763208,21.252428709794458,21.731127440263208,21.581103026200708,21.582567869950708,21.329638182450708,21.265612303544458,21.071337401200708,21.422838866044458,20.960009276200708,20.955675780106958,corn,corn,corn,corn,corn,corn,corn,soybeans,wheat,corn,corn,corn,corn,soybeans,corn,corn,corn,0,1,0,1,1,1,1,1,1,1,1,1,1,1,1,1,1,1,1,0,1,1,1,1,1,1
grid92,-100.67875169164063,39.40500812492187,10,13,grid13,18,0.9473684210526315,820.8239195315041,71.908416,0.0715,85.344,905.3911019,822.6176953,84.646008,0.0724,820.0471019,40.728794,43.558277,42.614586,42.635002,41.456753,42.14947,42.352997,42.76127,40.92385,41.400967,40.87399,43.32674,44.772247,45.494213,46.385223,46.497204,47.187115,47.345833,47.84708,48.404854,48.69069,48.981956,49.35314,49.96069,53.525227,53.739452,53.110237,54.06121,54.082123,53.78257,53.79768,54.30026,53.38784,848.8312,849.4366,848.7569,848.826,849.9123,849.14716,849.01697,848.82404,850.17285,848.4166,850.04175,847.32654,847.61163,846.5027,845.6692,845.0654,844.0513,844.6694,843.59033,843.4019,843.0969,842.5925,842.23737,841.45624,842.01465,841.86084,841.8634,841.67145,841.6017,841.3802,841.7523,841.31964,841.2961,28.00725722630841,28.61266494115216,27.93297744115216,28.00206923802716,29.08837294896466,28.32323623021466,28.19304824193341,28.00011611302716,29.34893203099591,27.59270644505841,29.21782851537091,26.50261855443341,26.78771376927716,25.67876601537091,24.84526992162091,24.24151015599591,23.22734999974591,23.84545302708966,22.76641249974591,22.57799697240216,22.27300429662091,21.76860976537091,21.41344619115216,20.63231826146466,21.19072890599591,21.03692031224591,21.03948378880841,20.84752822240216,20.77776503880841,20.55626845677716,20.92839980443341,20.49572158177716,20.47216201146466,corn,corn,corn,corn,soybeans,corn,soybeans,corn,corn,wheat,corn,soybeans,corn,corn,soybeans,wheat,corn,0,2,1,1,1,1,1,1,1,1,1,1,1,1,1,1,1,1,1,1,1,1,1,1,0,1
grid93,-100.6787083354427,39.412271147994794,10,14,grid13,5,0.2631578947368421,821.800157617632,78.42504000000001,0.068,84.7344,906.4218783,823.0005743,80.68056,0.0636,821.6874783,40.17774,43.16811,42.00871,42.197594,40.7542,41.3793,41.548855,42.06391,40.406395,40.89436,40.345882,42.60641,44.40265,45.134377,45.98518,45.76365,46.39315,46.534763,47.03076,47.576775,47.88994,48.162075,48.48432,49.055695,53.44871,53.81858,53.150566,54.14488,54.177834,53.688587,53.976177,54.361683,52.952816,849.2303,850.3411,849.5753,849.4159,850.9266,850.0377,849.91187,849.76587,851.02563,849.2566,850.8427,848.0623,847.98584,846.922,845.9068,845.88184,844.9721,845.4425,844.38434,844.27136,843.9597,843.5335,843.1562,842.3884,842.8966,842.6451,842.6685,842.53735,842.45984,842.2061,842.6747,842.2445,841.9461,27.430128026899297,28.540967870649297,27.775159765180547,27.615735937055547,29.126417089399297,28.237562108930547,28.111707616743047,27.965711522993047,29.225477147993047,27.456434179243047,29.042554784711797,26.262159276899297,26.185682226118047,25.121839452680547,24.106641698774297,24.081678319868047,23.171949315961797,23.642347265180547,22.584180761274297,22.471204687055547,22.159559179243047,21.733350683149297,21.356031347211797,20.588270116743047,21.096448827680547,20.844922948774297,20.868360448774297,20.737195897993047,20.659681249555547,20.405958105024297,20.874524999555547,20.444349218305547,20.145948339399297,wheat,corn,corn,fallow,wheat,corn,corn,corn,corn,corn,wheat,corn,corn,corn,corn,corn,corn,0,3,0,1,0,0,0,0,0,0,0,0,0,0,0,0,1,0,0,0,1,0,1,1,0,1
grid94,-100.67866497924479,39.41953417106771,10,15,grid13,19,1.0,823.000574268864,80.68056,0.0636,84.7344,906.4218783,823.0005743,80.68056,0.0636,821.6874783,39.63715,42.694893,41.47433,41.714428,39.97033,40.587864,40.75974,40.942776,39.894997,40.523933,39.863293,41.722713,43.38179,44.151665,45.563667,45.350292,45.920807,46.024857,46.505188,47.042217,47.323605,47.600674,47.914856,48.496418,52.98857,53.457832,52.793324,53.785515,53.82369,53.199764,53.60371,53.96216,51.197247,849.76215,850.7407,849.954,849.91266,851.4448,850.4702,850.3689,849.9882,851.1608,849.6164,850.9655,848.3954,848.4337,847.45276,846.2864,846.41064,845.60986,845.9612,844.93665,844.857,844.4804,844.169,843.7944,843.04987,843.4453,843.2797,843.2335,843.14484,843.0637,842.778,843.2841,842.8688,842.70935,26.761571727229693,27.740148387385943,26.953405223323443,26.912084422542193,28.444249949885943,27.469640574885943,27.368322215510943,26.987645945979693,28.160253367854693,26.615819774104693,27.964940867854693,25.394811473323443,25.433141551448443,24.452184520198443,23.285802684260943,23.410070262385943,22.609289012385943,22.960607371760943,21.936071238948443,21.856420360042193,21.479833445979693,21.168432078792193,20.793798289729693,20.049291453792193,20.444738231135943,20.279149852229693,20.232946238948443,20.144262156917193,20.063146434260943,19.777440867854693,20.283544383479693,19.868200145198443,19.708776317073443,corn,corn,corn,soybeans,corn,corn,soybeans,corn,soybeans,corn,corn,sorghum,corn,other,corn,corn,corn,1,0,1,1,1,1,1,1,1,1,1,1,1,1,1,1,1,1,1,1,1,1,1,1,1,1
grid95,-100.67862162304688,39.426797194140626,10,16,grid12,0,0.0,823.0556592762961,80.00085600000001,0.0615,84.7344,906.4218783,823.0005743,80.68056,0.0636,821.6874783,39.40902,42.304245,40.864883,41.292095,39.428135,40.051224,40.187202,40.386265,39.086098,39.987602,39.290447,41.34852,42.99128,43.765404,46.94724,44.91605,45.424515,45.48834,45.950848,46.479713,46.75774,47.010998,47.315754,47.907814,52.498684,53.06994,52.410538,53.400684,53.444252,52.675156,53.204456,53.534008,51.9533,850.6953,851.2878,850.3525,850.6233,851.9353,850.7653,850.6709,850.39374,851.33185,850.0875,851.11395,848.6103,848.76776,847.8344,846.8966,846.96155,846.2786,846.51196,845.5355,845.482,845.0918,844.82715,844.4692,843.7526,844.07465,843.9193,843.791,843.73254,843.6487,843.33307,843.8787,843.4731,843.33673,27.63965322370393,28.23212148542268,27.29681875104768,27.56763173932893,28.87964345807893,27.70966054792268,27.61523916120393,27.33807851667268,28.27618886823518,27.03186513776643,28.05829336042268,25.55463125104768,25.71210195417268,24.77875234479768,23.84094716901643,23.90588857526643,23.22296621198518,23.45630361432893,22.47986318464143,22.42633535261018,22.03613759870393,21.77148916120393,21.41351796979768,20.69696523542268,21.01898671979768,20.86365224714143,20.73535634870393,20.67688466901643,20.59302236432893,20.27740957136018,20.82306386823518,20.41742421979768,20.28107168073518,corn,corn,sorghum,fallow,wheat,wheat,wheat,fallow,wheat,wheat,corn,fallow,wheat,wheat,corn,fallow,wheat,0,8,0,0,0,0,0,0,0,0,0,0,0,0,0,0,0,0,0,0,0,0,0,0,0,0
grid96,-100.67857826684896,39.43406021721354,10,17,grid12,0,0.0,822.8587596680641,78.108048,0.0622,84.7344,906.4218783,823.0005743,80.68056,0.0636,821.6874783,38.88546,41.841484,40.388557,40.82335,38.896004,39.4936,39.592213,39.83926,38.653107,39.652596,38.846157,40.95801,42.154,42.944416,44.058804,44.497265,44.945816,44.970127,45.41433,45.936367,46.153984,46.442356,46.737137,47.339092,49.921837,50.88906,51.12523,51.198086,51.25094,51.355057,51.017353,51.342915,48.385536,851.05457,851.60364,850.6661,850.99426,852.34235,851.15894,851.06934,850.7268,851.43475,850.4633,851.28094,848.96063,849.54614,848.6739,847.2493,847.48724,846.92035,847.04755,846.1261,846.09216,845.82996,845.4523,845.1231,844.4374,844.5582,844.29126,844.34515,844.0315,843.955,843.8726,844.18866,843.80237,843.518,28.195805761623433,28.744878027248433,27.807316992092183,28.135503027248433,29.483586523342183,28.300175878810933,28.210576269435933,27.868046972560933,28.575993749904683,27.604558203029683,28.422185156154683,26.101872656154683,26.687382910060933,25.815129492092183,24.390568945217183,24.628483984279683,24.061589453029683,24.188786718654683,23.267338964748433,23.233403417873433,22.971196386623433,22.593510839748433,22.264348242092183,21.578618261623433,21.699467870998433,21.432500097560933,21.486394140529683,21.172734472560933,21.096257421779683,21.013859960842183,21.329899999904683,20.943608495998433,20.659245703029683,corn,other,corn,other,other,other,other,other,other,other,other,other,other,other,other,other,other,15,0,0,0,0,0,0,0,0,0,0,0,0,0,0,0,0,0,0,0,0,0,0,0,0,0
grid97,-100.66974393799478,39.35415908509549,11,6,grid14,19,1.0,819.81593144436,81.71688000000002,0.0548,69.1896,885.9241654,818.1169096,75.739752,0.0508,816.7345654,44.018524,44.03989,44.66848,44.723312,43.38059,44.03379,45.617588,44.615143,44.099834,44.50297,44.04059,46.188595,47.14586,48.41905,48.246178,47.49211,48.3081,48.469555,48.819035,49.493813,49.764046,50.130955,50.48675,51.77266,52.777187,52.773975,52.216293,52.51761,52.497303,53.16985,52.174335,52.729057,53.37187,846.5529,846.872,845.9813,847.08624,847.1887,846.5379,846.583,845.77106,847.6139,846.0351,848.18115,845.90454,845.15845,844.0514,842.50934,841.1712,839.80927,840.4263,840.4695,838.8906,838.64026,837.9233,837.69104,836.9512,836.8753,836.6771,836.57416,836.2322,836.26587,836.2185,836.4748,835.81793,835.90967,26.73698603610876,27.05607783298376,26.16539179782751,27.27031123142126,27.37278925876501,26.72197138767126,26.76707636814001,25.95512568454626,27.79796015720251,26.21916377048376,28.36522089939001,26.08860957126501,25.34251582126501,24.23546015720251,22.69340693454626,21.35527216892126,19.99333369235876,20.61033808689001,20.65355097751501,19.07469355564001,18.82432734470251,18.10734736423376,17.87510859470251,17.13524043064001,17.05937373142126,16.86119257907751,16.75822627048376,16.41624629001501,16.44993769626501,16.40257441501501,16.65886103610876,16.00200068454626,16.09373652439001,corn,corn,corn,corn,corn,corn,corn,corn,corn,soybeans,corn,soybeans,corn,soybeans,corn,soybeans,corn,0,0,1,0,1,1,1,1,1,1,1,1,1,1,1,1,1,1,1,1,1,1,1,1,1,1
grid98,-100.66970069523438,39.36142067070312,11,7,grid14,14,0.7368421052631579,819.5165636722561,96.298512,0.0586,69.1896,885.9241654,818.1169096,75.739752,0.0508,816.7345654,44.180275,44.543175,45.164974,44.830017,43.874935,44.60036,45.1463,45.15949,44.052494,44.529793,44.031067,45.696667,47.599747,48.06847,48.472813,48.003918,48.843918,48.99907,49.440884,50.07273,50.444695,50.723076,51.08965,52.052406,53.135376,53.14437,54.26352,53.50154,53.480587,55.008587,53.14132,53.69416,54.19737,845.8053,846.21436,845.4789,846.4453,846.5863,846.0736,846.1204,845.41907,847.60693,845.6807,848.0979,845.4597,844.7075,843.5158,842.16187,840.8051,839.31104,840.0909,839.8027,838.5137,838.2149,837.5154,837.2678,836.57007,836.56445,836.40643,836.5145,836.139,836.1498,836.1169,836.3595,835.6811,835.78326,26.288734179306402,26.697791796493902,25.962318163681402,26.928748827743902,27.069740038681402,26.557044726181402,26.603858691025152,25.902503710556402,28.090369921493902,26.164161425400152,28.581336718368902,25.943153124618902,25.190955858993902,23.999244433212652,22.645301562118902,21.288551073837652,19.794471483993902,20.574317675400152,20.286109667587652,18.997108202743902,18.698341112900152,17.998817187118902,17.751258593368902,17.053504687118902,17.047889452743902,16.889869433212652,16.997962694931402,16.622413378525152,16.633216601181402,16.600318651962652,16.842933398056402,16.164527636337652,16.266700487900152,fallow,other,corn,corn,corn,soybeans,corn,sorghum,corn,soybeans,wheat,corn,soybeans,corn,soybeans,corn,corn,1,1,0,0,1,0,0,0,0,0,1,0,0,1,1,1,1,1,1,1,1,1,1,1,1,1
grid99,-100.66965745247396,39.36868225631076,11,8,grid14,18,0.9473684210526315,819.379790625,96.533208,0.0607,83.2104,900.6704799,818.1553816,74.43216,0.0643,817.4600799,43.49266,44.622715,45.21521,44.82397,43.934334,44.69915,45.211018,45.223267,43.90525,44.700027,43.945087,45.751785,47.63476,48.119804,49.103664,48.18268,49.03516,49.245125,49.686657,50.28497,50.619038,50.93975,51.311745,52.751373,54.581627,54.65666,54.41939,54.967415,54.961422,55.22365,54.644222,55.224667,55.36424,845.45764,845.94464,845.3063,846.2061,846.3548,845.7513,845.7773,845.34076,847.92523,845.5226,848.21783,845.04156,844.3613,843.1378,841.9816,840.6884,839.12775,840.032,839.43823,838.43726,838.1305,837.4222,837.1521,836.48395,836.4989,836.37555,836.4395,836.0544,836.0435,836.00366,836.29315,835.60223,835.6648,26.077850976562445,26.564850488281195,25.926483789062445,26.826325097656195,26.975006738281195,26.371491113281195,26.397492089843695,25.960968652343695,28.545441308593695,26.142792382812445,28.838043847656195,25.661774316406195,24.981537499999945,23.758026757812445,22.601837792968695,21.308624902343695,19.747955957031195,20.652191796874945,20.058441796874945,19.057465234374945,18.750702539062445,18.042389550781195,17.772308984374945,17.104157128906195,17.119110742187445,16.995758691406195,17.059723535156195,16.674591699218695,16.663727441406195,16.623871484374945,16.913361230468695,16.222443261718695,16.285004296874945,corn,corn,corn,corn,corn,soybeans,corn,sorghum,corn,sorghum,sorghum,sorghum,corn,corn,soybeans,corn,corn,0,0,1,1,1,1,1,1,1,1,1,1,1,1,1,1,1,1,1,1,1,1,1,0,1,1
grid100,-100.66961420971354,39.37594384191841,11,9,grid14,18,0.9473684210526315,818.978289551448,85.051392,0.0617,83.2104,900.6704799,818.1553816,74.43216,0.0643,817.4600799,43.154453,44.64357,45.21585,44.8276,43.93796,44.72377,45.068474,45.233288,43.05874,43.607735,43.132736,45.66266,47.62675,48.127666,49.129997,48.255047,49.11043,49.332375,49.801422,50.3709,50.706764,51.024586,51.400948,52.756054,54.712276,54.746407,54.502018,55.055904,55.052086,55.332066,54.746788,55.325024,55.213657,845.2744,845.818,845.23444,846.0479,846.26337,845.6605,845.6573,845.3139,847.7177,845.3624,847.9757,844.76324,844.22345,842.9836,841.96136,840.83,839.2905,840.14624,839.4102,838.6712,838.3386,837.6647,837.36255,836.639,836.80505,836.77686,836.77747,836.395,836.36365,836.302,836.6205,835.9557,836.0157,26.29612451105197,26.83970361261447,26.25614648370822,27.06962304620822,27.28507714777072,26.68223290948947,26.67899804620822,26.33561425714572,28.73942285089572,26.38413720636447,28.99741845636447,25.78495507745822,25.24516015558322,24.00529199152072,22.98307519464572,21.85172753839572,20.31223779230197,21.16795068292697,20.43192773370822,19.69291406183322,19.36033349542697,18.68638330011447,18.38425927667697,17.66068749933322,17.82676415948947,17.79856591730197,17.79917626886447,17.41672997980197,17.38535790948947,17.32371240167697,17.64219384698947,16.97739892511447,17.03739648370822,corn,corn,corn,corn,corn,corn,corn,corn,corn,sorghum,wheat,corn,soybeans,corn,sorghum,corn,corn,0,1,1,1,1,1,1,1,1,1,1,1,1,1,1,1,1,1,1,1,1,1,1,1,0,1
grid101,-100.66957096695312,39.383205427526036,11,10,grid13,19,1.0,818.155381641768,74.43216,0.0643,83.2104,900.6704799,818.1553816,74.43216,0.0643,817.4600799,43.751785,44.460487,45.158024,44.77184,43.81611,44.581818,44.87012,45.100243,43.61188,44.370544,43.5235,45.557102,47.629387,48.418015,49.329746,48.3159,49.15141,49.40667,49.88423,50.48207,50.80124,51.12519,51.508,52.908627,53.97011,53.849705,54.22609,54.24473,54.24047,55.132904,53.98556,54.562706,55.173267,845.4495,845.84985,845.34515,846.0996,846.3591,845.75244,845.76306,845.45435,847.92267,845.54596,848.0143,844.66547,844.2785,843.0997,842.1736,841.1209,839.66156,840.5187,839.6062,839.07544,838.749,838.11255,837.7746,837.1028,837.32135,837.2674,837.3363,836.9602,836.91,836.8359,837.15436,836.5358,836.5903,27.29414228401322,27.69447187385697,27.18977216682572,27.94422773323197,28.20368818245072,27.59705976448197,27.60767988166947,27.29896406135697,29.76728681526322,27.39057783088822,29.85890058479447,26.51008466682572,26.12312177620072,24.94428876838822,24.01820234260697,22.96552900276322,21.50617841682572,22.36329511604447,21.45081953010697,20.92005781135697,20.59364179573197,19.95716718635697,19.61921552620072,18.94740156135697,19.16596845588822,19.11201337776322,19.18092206916947,18.80482343635697,18.75459150276322,18.68049482307572,18.99897626838822,18.38044599495072,18.43488935432572,corn,soybeans,corn,corn,corn,soybeans,corn,soybeans,corn,sorghum,sorghum,corn,sorghum,corn,sorghum,sorghum,sorghum,0,0,1,1,1,1,1,1,1,1,1,1,1,1,1,1,1,1,1,1,1,1,1,1,1,1
grid102,-100.6695277241927,39.39046701313368,11,11,grid13,19,1.0,817.857725391768,68.15328,0.0685,83.2104,900.6704799,818.1553816,74.43216,0.0643,817.4600799,43.65236,44.59073,45.90214,45.248936,43.93684,44.720833,44.94661,45.468956,43.840263,44.583057,43.743744,45.71109,47.43484,48.231304,49.122025,49.625256,50.30822,50.473907,50.91623,51.56592,51.85685,52.179024,52.55157,52.660946,54.36631,54.394295,54.091827,54.701637,54.715786,54.959194,54.457935,55.017178,55.033226,845.7291,846.28564,845.91473,845.9422,846.8166,846.22046,846.03894,845.9754,848.2035,845.83856,848.1603,844.70416,844.4718,843.29126,842.2852,841.8308,840.46405,841.25964,840.2253,839.8566,839.39734,838.95667,838.57935,837.63873,838.0406,837.8593,838.0847,837.7533,837.6895,837.5839,837.89734,837.34375,837.35956,27.871400584794515,28.427919139482015,28.057008494950765,28.084474315263265,28.958863963700765,28.362733592607015,28.181215037919515,28.117677440263265,30.345765819169515,27.980836619950765,30.302552928544515,26.846437205888265,26.614076366044515,25.433534373857015,24.427491893388265,23.973085155107015,22.606324901200765,23.401918162919515,22.367555369950765,21.998903026200765,21.539613475419515,21.098939647294515,20.721620311357015,19.781007518388265,20.182862987138265,20.001588573075765,20.226991405107015,19.895570506669515,19.831788768388265,19.726197948075765,20.039613475419515,19.486024608232015,19.501832713700765,corn,corn,corn,corn,corn,corn,corn,corn,sorghum,corn,corn,corn,sorghum,corn,corn,corn,corn,0,0,1,1,1,1,1,1,1,1,1,1,1,1,1,1,1,1,1,1,1,1,1,1,1,1
grid103,-100.66948448143229,39.39772859874132,11,12,grid13,19,1.0,818.1778918959601,64.81267199999999,0.0712,77.4192,891.3124592,816.2016032,67.275456,0.0705,813.8932592,41.915295,44.216347,43.524494,43.62997,43.56424,44.34315,44.54071,45.07209,41.743847,41.952904,41.657948,45.469765,46.967827,47.74569,48.571342,48.577053,49.269066,49.753265,49.918015,50.524307,51.531372,51.1237,51.501144,52.382275,54.205982,54.26633,55.51728,54.567432,54.58494,56.127644,54.327545,54.867687,54.214825,846.0263,846.6106,845.9191,846.4221,847.18744,846.56146,846.3848,846.2758,847.70715,845.6768,847.6193,844.82587,844.9985,843.8292,842.7991,842.2578,841.01086,841.746,840.6344,840.35675,840.0116,839.53564,839.1266,838.2259,838.66925,838.5702,838.9904,838.5293,838.4553,838.50726,838.6394,838.1375,838.13983,27.84841425638365,28.4327038071649,27.74123652200865,28.2442272446649,29.00954706888365,28.38357050638365,28.20693476419615,28.09792597513365,29.5292614243524,27.49892695169615,29.44143183450865,26.64797480325865,26.82058222513365,25.6513317368524,24.6211803696649,24.0799206040399,22.8329723618524,23.5680797837274,22.4565075181024,22.17885859232115,21.8337047837274,21.3577526352899,20.9486950181024,20.04799921732115,20.49135859232115,20.3922985337274,20.81252558450865,20.3514049790399,20.2774303696649,20.32937128763365,20.4615124009149,19.95962031107115,19.96193964700865,corn,corn,corn,corn,corn,corn,soybeans,corn,corn,sorghum,sorghum,corn,soybeans,corn,soybeans,corn,corn,0,0,0,1,1,1,1,1,1,1,1,1,1,1,1,1,1,1,1,1,1,1,1,1,1,1
grid104,-100.66944123867187,39.404990184348954,11,13,grid13,19,1.0,819.045373827744,67.10172,0.0693,85.0392,898.8186102,818.657937,76.468224,0.0602,813.7794102,41.154697,43.85954,42.96597,43.210304,43.298733,44.00888,44.172363,44.672962,41.276703,41.46854,41.18239,45.046368,46.691765,47.480583,48.253284,46.42872,47.14976,47.339363,47.89802,48.43943,48.785305,49.05971,49.404953,51.577515,54.23822,54.41715,55.278774,54.71391,54.74279,55.793995,54.572884,54.999775,53.816948,846.1242,847.3691,846.57404,846.68634,848.06335,847.3368,847.1683,847.01135,848.42334,846.34393,848.2894,845.37354,845.2961,844.1551,843.1589,842.8527,841.73505,842.33936,841.2262,841.0361,840.63336,840.2983,839.8574,839.0355,839.5609,839.4497,839.7349,839.4863,839.4019,839.2787,839.61914,839.1452,838.91833,27.078832715224735,28.323705762099735,27.528661816787235,27.640966504287235,29.017980664443485,28.291418164443485,28.122900098037235,27.965978711318485,29.377966016005985,27.298559277724735,29.244054883193485,26.328161328505985,26.250707715224735,25.109716504287235,24.113500683974735,23.807348340224735,22.689672558974735,23.293981641005985,22.180822461318485,21.990697949599735,21.587987988662235,21.252904980849735,20.812048047255985,19.990148633193485,20.515539258193485,20.404333203505985,20.689550488662235,20.440954297255985,20.356542676162235,20.233312695693485,20.573766797255985,20.099828808974735,19.872961133193485,corn,corn,corn,corn,corn,corn,corn,sorghum,corn,soybeans,sorghum,corn,corn,soybeans,corn,soybeans,corn,0,0,1,1,1,1,1,1,1,1,1,1,1,1,1,1,1,1,1,1,1,1,1,1,1,1
grid105,-100.66939799591145,39.4122517699566,11,14,grid13,9,0.47368421052631576,820.052468945376,72.170544,0.0649,85.0392,898.8186102,818.657937,76.468224,0.0602,813.7794102,40.59802,43.413124,42.467396,42.75564,42.855408,43.558643,43.690903,44.197083,40.809914,41.1141,40.744213,44.740757,46.401222,47.200546,47.9314,46.025723,46.688755,46.849438,47.388145,47.91896,48.249096,48.511513,48.850178,49.40934,53.781166,54.066845,55.030674,54.375282,54.409233,55.446854,54.22266,54.623596,53.38177,846.5563,847.7701,846.9355,847.0909,848.52136,847.7435,847.5829,847.37994,848.5215,846.6801,848.3814,845.61926,845.7238,844.6203,843.54376,843.3206,842.3236,842.8839,841.7096,841.56396,841.2524,840.89856,840.4402,839.6839,840.29095,840.162,840.4012,840.1713,840.0813,839.96185,840.29126,839.84717,839.59894,26.50380546868655,27.7176116210303,26.8830168944678,27.0384124022803,28.46889335931155,27.69106132806155,27.53041679681155,27.3274749022803,28.46901542962405,26.6276458007178,28.3289397460303,25.56679374993655,25.6713469725928,24.5678313475928,23.4912932616553,23.2681487304053,22.27113945306155,22.83144218743655,21.65712578118655,21.51149589837405,21.1999114257178,20.84609062493655,20.38771660149905,19.6314299804053,20.2384856444678,20.10951835931155,20.3487151366553,20.1188567382178,20.02882988274905,19.9093840819678,20.23879082024905,19.79469902337405,19.5464690429053,corn,wheat,wheat,corn,corn,corn,corn,sorghum,fallow,wheat,corn,sorghum,corn,other,corn,sorghum,corn,1,3,1,1,0,1,1,0,1,0,1,0,0,0,0,0,1,0,1,0,0,1,1,1,1,1
grid106,-100.66935475315104,39.419513355564234,11,15,grid13,18,0.9473684210526315,821.16892793064,78.67192800000001,0.0615,85.0392,898.8186102,818.657937,76.468224,0.0602,813.7794102,40.36819,42.9322,41.93631,42.331326,41.187187,40.992165,41.191288,42.30465,40.30613,40.728725,40.25095,42.017067,45.34329,46.180893,47.59888,45.618954,46.22361,46.347073,46.87016,47.392742,47.677673,47.95865,48.28927,48.858795,53.31052,53.707626,52.984257,54.0176,54.05659,53.4644,53.851997,54.225662,52.99879,847.5788,848.2052,847.3319,847.8508,848.9022,847.95667,847.8471,847.55316,848.65875,847.0731,848.5168,845.749,846.2067,845.1851,843.96533,843.8664,842.9893,843.4341,842.29443,842.1802,841.9051,841.5663,841.1081,840.36804,840.95764,840.81,840.8165,840.78,840.6858,840.38196,840.89886,840.4721,840.3602,26.409868456078698,27.036272264672448,26.162981249047448,26.681902147484948,27.733293749047448,26.787737108422448,26.678179002953698,26.384233690453698,27.489824510766198,25.904192186547448,27.347856737328698,24.580095506859948,25.037798143578698,24.016191698266198,22.796404100609948,22.697466112328698,21.820390917016198,22.265154100609948,21.125505663109948,21.011247850609948,20.736162401391198,20.397356249047448,19.939165331078698,19.199114061547448,19.788713670922448,19.641069627953698,19.647600389672448,19.611101366234948,19.516863084984948,19.213030077172448,19.729936815453698,19.303179002953698,19.191301561547448,corn,soybeans,corn,corn,corn,corn,soybeans,corn,corn,corn,wheat,corn,sorghum,corn,sorghum,corn,sorghum,0,1,0,1,1,1,1,1,1,1,1,1,1,1,1,1,1,1,1,1,1,0,1,1,1,1
grid107,-100.66931151039063,39.42677494117187,11,16,grid12,0,0.0,821.722903418064,84.441792,0.0605,85.0392,898.8186102,818.657937,76.468224,0.0602,813.7794102,39.82588,42.536846,41.33504,41.799767,39.853046,40.43724,40.60009,40.826607,39.504856,40.185303,39.67256,41.630802,45.00445,45.846653,47.233795,45.196842,45.741116,45.798126,46.329697,46.845745,47.11925,47.38538,47.706253,48.286438,52.82189,53.321136,53.520817,53.643593,53.687775,53.751793,53.464184,53.809315,52.28984,848.05554,848.7897,847.74677,848.0128,849.3118,848.3705,848.26575,847.8199,848.845,847.6781,848.7754,846.0828,846.67444,845.69885,844.4567,844.50323,843.7485,844.02954,842.9907,842.90137,842.53864,842.3186,841.87885,841.1605,841.5958,841.4525,841.5328,841.2632,841.1656,841.0734,841.3873,840.97064,840.8498,26.332638574123507,27.066769433498507,26.023861718654757,26.289913964748507,27.588925195217257,26.647579980373507,26.542843652248507,26.096981835842257,27.122067285061007,25.955197167873507,27.052487206936007,24.359921288967257,24.951535058498507,23.975949120998507,22.733822656154757,22.780331445217257,22.025570703029757,22.306637597561007,21.267819238186007,21.178463769436007,20.815731835842257,20.595700097561007,20.155941796779757,19.437619042873507,19.872921777248507,19.729611230373507,19.809872460842257,19.540280175686007,19.442684960842257,19.350521874904757,19.664425683498507,19.247738671779757,19.126889062404757,other,other,fallow,wheat,fallow,wheat,other,other,other,other,fallow,wheat,fallow,wheat,fallow,wheat,fallow,6,5,0,0,0,0,0,0,0,0,0,0,0,0,0,0,0,0,0,0,0,0,0,0,0,0
grid108,-100.66926826763022,39.43403652677951,11,17,grid12,0,0.0,822.112256395008,80.281272,0.0594,85.0392,898.8186102,818.657937,76.468224,0.0602,813.7794102,39.26892,42.04424,40.82765,41.30301,39.28636,39.87767,40.00399,40.24121,39.04405,39.85152,39.232235,41.23973,44.663895,45.510525,46.17673,44.767784,45.2505,45.299534,45.77911,46.289013,46.523144,46.802486,47.112877,47.703403,51.51836,52.04733,51.313637,52.32512,52.377293,51.61306,52.138103,52.43753,51.58159,848.55475,849.23254,848.17914,848.4958,849.8247,848.7807,848.6791,848.2808,849.0594,848.07166,848.95746,846.45685,847.145,846.2193,845.0014,845.0581,844.4265,844.4847,843.619,843.5485,843.2933,842.9841,842.5748,841.8847,842.2852,842.09955,841.8015,841.8315,841.73615,841.34235,841.95746,841.5523,841.3925,26.44249214014826,27.12028755030451,26.06688178858576,26.38353217921076,27.71245063624201,26.66844428858576,26.56682075342951,26.16856635889826,26.94713081202326,25.95939887842951,26.84520210108576,24.34459174952326,25.03276313624201,24.10704292139826,22.88914741358576,22.94584907374201,22.31425727686701,22.37242378077326,21.50676215967951,21.43626655421076,21.18101753077326,20.87181342921076,20.46257270655451,19.77244819483576,20.17296089014826,19.98729194483576,19.68925727686701,19.71922553858576,19.62388862452326,19.23008979639826,19.84520210108576,19.44005073389826,19.28026069483576,other,other,other,other,other,other,other,other,other,other,other,other,other,other,other,other,other,17,0,0,0,0,0,0,0,0,0,0,0,0,0,0,0,0,0,0,0,0,0,0,0,0,0
grid109,-100.66043269096353,39.35415120677951,12,6,grid19,16,0.8421052631578947,818.11690956936,75.73975200000001,0.0508,69.1896,885.9241654,818.1169096,75.739752,0.0508,816.7345654,44.314125,44.34031,44.945866,45.493153,43.663532,44.322784,45.834793,44.923077,44.649406,45.26037,44.57521,46.31326,47.215252,48.63813,47.725765,47.622784,48.459644,48.63695,49.01943,49.665447,49.948917,50.307022,50.672916,51.27613,53.25793,53.27843,54.253723,53.644886,53.627026,54.952957,53.321682,53.856712,54.3119,843.8961,844.3778,843.44916,844.53406,844.72,844.023,844.0095,843.2376,845.5502,843.74005,846.1078,843.4485,842.6753,841.6206,840.2882,838.9085,837.3875,837.9634,837.8479,836.4777,836.2261,835.53503,835.2665,834.6152,834.5964,834.4366,834.40204,834.081,834.08984,834.06696,834.34485,833.6378,833.7647,25.77920859470248,26.26089804782748,25.33224814548373,26.41714804782748,26.60306113376498,25.90610068454623,25.89261191501498,25.12070029392123,27.43326132907748,25.62314170017123,27.99087851657748,25.33157675876498,24.55838339938998,23.50369589938998,22.17129843845248,20.79159873142123,19.27060263767123,19.84646933688998,19.73099082126498,18.36081259860873,18.10916464938998,17.41812461032748,17.14956992282748,16.49826377048373,16.47946494235873,16.31967490329623,16.28512900485873,15.964084082983732,15.972934180639982,15.950045997046232,16.22793906345248,15.520907813452482,15.647799903296232,corn,soybeans,wheat,corn,corn,corn,corn,corn,corn,corn,corn,corn,corn,corn,corn,soybeans,corn,0,1,1,1,1,1,1,0,1,1,0,1,1,0,1,1,1,1,1,1,1,1,1,1,1,1
grid110,-100.66038956164063,39.36141135492187,12,7,grid19,15,0.7894736842105263,817.371131836128,88.97721600000001,0.0547,82.296,895.6763468,814.5397512,88.236552,0.0583,813.3803468,44.442356,44.61983,45.179916,45.149025,43.914665,44.59697,45.450306,45.178032,44.070568,44.83195,44.10755,45.8739,47.362206,48.315613,48.004093,47.86562,48.73627,48.949444,49.366467,49.983997,50.312187,50.63865,51.01367,51.614117,53.473713,53.420406,54.627705,53.76731,53.747227,55.464596,53.428673,53.99175,54.594456,843.0107,843.6262,842.8753,843.74994,844.019,843.3493,843.2977,842.85077,845.55054,843.18585,845.95605,842.7776,842.03455,840.8751,839.7366,838.35504,836.637,837.346,836.969,835.8318,835.5265,834.8674,834.5826,833.9572,833.84155,833.6487,833.89044,833.4577,833.45386,833.5319,833.7719,833.00134,833.1454,25.63954931621572,26.25508886699697,25.50417333965322,26.37880712871572,26.64785009746572,25.97817236309072,25.92659765605947,25.47963720684072,28.17940527324697,25.81472021465322,28.58492285137197,25.40645605449697,24.66341406230947,23.50399023418447,22.36544042949697,20.98390966777822,19.26589208965322,19.97487646465322,19.59786230449697,18.46065527324697,18.15535742168447,17.49623876934072,17.21144873027822,16.58608251934072,16.47042089824697,16.27754980449697,16.51931005840322,16.08657080059072,16.08272558574697,16.16078955059072,16.40077978496572,15.63021093730947,15.77425390605947,fallow,wheat,corn,soybeans,corn,corn,corn,corn,corn,corn,corn,corn,corn,corn,soybeans,corn,corn,0,1,1,1,1,1,1,1,1,0,1,0,0,1,1,1,1,1,1,1,1,1,1,1,0,1
grid111,-100.66034643231771,39.368671503064235,12,8,grid19,18,0.9473684210526315,816.929149512576,92.808552,0.0589,82.296,895.6763468,814.5397512,88.236552,0.0583,813.3803468,44.600437,45.205585,45.75685,45.240673,44.458233,45.258953,45.537212,45.935146,44.083244,44.852768,44.131348,45.9416,47.334618,48.35909,48.91472,48.738068,49.587494,49.774963,50.264095,50.832485,51.159706,51.470413,51.840218,52.449677,55.026485,54.99407,54.736053,55.2915,55.28635,55.65251,54.993736,55.590435,54.962486,842.4558,843.2695,842.64166,843.2713,843.6874,843.16754,842.9803,842.7568,845.52527,842.92633,845.9104,842.3788,841.83734,840.5285,839.39984,838.13214,836.3081,837.12646,836.4931,835.5876,835.1706,834.61786,834.308,833.8208,833.46576,833.5543,833.6648,833.29956,833.2806,833.27386,833.63965,832.84326,832.9845,25.526661034298968,26.340320702267718,25.712513085080218,26.342151756955218,26.758228417111468,26.238391991330218,26.051136131955218,25.827625389767718,28.596119042111468,25.997181053830218,28.981250878048968,25.449634667111468,24.908191796017718,23.599353905392718,22.470691796017718,21.202991600705218,19.378955956173968,20.197315331173968,19.563953514767718,18.658435936642718,18.241443749142718,17.688709374142718,17.378833885861468,16.891651268673968,16.536609764767718,16.625171776486468,16.735645409298968,16.370411034298968,16.351429100705218,16.344715233517718,16.710498924923968,15.914112206173968,16.055347557736468,corn,corn,corn,corn,corn,corn,corn,corn,corn,corn,corn,corn,corn,corn,corn,corn,corn,0,0,1,1,1,1,1,1,1,1,1,0,1,1,1,1,1,1,1,1,1,1,1,1,1,1
grid112,-100.66030330299479,39.3759316512066,12,9,grid19,19,1.0,816.561544043064,89.27592,0.0619,84.1248,897.1491398,814.1858379,93.37548,0.0634,813.0243398,44.451435,44.824314,45.727806,45.234867,44.155804,45.13049,45.417027,45.557026,43.204433,43.72335,43.28774,45.87309,47.77042,48.726078,48.939564,48.8013,49.657585,49.559456,50.365986,50.942654,50.968857,51.58718,51.966496,52.515446,55.13271,55.079834,54.802185,55.364048,55.361088,55.736115,55.079308,55.672462,55.690434,842.47363,843.43945,842.6161,843.1747,843.9256,843.11005,842.92377,843.03284,845.29254,842.799,845.647,842.124,841.6263,840.4801,839.38257,838.28,836.5071,837.42773,836.5256,835.8251,835.4726,834.8842,834.5317,833.962,833.8126,833.8807,834.0496,833.67645,833.63904,833.6074,833.9897,833.23096,833.3323,25.912088769435968,26.877909081935968,26.054544824123468,26.613138574123468,27.364054101467218,26.548502343654718,26.362223046779718,26.471292870998468,28.730997460842218,26.237467187404718,29.085428613185968,25.562479394435968,25.064737695217218,23.918558495998468,22.821024316310968,21.718485253810968,19.945536035060968,20.866190331935968,19.964029687404718,19.263529199123468,18.911051171779718,18.322672265529718,17.970133203029718,17.400431054592218,17.251078027248468,17.319132226467218,17.488077538967218,17.114908593654718,17.077494042873468,17.045877831935968,17.428141015529718,16.669412988185968,16.770731347560968,corn,corn,corn,corn,corn,corn,corn,corn,corn,sorghum,corn,corn,corn,corn,corn,corn,corn,0,0,1,1,1,1,1,1,1,1,1,1,1,1,1,1,1,1,1,1,1,1,1,1,1,1
grid113,-100.66026017367187,39.38319179934896,12,10,grid18,19,1.0,816.0850894033921,82.948272,0.0657,83.2104,900.6704799,818.1553816,74.43216,0.0643,817.4600799,44.261917,45.283264,46.389175,45.15834,44.696213,45.388947,45.629406,45.588314,43.83898,44.52376,43.74834,46.222885,48.25818,49.000385,49.926315,49.25043,50.005642,50.174202,50.65261,51.279537,51.621056,51.941807,52.296288,53.531487,55.149677,55.10586,55.370262,55.38041,55.379974,56.169147,55.105103,55.689556,55.624386,842.71924,843.7734,842.9019,843.33954,844.3178,843.6615,843.468,842.9406,845.4924,842.9508,845.59015,842.411,841.89185,840.69904,839.70294,838.88824,837.24255,838.05756,837.0905,836.5628,836.13763,835.67365,835.26746,834.5554,834.49225,834.50995,834.7617,834.3801,834.32416,834.2751,834.63696,833.9489,834.01074,26.63414887785791,27.68828706145166,26.81682710051416,27.25444917082666,28.23272065520166,27.57640962004541,27.38292817473291,26.85552338957666,29.40728120207666,26.86571626067041,29.50505952238916,26.32592133879541,25.80675629973291,24.61394624113916,23.61785249113916,22.80315522551416,21.15746430754541,21.97246674895166,21.00542573332666,20.47771577238916,20.05254487395166,19.58855561613916,19.18236665129541,18.47033051848291,18.40715913176416,18.42485932707666,18.67662934660791,18.29503754973291,18.23906831145166,18.18999604582666,18.55187348723291,17.86382417082666,17.92565278410791,corn,corn,corn,corn,corn,corn,corn,soybeans,corn,corn,corn,soybeans,corn,corn,corn,corn,soybeans,0,0,1,1,1,1,1,1,1,1,1,1,1,1,1,1,1,1,1,1,1,1,1,1,1,1
grid114,-100.66021704434897,39.39045194749132,12,11,grid18,19,1.0,815.936837987424,74.392536,0.069,77.4192,891.3124592,816.2016032,67.275456,0.0705,813.8932592,44.093124,45.33739,46.222324,45.05017,44.80317,45.508385,45.729195,45.780365,44.093895,44.73182,43.992996,46.408855,48.049812,48.801792,49.696777,49.790527,50.492382,50.663467,51.14626,51.785725,52.073,52.40399,52.790916,53.28397,54.805138,54.73351,55.961384,55.019943,55.03442,56.728947,54.799313,55.373207,54.93928,843.1416,844.16846,843.2698,843.6116,844.77563,844.1342,843.93744,843.3438,845.7643,843.2972,845.73517,842.5973,842.20557,840.9981,840.0213,839.2566,837.7415,838.61755,837.4344,837.0433,836.7191,836.2293,835.7802,835.1066,835.28424,835.2566,835.74945,835.27783,835.20636,835.2575,835.4583,834.85693,834.90063,27.204763575075958,28.231619043825958,27.332937403200958,27.674734278200958,28.838796778200958,28.197378321169708,28.000600977419708,27.406973047732208,29.827444239138458,27.360342188357208,29.798330469607208,26.660452051638458,26.268728418825958,25.061269922732208,24.084463282107208,23.319753809450958,21.804678125857208,22.680715723513458,21.497549219607208,21.106435938357208,20.782278223513458,20.292471094607208,19.843374414919708,19.169790430544708,19.347402735232208,19.319753809450958,19.812612696169708,19.340994043825958,19.269521875857208,19.320669336794708,19.521475000857208,18.920095606325958,18.963796778200958,corn,corn,corn,corn,corn,corn,corn,corn,corn,soybeans,corn,corn,corn,corn,soybeans,corn,corn,0,0,1,1,1,1,1,1,1,1,1,1,1,1,1,1,1,1,1,1,1,1,1,1,1,1
grid115,-100.66017391502605,39.39771209563368,12,12,grid18,2,0.10526315789473684,816.2016032237041,67.275456,0.0705,77.4192,891.3124592,816.2016032,67.275456,0.0705,813.8932592,44.029755,44.934227,45.900013,44.850845,44.400406,45.097946,45.29037,45.369728,43.781185,44.480347,43.710487,46.148895,47.057835,47.841938,48.701767,49.555984,50.219776,50.379406,50.85001,51.476234,51.747265,52.073524,52.458435,52.986965,54.93968,54.960487,55.763733,55.256165,55.28095,56.4531,55.140068,55.60658,54.621857,843.57404,844.5927,843.6483,843.9419,845.23706,844.5867,844.3944,843.687,845.8177,843.64404,845.7799,842.78613,842.49335,841.30347,840.21625,839.83856,838.4734,839.229,838.0323,837.7283,837.4086,836.99585,836.50275,835.8308,836.26575,836.2078,836.55634,836.2902,836.20465,836.0896,836.4564,835.91064,835.7554,27.37243242082718,28.39110917863968,27.44671220598343,27.74029130754593,29.03545732317093,28.38506669817093,28.19280595598343,27.48540849504593,29.61608476457718,27.44243974504593,29.57830400285843,26.58452958879593,26.29174394426468,25.10186357317093,24.01464433488968,23.63695878801468,22.27178544817093,23.02740068254593,21.83068437395218,21.52666826067093,21.20702714738968,20.79424638567093,20.30114335832718,19.62920732317093,20.06414384660843,20.00622148332718,20.35473222551468,20.08861894426468,20.00304765520218,19.88799638567093,20.25481767473343,19.70904130754593,19.55376787004593,corn,sorghum,sorghum,other,other,sorghum,corn,sorghum,corn,fallow,wheat,corn,corn,corn,corn,corn,corn,2,1,0,0,0,0,0,0,0,0,1,0,0,0,0,0,0,0,0,0,0,1,0,0,0,0
grid116,-100.66013078570312,39.40497224377604,12,13,grid18,15,0.7894736842105263,816.8706228528961,65.09004,0.0678,79.8576,891.5735461,814.0130856,59.881008,0.0587,811.7159461,41.833153,44.10794,45.396652,43.68753,43.537277,44.23888,44.428493,44.917233,43.43088,44.04804,43.34998,45.862556,46.779884,47.5753,48.3859,48.94191,49.561077,49.697784,50.18767,50.798824,51.079052,51.407494,51.7466,52.67807,54.552895,54.661633,55.549667,54.949245,54.979214,56.152912,54.82455,55.26688,54.254555,844.1688,844.8613,844.44745,844.2068,845.5155,844.84875,844.67456,844.4701,846.62524,844.46423,846.5518,843.0021,842.90576,841.73444,840.5832,840.66705,839.43787,840.0866,838.8722,838.6508,838.3417,837.99805,837.4619,836.54645,837.0566,836.9737,837.2657,837.05334,836.95776,836.8384,837.17334,836.6876,836.5227,27.298200389291424,27.990705272103924,27.576825877572674,27.336164256478924,28.644880076791424,27.978132029916424,27.803937693978924,27.599469920541424,29.754621287728924,27.593610545541424,29.681195994760174,26.131452342416424,26.035138865853924,24.863813182260174,23.712568065072674,23.796430369760174,22.567243358041424,23.215986033822674,22.001569529916424,21.780195018197674,21.471051951791424,21.127424022103924,20.591291209603924,19.675824901010174,20.185956736947674,20.103070994760174,20.395063182260174,20.182721873666424,20.087140818978924,19.967756053353924,20.302716990853924,19.816999217416424,19.652082225228924,corn,corn,corn,corn,corn,soybeans,corn,sorghum,corn,soybeans,corn,corn,corn,corn,soybeans,corn,soybeans,0,0,0,0,0,1,0,0,1,0,1,0,0,1,1,1,1,1,1,1,1,1,1,1,1,1
grid117,-100.66008765638021,39.41223239191841,12,14,grid18,18,0.9473684210526315,817.53231269436,66.08064,0.0627,85.0392,898.8186102,818.657937,76.468224,0.0602,813.7794102,41.265587,43.65558,44.865726,43.29869,43.090244,43.781,43.939617,44.43585,43.04339,43.75426,42.98963,44.895973,46.491276,47.297703,48.06644,48.615063,49.18417,49.297146,49.771183,50.370754,50.645508,50.954346,51.286808,51.852474,54.10549,54.318493,54.344585,54.61722,54.652092,54.912754,54.48156,54.898106,53.82327,844.63293,845.2945,844.82935,844.9023,845.98773,845.2953,845.1289,844.86395,846.7067,844.86224,846.635,843.0411,843.3486,842.206,840.97424,841.2842,840.1907,840.6307,839.53033,839.3506,839.0272,838.7684,838.21155,837.4633,837.8148,837.7068,837.8654,837.75494,837.65265,837.45044,837.8526,837.40314,837.2163,27.10062187595247,27.76218193454622,27.29703300876497,27.36997002048372,28.45541923923372,27.76297539157747,27.59659355563997,27.33163994235872,29.17441337985872,27.32993095798372,29.10269707126497,25.50876396579622,25.81625908298372,24.67368095798372,23.44193046970247,23.75186699313997,22.65836113376497,23.09836357517122,21.99802177829622,21.81827324313997,21.49490898532747,21.23605888767122,20.67923515720247,19.93100517673372,20.28250664157747,20.17447441501497,20.33310478610872,20.22263115329622,20.12033623142122,19.91812675876497,20.32028740329622,19.87082451267122,19.68399589938997,corn,corn,wheat,corn,corn,corn,corn,corn,corn,corn,corn,soybeans,corn,corn,corn,corn,corn,0,1,1,1,1,1,1,1,1,1,1,1,1,0,1,1,1,1,1,1,1,1,1,1,1,1
grid118,-100.66004452705728,39.419492540060766,12,15,grid18,4,0.21052631578947367,818.6579370125761,76.468224,0.0602,85.0392,898.8186102,818.657937,76.468224,0.0602,813.7794102,40.73887,43.15119,42.35761,42.80463,42.592777,43.272198,43.396004,43.901638,40.691135,40.934223,40.649757,44.550793,45.434612,46.279854,47.735905,45.870697,46.506886,46.6732,47.212933,47.72196,48.023,48.293396,48.640587,49.19899,53.634945,53.96948,53.99418,54.26064,54.30032,54.431763,54.112026,54.501083,53.34231,845.0388,845.77185,844.8324,845.3749,846.51514,845.78296,845.6232,845.31335,846.2211,844.6125,846.12555,843.38257,843.84784,842.78296,841.40564,841.443,840.50146,840.82684,839.7714,839.6187,839.34973,839.0985,838.5477,837.8109,838.47974,838.25085,838.4373,838.3291,838.22235,838.00824,838.4255,837.99146,837.8881,26.3808813467989,27.1139135733614,26.1744604483614,26.7169409171114,27.8571997061739,27.1250219717989,26.96529296789265,26.6554174796114,27.56319335851765,25.95455078039265,27.46761230383015,24.7246313467989,25.18990234289265,24.1250219717989,22.7477026358614,22.7850561514864,21.8435278311739,22.16890624914265,21.11348632726765,20.96077636633015,20.6917944327364,20.4405737296114,19.8897924796114,19.1529760733614,19.8217993155489,19.5929174796114,19.77937988195515,19.6711645499239,19.56441406164265,19.35030273351765,19.76753906164265,19.3335180655489,19.23018554601765,corn,corn,sorghum,fallow,wheat,wheat,wheat,wheat,wheat,wheat,corn,fallow,wheat,wheat,corn,fallow,wheat,0,9,0,0,0,0,0,0,0,0,1,1,0,0,0,0,0,1,0,0,0,0,0,0,1,0
grid119,-100.66000139773439,39.42675268820312,12,16,grid17,2,0.10526315789473684,819.806183202744,90.141552,0.0599,80.4672,890.515143,819.1513953,82.497168,0.0548,810.047943,40.197643,42.752018,41.76585,42.336998,42.077698,42.724583,42.859867,43.09968,39.898857,40.39139,40.078365,44.01987,45.096672,45.94682,46.71678,47.475204,48.033726,48.07108,48.626015,49.126686,49.34442,49.625477,49.93642,50.50069,53.158665,53.58349,53.748165,53.878727,53.92333,54.055332,53.715614,54.07534,52.613163,845.53955,846.38275,845.25903,845.82135,847.1018,846.3284,846.1932,845.7002,846.4254,845.25214,846.4038,843.8913,844.32526,843.3021,841.87933,842.32196,841.51306,841.7832,840.74146,840.59174,840.21954,840.08405,839.5451,838.8266,839.0158,838.87964,839.10333,838.867,838.7569,838.6501,838.97034,838.54425,838.4329,25.733367578505977,26.576568262099727,25.452850000380977,26.015166894912227,27.295623437880977,26.522246973037227,26.386993066787227,25.894012109755977,26.619231836318477,25.445953027724727,26.597625391005977,24.085113183974727,24.519073144912227,23.495940820693477,22.073150293349727,22.515777246474727,21.706878320693477,21.977019922255977,20.935271875380977,20.785552637099727,20.413360254287227,20.277862207412227,19.738921777724727,19.020415918349727,19.209624902724727,19.073455469130977,19.297149316787227,19.060821191787227,18.950713769912227,18.843902246474727,19.164153711318477,18.738067285537227,18.626739160537227,fallow,corn,wheat,wheat,corn,wheat,corn,fallow,wheat,corn,corn,corn,corn,corn,corn,wheat,corn,0,5,0,1,1,0,0,0,1,0,0,0,0,0,0,0,0,1,0,0,0,0,0,0,0,0
grid120,-100.65995826841146,39.43401283634548,12,17,grid17,0,0.0,820.94363935404,84.914232,0.0579,80.4672,890.515143,819.1513953,82.497168,0.0548,810.047943,39.663334,42.27336,41.281414,41.865227,41.638565,42.27111,42.37229,42.63983,39.456837,40.058434,39.639557,43.714714,44.756557,45.611397,46.316097,47.108116,47.609737,47.63556,48.15132,48.641838,48.833076,49.113716,49.41202,49.984554,51.82808,52.299343,52.311016,52.55186,52.60382,52.57399,52.38063,52.693687,51.900326,846.0429,846.8264,845.68085,846.26746,847.614,846.7847,846.6499,846.19006,846.6491,845.663,846.60425,844.3218,844.80365,843.82837,842.3908,843.0128,842.3314,842.38513,841.5187,841.386,841.0234,840.8898,840.3869,839.69336,839.8061,839.5289,839.6995,839.42883,839.32135,839.23267,839.5366,839.12317,838.9585,25.099268360803762,25.882776661585012,24.737207813928762,25.323816700647512,26.670374317835012,25.841089649866262,25.706262989710012,25.246424122522512,25.705469532678762,24.719385548303762,25.660608692835012,23.378137989710012,23.860010548303762,22.884729786585012,21.447168751428762,22.069178028772512,21.387781544397512,21.441492481897512,20.575037403772512,20.442346974085012,20.079737110803762,19.946131153772512,19.443262501428762,18.749720020960012,18.862451954553762,18.585230274866262,18.755884571741262,18.485193653772512,18.377710743616262,18.289026661585012,18.592981739710012,18.179529591272512,18.014856739710012,wheat,corn,fallow,wheat,corn,fallow,wheat,corn,fallow,wheat,corn,corn,fallow,wheat,corn,corn,sorghum,0,5,0,0,0,0,0,0,0,0,0,0,0,0,0,0,0,0,0,0,0,0,0,0,0,0
grid121,-100.65112144393228,39.35414332846354,13,6,grid19,18,0.9473684210526315,816.3030667972561,73.094088,0.0509,76.5048,890.086612,812.8967073,78.065376,0.0563,813.581812,44.902943,44.833584,45.44656,45.780243,44.268997,44.853374,46.49741,45.620235,44.759274,45.34392,44.710068,46.916336,47.80256,49.04848,47.85209,48.148033,48.90974,49.086006,49.43434,50.123547,50.43015,50.793514,51.144096,51.409176,53.403202,53.395214,54.435074,53.751865,53.73647,55.19867,53.446083,53.979305,54.475136,841.52423,842.1301,841.1958,842.07965,842.5458,841.7516,841.8138,840.9736,843.31726,841.4953,843.8353,841.32684,840.5369,839.3895,838.0504,836.88385,835.27264,835.82745,835.50934,834.3461,834.01154,833.4393,833.12476,832.4379,832.25684,832.0992,832.18365,831.89655,831.88226,831.8534,832.2209,831.47314,831.6249,25.221164159775185,25.827060155868935,24.892733983993935,25.776584081650185,26.242709569931435,25.448520116806435,25.510714941025185,24.670504980087685,27.014193944931435,25.192233495712685,27.532260351181435,25.023776464462685,24.233859472275185,23.086459569931435,21.747348241806435,20.580783300400185,18.969577245712685,19.524386816025185,19.206271581650185,18.043063573837685,17.708468847275185,17.136203222275185,16.821689062118935,16.134860448837685,15.953769140243935,15.796115331650185,15.880587987900185,15.593478612900185,15.579196386337685,15.550326757431435,15.917819433212685,15.170077733993935,15.321811132431435,corn,corn,corn,corn,corn,corn,corn,corn,corn,corn,corn,corn,corn,corn,soybeans,corn,corn,0,0,1,1,1,1,1,1,1,1,1,1,1,1,1,1,1,1,1,1,1,1,1,1,0,1
grid122,-100.65107842804687,39.36140203914062,13,7,grid19,18,0.9473684210526315,815.214537891768,81.256632,0.0534,76.5048,890.086612,812.8967073,78.065376,0.0563,813.581812,44.784954,45.190556,45.749016,45.52067,44.59452,45.205505,46.21068,45.49966,44.227608,44.965378,44.286865,46.636906,47.970665,49.026222,49.55703,48.42117,49.222034,49.420853,49.82491,50.484417,50.834957,51.168617,51.53001,53.14709,54.999943,55.02221,54.83311,55.27567,55.26331,55.744724,54.949776,55.501087,55.163826,840.20746,841.04315,840.3116,841.0007,841.49915,840.75385,840.60315,840.28876,843.20087,840.6501,843.5645,840.20874,839.54425,838.3749,837.3351,835.9421,834.03937,834.8608,834.18097,833.2091,832.88776,832.2862,831.958,831.5747,831.2062,831.15137,831.3644,831.0322,831.0122,831.01636,831.4396,830.5918,830.7753,24.992920604325718,25.828613963700718,25.097046580888218,25.786133494950718,26.284607616044468,25.539307323075718,25.388611522294468,25.074219432450718,27.986328807450718,25.435547557450718,28.349976268388218,24.994202342606968,24.329712596513218,23.160340037919468,22.120545116044468,20.727539744950718,18.824829784013218,19.646240916825718,18.966431346513218,17.994568553544468,17.673218455888218,17.071655955888218,16.743469920731968,16.360169139481968,15.991638866044468,15.936829295731968,16.149841991044468,15.817688670731968,15.797669139481968,15.801819530106968,16.225037303544468,15.377258983231968,15.560791698075718,corn,corn,corn,corn,corn,corn,corn,corn,corn,corn,corn,corn,corn,corn,corn,soybeans,corn,0,0,1,1,1,1,1,1,1,1,1,0,1,1,1,1,1,1,1,1,1,1,1,1,1,1
grid123,-100.65103541216145,39.36866074981771,13,8,grid19,18,0.9473684210526315,814.539751172256,88.236552,0.0583,82.296,895.6763468,814.5397512,88.236552,0.0583,813.3803468,44.87156,45.948467,46.492516,45.665886,45.310444,46.05355,46.333424,45.888622,43.858826,44.55111,43.918575,46.614098,48.093037,49.46207,49.748856,49.423683,50.218582,50.396683,50.881268,51.493904,51.842014,52.16744,52.524204,53.387455,55.464016,55.337925,56.396503,55.626156,55.62177,57.236534,55.354267,55.96785,55.380695,839.40576,840.4538,839.86096,840.2971,840.9301,840.2451,840.04376,840.0484,843.79663,840.1905,844.0471,839.60895,838.90204,837.8141,836.74664,835.4235,833.3135,834.2813,833.3554,832.5668,832.2735,831.64526,831.2953,830.76733,830.49414,830.6873,830.89453,830.4959,830.4686,830.52716,830.95953,830.04834,830.236,24.866010546493953,25.914045214462703,25.321210741806453,25.757367968368953,26.390363573837703,25.705366015243953,25.504011034775203,25.508649706650203,29.256879687118953,25.650739550400203,29.507367968368953,25.069196581650203,24.362287401962703,23.274335741806453,22.206891894150203,20.883771776962703,18.773725390243953,19.741559862900203,18.815656542587703,18.027021288681453,17.733747362900203,17.105512499618953,16.755536913681453,16.227582812118953,15.954389452743953,16.147565722275203,16.354780077743953,15.956159472275203,15.928876757431453,15.987409472275203,16.419782519150203,15.508588671493953,15.696271776962703,corn,corn,corn,corn,corn,corn,corn,corn,corn,corn,corn,corn,corn,corn,corn,corn,corn,0,0,0,0,0,0,1,1,1,1,1,0,1,1,1,1,1,1,1,1,1,1,1,1,1,1
grid124,-100.65099239627604,39.37591946049479,13,9,grid19,19,1.0,814.185837891768,93.37548000000001,0.0634,83.82,894.5628413,811.1228063,94.430088,0.0699,810.7428413,44.722168,45.902817,46.43364,45.620975,45.254242,45.998974,46.265724,45.73186,43.79764,44.445633,43.865425,46.60426,48.30098,49.30806,50.050877,49.428154,50.21342,50.39674,50.899517,51.49262,51.841637,52.15945,52.522106,53.61913,55.520092,55.38989,55.308964,55.662395,55.66021,56.299137,55.401264,56.007996,56.148354,839.5755,840.6436,840.08984,840.3919,841.16,840.5902,840.38165,840.26044,843.75726,840.4433,844.038,839.675,839.10156,837.9696,836.85406,835.79047,833.8261,834.74786,833.7115,833.0761,832.74316,832.202,831.79266,831.1643,831.0759,831.1995,831.45306,831.05536,831.00946,830.998,831.4555,830.6163,830.7536,25.38966259651329,26.45777783088829,25.90400585823204,26.20606884651329,26.97413525276329,26.40437206916954,26.19581494026329,26.07459911995079,29.57142529182579,26.25746044807579,29.85218701057579,25.48914990120079,24.91572460823204,23.78376660041954,22.66822704963829,21.60462841682579,19.64027294807579,20.56202587776329,19.52564892463829,18.89027294807579,18.55732617073204,18.01618847541954,17.60682568245079,16.97846874885704,16.89008984260704,17.01368603401329,17.26722607307579,16.86952099495079,16.82362255745079,16.81214794807579,17.26966747932579,16.43043408088829,16.56776318245079,corn,corn,corn,corn,corn,corn,corn,corn,corn,other,corn,corn,corn,corn,corn,corn,corn,1,0,1,1,1,1,1,1,1,1,1,1,1,1,1,1,1,1,1,1,1,1,1,1,1,1
grid125,-100.65094938039061,39.38317817117187,13,10,grid18,3,0.15789473684210525,813.18790810404,91.616784,0.0684,83.82,894.5628413,811.1228063,94.430088,0.0699,810.7428413,44.367466,45.573627,46.316708,45.515892,44.97713,45.645027,45.910843,45.501972,43.70964,44.303455,43.789875,46.394577,48.37188,49.117043,50.088882,49.352875,50.11844,50.301292,50.804993,51.41631,51.763306,52.07847,52.447083,53.717113,55.506035,55.393913,55.654163,55.665592,55.665993,56.543205,55.413696,56.009624,56.06065,840.2969,841.08685,840.52875,840.70087,841.6444,841.06726,840.85913,840.6348,843.72687,840.79987,843.97156,839.8013,839.45996,838.267,837.199,836.3671,834.6039,835.455,834.3381,833.8239,833.50684,833.01996,832.5446,831.88513,831.9265,831.9713,832.239,831.82275,831.75714,831.71625,832.13617,831.3955,831.47595,27.108966895959952,27.898944923303702,27.340839454553702,27.512958595178702,28.456501075647452,27.879352638147452,27.671222755334952,27.446918556116202,30.538959571741202,27.611957618616202,30.783649513147452,26.613361427209952,26.272052833459952,25.079120704553702,24.011066505334952,23.179218360803702,21.415973731897452,22.267108985803702,21.150165626428702,20.636005470178702,20.318927833459952,19.832050392053702,19.356708595178702,18.697223731897452,18.738605567834952,18.783405372522452,19.051105567834952,18.634845802209952,18.569233009241202,18.528339454553702,18.948261329553702,18.207599708459952,18.288044044397452,corn,other,fallow,wheat,corn,corn,corn,corn,wheat,corn,corn,corn,corn,corn,corn,corn,corn,1,2,0,0,0,0,0,0,0,0,1,0,0,0,1,0,0,0,0,0,0,0,0,0,0,1
grid126,-100.6509063645052,39.390436881848956,13,11,grid18,19,1.0,813.1026667972561,80.790288,0.0697,77.4192,891.3124592,816.2016032,67.275456,0.0705,813.8932592,44.07425,45.60246,46.012188,45.58459,45.058975,45.758274,46.004906,45.517406,43.81255,44.413425,43.91515,46.576324,48.160587,48.91606,49.855778,49.267925,49.988052,50.175648,50.6821,51.29605,51.605904,51.927628,52.295567,53.45731,55.195454,55.062115,56.1932,55.332394,55.34707,57.03287,55.13446,55.721405,55.316414,840.9171,841.6495,841.08527,841.14026,842.251,841.6195,841.4102,841.2199,843.9845,841.24756,844.1375,840.0184,839.83154,838.61566,837.5252,837.01825,835.43536,836.1458,835.031,834.6289,834.3015,833.90063,833.36414,832.5962,832.8006,832.69727,833.2677,832.80505,832.7241,832.7414,833.0164,832.3823,832.4326,27.81444746055638,28.54680830040013,27.98259931602513,28.03759199180638,29.14830976524388,28.51684003868138,28.30755048790013,28.11724287071263,30.88183027305638,28.14489179649388,31.03484540977513,26.91570478477513,26.72887617149388,25.51299482383763,24.42254072227513,23.91558271446263,22.33269697227513,23.04314619102513,21.92833906211888,21.52623945274388,21.19884687461888,20.79796796836888,20.26146894493138,19.49352460899388,19.69793134727513,19.59459882774388,20.16503339805638,19.70238691368138,19.62145429649388,19.63872724571263,19.91375165977513,19.27965742149388,19.32995039024388,corn,soybeans,soybeans,soybeans,corn,corn,corn,sorghum,corn,corn,corn,soybeans,corn,soybeans,corn,soybeans,corn,0,0,1,1,1,1,1,1,1,1,1,1,1,1,1,1,1,1,1,1,1,1,1,1,1,1
grid127,-100.6508633486198,39.39769559252604,13,12,grid18,0,0.0,813.12525146532,69.503544,0.0684,77.4192,891.3124592,816.2016032,67.275456,0.0705,813.8932592,43.883354,45.208923,45.746235,45.329533,44.667847,45.35587,45.575123,45.167755,43.576252,44.18942,43.68793,46.323563,47.149147,47.939045,48.82605,49.23511,49.915943,49.94441,50.60633,51.21415,51.608498,51.837677,52.201168,53.1641,55.219215,55.18849,56.008865,55.467613,55.49342,56.775352,55.366062,55.845646,55.01137,841.42053,842.0951,841.49896,841.50665,842.715,842.1011,841.8994,841.59686,844.0008,841.6395,844.1468,840.20703,840.1141,838.90674,837.6892,837.6811,836.25696,836.81464,835.7258,835.4122,835.11664,834.77673,834.18677,833.33417,833.7956,833.65674,834.1075,833.839,833.744,833.6232,834.00916,833.4464,833.3375,28.295280761242452,28.969841308117452,28.373710937023702,28.381401366711202,29.589775390148702,28.975822753429952,28.774162597179952,28.471611327648702,30.875541991711202,28.514274901867452,31.021538085461202,27.081779784679952,26.988823241711202,25.781486815929952,24.563957519054952,24.555839843273702,23.131706542492452,23.689384765148702,22.600578612804952,22.286918944836202,21.991386718273702,21.651481933117452,21.061516112804952,20.208916015148702,20.670341796398702,20.531486815929952,20.982231444836202,20.713737792492452,20.618767089367452,20.497978515148702,20.883903808117452,20.321159667492452,20.212272948742452,other,corn,corn,other,other,other,other,corn,other,other,other,other,other,other,other,other,other,14,0,0,0,0,0,0,0,0,0,0,0,0,0,0,0,0,0,0,0,0,0,0,0,0,0
grid128,-100.65082033273437,39.40495430320312,13,13,grid18,19,1.0,813.341982422256,62.462664000000004,0.0646,79.8576,891.5735461,814.0130856,59.881008,0.0587,811.7159461,43.473522,44.783905,45.66042,43.403553,44.246487,44.923332,45.11257,45.158497,43.67472,44.154377,43.59286,46.050354,46.86392,47.666122,48.531155,49.06987,49.70063,49.865505,50.367195,50.96846,51.267113,51.577198,51.93182,52.48207,54.8718,54.910374,54.895374,55.18252,55.21321,55.660965,55.07379,55.53075,54.673183,841.95764,842.5623,841.94885,841.9536,843.1992,842.5966,842.4056,841.95746,844.1437,842.0418,844.1087,840.43756,840.54877,839.35,837.92645,838.31024,837.0239,837.5204,836.3889,836.1371,835.73804,835.58844,834.958,834.22784,834.5373,834.4682,834.933,834.74097,834.63544,834.51996,834.84485,834.35736,834.2545,28.615659179306476,29.220334472275226,28.606870116806476,28.611630858993976,29.857236327743976,29.254636230087726,29.063596191025226,28.615476073837726,30.801694335556476,28.699826659775226,30.766721191025226,27.095578612900226,27.206784667587726,26.007993163681476,24.584470214462726,24.968259276962726,23.681943358993976,24.178403319931476,23.046933593368976,22.795102538681476,22.396054687118976,22.246457519150226,21.616025390243976,20.885861816025226,21.195310058212726,21.126218261337726,21.591000976181476,21.398984374618976,21.293454589462726,21.177976073837726,21.502866210556476,21.015378417587726,20.912534179306476,corn,corn,corn,corn,corn,corn,corn,corn,wheat,corn,corn,corn,corn,corn,corn,soybeans,corn,0,1,1,1,1,1,1,1,1,1,1,1,1,1,1,1,1,1,1,1,1,1,1,1,1,1
grid129,-100.65077731684896,39.41221301388021,13,14,grid18,17,0.8947368421052632,814.01308564596,59.88100800000001,0.0587,79.8576,891.5735461,814.0130856,59.881008,0.0587,811.7159461,43.803314,43.89931,45.26488,43.77312,43.326824,44.003258,44.18876,44.676064,43.290493,43.857784,43.234875,45.052402,46.578682,47.392384,48.204388,48.74833,49.32993,49.46517,49.95699,50.547596,50.84096,51.131336,51.479645,52.03879,54.439297,54.578182,54.569782,54.848198,54.88382,55.21556,54.728924,55.159714,54.345898,842.6463,842.8464,842.36566,842.4336,843.4725,842.8757,842.7056,842.35675,844.22534,842.452,844.2034,840.4649,840.99475,839.816,838.3179,838.92316,837.7766,838.1691,837.0578,836.841,836.4286,836.36725,835.70984,834.96967,835.30005,835.20374,835.60443,835.4737,835.36053,835.21533,835.5454,835.1,835.0216,28.633215623571232,28.833288865758732,28.352575975133732,28.420508104039982,29.459387498571232,28.862585740758732,28.692541795446232,28.343664842321232,30.212256150914982,28.438940721227482,30.190344529821232,26.451819139196232,26.981665330602482,25.802893357946232,24.304785447789982,24.910071092321232,23.763525682164982,24.156042772008732,23.044714647008732,22.827917772008732,22.415503221227482,22.354162889196232,21.696753221227482,20.956579881383732,21.286963182164982,21.190649705602482,21.591345506383732,21.460608201696232,21.347449022008732,21.202246385289982,21.532324510289982,21.086889939977482,21.008520799352482,corn,other,soybeans,corn,soybeans,corn,corn,corn,sorghum,sorghum,corn,sorghum,corn,corn,corn,corn,corn,1,0,0,0,0,0,0,1,1,1,1,1,0,1,1,1,1,1,1,1,1,0,1,1,1,1
grid130,-100.65073430096353,39.41947172455729,13,15,grid18,18,0.9473684210526315,815.6436093750001,70.3326,0.0562,84.7344,896.7985762,817.2713054,84.472272,0.0559,812.0641762,43.32399,43.401688,44.83577,43.309097,42.838425,43.498714,43.650997,44.14902,42.86097,43.538654,42.832348,44.711544,45.52862,46.38193,47.87721,48.43394,48.96741,49.066563,49.554165,50.135624,50.383297,50.695602,51.03707,51.604366,53.961517,54.21495,54.216774,54.48863,54.528755,54.730812,54.35602,54.75888,53.65957,843.14435,843.2444,842.7281,842.802,843.8939,843.29095,843.1287,842.7185,844.26587,842.81335,844.2532,840.7145,841.41046,840.302,838.7467,839.4181,838.3976,838.78326,837.61304,837.41785,837.1412,837.0041,836.3356,835.59564,835.92285,835.7916,836.1102,835.95276,835.83514,835.68445,836.0312,835.58984,835.4869,27.500738769531154,27.600775390624904,27.084479003906154,27.158392578124904,28.250311523437404,27.647345214843654,27.485113769531154,27.074896484374904,28.622259765624904,27.169745117187404,28.609564453124904,25.070868164062404,25.766852050781154,24.658392578124904,23.103094726562404,23.774481445312404,22.753973632812404,23.139654785156154,21.969427734374904,21.774237304687404,21.497564941406154,21.360479980468654,20.691961914062404,19.952032714843654,20.279242187499904,20.148016601562404,20.466620117187404,20.309149414062404,20.191534667968654,20.040838867187404,20.387579589843654,19.946234374999904,19.843268066406154,other,other,corn,soybeans,corn,soybeans,corn,soybeans,corn,corn,sorghum,corn,soybeans,corn,corn,corn,corn,2,0,0,1,0,0,1,1,1,1,1,1,1,1,1,1,1,1,1,1,1,1,1,1,0,1
grid131,-100.65069128507814,39.426730435234376,13,16,grid17,17,0.8947368421052632,817.271305370808,84.472272,0.0559,80.4672,890.515143,819.1513953,82.497168,0.0548,810.047943,42.86967,42.999176,44.2704,42.851334,42.348526,42.972534,43.136173,43.371147,42.12368,43.003143,42.304375,44.20664,45.19207,46.050613,46.851997,47.60136,48.178837,48.27052,48.812836,49.303753,49.533318,49.80172,50.129066,50.6869,52.58218,52.86583,53.009106,53.095657,53.145367,53.508163,52.998528,53.364647,52.923897,843.6945,843.87006,843.0618,843.24335,844.48035,843.86127,843.7227,843.1305,844.49335,843.5204,844.5412,841.24945,841.89246,840.82086,839.33075,839.9483,839.08936,839.281,838.2775,838.0822,837.72095,837.68506,837.04266,836.31964,836.55566,836.3933,836.74036,836.468,836.34814,836.2843,836.55786,836.1214,835.9805,26.423213672160728,26.598750781535728,25.790523242473228,25.972041797160728,27.209041308879478,26.589961719035728,26.451411914348228,25.859187793254478,27.222041797160728,26.249080371379478,27.269893359660728,23.978145312785728,24.621150683879478,23.549556445598228,22.059444140910728,22.676997851848228,21.818050097941978,22.009700488566978,21.006221484660728,20.810908984660728,20.449641894816978,20.413753222941978,19.771358203410728,19.048335742473228,19.284358691691978,19.122005176066978,19.469051074504478,19.196712207316978,19.076839160441978,19.012996387004478,19.286555957316978,18.850093554973228,18.709224414348228,corn,corn,corn,corn,soybeans,soybeans,wheat,corn,sorghum,corn,sorghum,corn,wheat,corn,corn,corn,corn,0,2,0,0,0,1,1,1,1,1,1,1,1,1,1,1,1,0,1,1,1,0,1,1,1,1
grid132,-100.65064826919271,39.433989145911454,13,17,grid17,0,0.0,819.1513952646721,82.49716800000002,0.0548,80.4672,890.515143,819.1513953,82.497168,0.0548,810.047943,40.18691,42.514526,41.743717,42.387653,41.88003,42.485176,42.616096,42.87885,39.888325,40.2661,40.065006,43.867226,44.87423,45.70607,46.46752,47.241318,47.763042,47.80409,48.347088,48.828503,49.043053,49.299698,49.614662,50.18071,52.14324,52.53763,52.53072,52.774776,52.826366,52.863197,52.619175,52.945274,52.207943,843.84924,844.32935,843.1103,843.6888,844.9848,844.3315,844.1919,843.63586,844.1278,843.17303,844.14594,841.70795,842.74146,841.71497,839.9081,840.55286,839.8177,839.9418,838.9712,838.78937,838.50836,838.4041,837.79803,837.0963,837.2258,837.04114,837.3085,836.99396,836.87506,836.834,837.08685,836.6618,836.49,24.697847899390354,25.177950438452854,23.958895262671604,24.537386473609104,25.833406981421604,25.180086668921604,25.040499266577854,24.484468993140354,24.976412352515354,24.021639403296604,24.994539793921604,22.556551512671604,23.590059813452854,22.563570555640354,20.756685790015354,21.401461180640354,20.666292723609104,20.790377196265354,19.819796141577854,19.637972411109104,19.356966551734104,19.252718504859104,18.646639403296604,17.944918211890354,18.074434813452854,17.889742430640354,18.157076415015354,17.842562254859104,17.723665770484104,17.682589110327854,17.935457762671604,17.510408934546604,17.338594969702854,fallow,other,other,wheat,corn,other,other,other,other,other,other,other,other,other,other,corn,corn,12,1,0,0,0,0,0,0,0,0,0,0,0,0,0,0,0,0,0,0,0,0,0,0,0,0
grid133,-100.64181019690103,39.354135450147574,14,6,grid19,18,0.9473684210526315,814.31117597688,73.420224,0.0555,76.5048,890.086612,812.8967073,78.065376,0.0563,813.581812,45.084965,46.16635,46.769123,46.008343,45.55824,46.21713,46.580902,45.78522,44.863834,45.39691,44.847546,46.966682,47.801525,49.213043,49.34549,48.22967,48.991516,49.17595,49.553898,50.217472,50.542194,50.884956,51.245514,52.846756,53.489708,53.453228,53.674618,53.808125,53.795563,54.596237,53.517418,54.043106,54.5528,839.36536,840.211,839.2884,839.8608,840.7124,839.8225,839.56586,838.8813,841.0602,839.3989,841.472,839.08484,838.33997,837.2706,836.1754,834.9915,833.44525,833.99207,833.42346,832.45166,832.1192,831.59143,831.2228,830.9408,830.38763,830.2031,830.3664,830.0026,829.9578,829.994,830.3495,829.6095,829.76807,25.05418046843249,25.89982255827624,24.97721513640124,25.54960283171374,26.40122636686999,25.51133378874499,25.25468095671374,24.57011064421374,26.74900468718249,25.08774980436999,27.16080888640124,24.77366289030749,24.02878984343249,22.95945390593249,21.86423906218249,20.68034013640124,19.13407548796374,19.68088945280749,19.11228593718249,18.14048417936999,17.80802568327624,17.28025468718249,16.91160234343249,16.62961992155749,16.07645830046374,15.891949023119992,16.05521806608874,15.691448534838742,15.646648730151242,15.682842577807492,16.03831132780749,15.298321093432492,15.456890429369992,corn,corn,corn,corn,corn,corn,corn,corn,corn,corn,corn,corn,corn,corn,corn,corn,corn,0,0,1,1,1,1,1,1,1,1,1,1,1,1,1,1,1,0,1,1,1,1,1,1,1,1
grid134,-100.64176729445313,39.361392723359366,14,7,grid19,18,0.9473684210526315,812.8967072742,78.065376,0.0563,76.5048,890.086612,812.8967073,78.065376,0.0563,813.581812,44.351738,45.416363,45.938625,45.99726,44.80252,45.42337,46.011322,45.06912,44.009323,44.588512,44.081093,46.253315,47.979378,48.514618,49.592632,48.506474,49.308548,49.52508,49.948673,50.58507,50.945263,51.2669,51.63859,53.16854,54.334435,54.252747,54.131664,54.505123,54.511875,55.21704,54.27223,54.836678,55.255497,838.0933,838.98254,838.27057,838.82556,839.52234,838.6752,838.5168,838.2513,841.50385,838.6345,841.768,838.1107,837.384,836.3024,835.2866,834.0285,832.17346,832.82574,832.08746,831.2601,830.8974,830.39056,830.00604,829.6257,829.2556,829.1858,829.42584,829.06604,829.02045,828.99005,829.4928,828.6488,828.79126,25.196615479706225,26.085836671112475,25.373861573456225,25.928854249237475,26.625631592987475,25.778463624237475,25.620077393768725,25.354574464081225,28.607137940643725,25.737814210174975,28.871298096893725,25.214010499237475,24.487264893768725,23.405721925018725,22.389913819549975,21.131796143768725,19.276754639862475,19.929037354706225,19.190756104706225,18.363363526581225,18.000692628143725,17.493856690643725,17.109335206268725,16.728964112518725,16.358907960174975,16.289083741424975,16.529135010956225,16.169332764862475,16.123739503143725,16.093343995331225,16.596090577362475,15.752096436737475,15.894552491424975,corn,corn,soybeans,corn,soybeans,corn,corn,corn,corn,corn,corn,corn,corn,corn,soybeans,wheat,corn,0,1,1,1,1,1,1,1,1,1,1,0,1,1,1,1,1,1,1,1,1,1,1,1,1,1
grid135,-100.6417243920052,39.36864999657118,14,8,grid19,19,1.0,812.1420184569361,84.816696,0.0604,87.1728,892.8313141,812.1420185,84.816696,0.0604,805.6585141,44.514835,45.775913,46.648743,45.947342,45.15347,45.770477,46.16695,45.996727,43.99133,44.613556,44.0775,46.354446,48.115807,49.559937,49.80609,49.17333,49.99101,50.188606,50.67024,51.30708,51.66479,51.98794,52.357395,53.432053,55.695778,55.55053,56.605118,55.869896,55.86503,57.50771,55.6131,56.22396,55.65024,837.1133,838.1522,837.5766,838.0103,838.69366,837.9295,837.6909,837.75146,841.4196,837.9065,841.59924,837.25494,836.64935,835.57764,834.51624,833.30927,831.1981,831.97284,831.04846,830.3595,830.02136,829.5005,829.09186,828.6005,828.3341,828.40674,828.71735,828.27374,828.2257,828.2418,828.7822,827.84863,828.0381,24.971262793063943,26.010203222751443,25.434580664157693,25.868296484470193,26.551646093845193,25.787485937595193,25.548899511813943,25.609446386813943,29.277598242282693,25.764475683688943,29.457224707126443,25.112925390720193,24.507334570407693,23.435618261813943,22.374216894626443,21.167246679782693,19.056101660251443,19.830820898532693,18.906443457126443,18.217478613376443,17.879343847751443,17.358469824313943,16.949839453220193,16.458506445407693,16.192087988376443,16.264719824313943,16.575327734470193,16.131724218845193,16.083689550876443,16.099802832126443,16.640208105563943,15.706614355563943,15.896067480563943,sorghum,corn,corn,corn,corn,soybeans,corn,soybeans,corn,wheat,corn,soybeans,corn,soybeans,corn,soybeans,corn,0,1,1,1,1,1,1,1,1,1,1,1,1,1,1,1,1,1,1,1,1,1,1,1,1,1
grid136,-100.64168148955729,39.37590726978299,14,9,grid19,19,1.0,811.878648485328,93.271848,0.066,83.82,894.5628413,811.1228063,94.430088,0.0699,810.7428413,44.75525,45.676525,46.59525,45.899406,45.051636,45.6584,46.05083,45.84171,43.94947,44.509834,44.047405,46.317207,48.139557,49.406765,49.86663,49.14855,49.95344,50.152214,50.646305,51.27177,51.625683,51.944332,52.319794,53.50543,55.82128,55.649223,55.55127,55.910194,55.909096,56.53748,55.6706,56.284027,56.740757,837.4209,838.3865,837.8167,838.122,838.9514,838.2176,837.9851,837.96484,841.34045,838.0741,841.4764,837.2351,836.812,835.6692,834.6473,833.6994,831.7527,832.4801,831.4694,830.8919,830.4673,830.097,829.6174,829.034,828.9115,828.9075,829.35547,828.87103,828.8066,828.7709,829.2969,828.4516,828.6571,25.54224995217203,26.50782612404703,25.93806294045328,26.24336079201578,27.07276753029703,26.33894184670328,26.10645893654703,26.08619526467203,29.46180561623453,26.19544819435953,29.59773090920328,25.35645893654703,24.93336323342203,23.79054096779703,22.76862934670328,21.82075337014078,19.87403706154703,20.60145405373453,19.59077290139078,19.01325825295328,18.58863667092203,18.21833637795328,17.73872212014078,17.15534809670328,17.03285053810953,17.02882221779703,17.47682026467203,16.99238422951578,16.92793110451578,16.89222553810953,17.41822651467203,16.57295063576578,16.77845600685953,fallow,corn,corn,corn,soybeans,corn,soybeans,corn,wheat,corn,wheat,corn,soybeans,corn,soybeans,corn,soybeans,0,2,1,1,1,1,1,1,1,1,1,1,1,1,1,1,1,1,1,1,1,1,1,1,1,1
grid137,-100.64163858710937,39.383164542994784,14,10,grid18,19,1.0,811.12280625,94.43008800000001,0.0699,86.2584,895.1479305,809.5678872,78.129384,0.0646,808.8895305,44.482395,45.79185,46.49427,45.802727,45.197052,45.912163,46.202995,45.625267,43.880955,44.370693,43.988934,46.58952,48.469482,49.21818,50.23198,49.493004,50.24374,50.46786,50.978546,51.592865,51.92341,52.237713,52.61675,53.8625,55.816246,55.65152,55.925156,55.90033,55.901585,56.876625,55.668938,56.271065,56.686756,837.93054,838.7834,838.21234,838.3994,839.3757,838.69037,838.4545,838.29565,841.27527,838.40607,841.39685,837.3181,837.1399,835.94995,834.825,834.2624,832.50806,833.17377,832.0957,831.62225,831.2054,830.9011,830.34985,829.6691,829.623,829.62463,830.15845,829.66766,829.5882,829.5226,829.99994,829.2552,829.42206,26.807735742187447,27.660579980468697,27.089535058593697,27.276607812499947,28.252865136718697,27.567562402343697,27.331722558593697,27.172848046874947,30.152462304687447,27.283260644531197,30.274044335937447,26.195308984374947,26.017086328124947,24.827144921874947,23.702205957031197,23.139583886718697,21.385250390624947,22.050960839843697,20.972896874999947,20.499447167968697,20.082577050781197,19.778316796874947,19.227047265624947,18.546322167968697,18.500179589843697,18.501827539062447,19.035641015624947,18.544857324218697,18.465389550781197,18.399776757812447,18.877132714843697,18.132381738281197,18.299251855468697,corn,soybeans,corn,corn,corn,soybeans,corn,soybeans,corn,corn,corn,corn,corn,corn,corn,soybeans,corn,0,0,1,1,1,1,1,1,1,1,1,1,1,1,1,1,1,1,1,1,1,1,1,1,1,1
grid138,-100.64159568466147,39.3904218162066,14,11,grid18,3,0.15789473684210525,811.0966125,82.74710400000001,0.0685,86.2584,895.1479305,809.5678872,78.129384,0.0646,808.8895305,44.19988,45.848347,46.19899,45.82879,45.297104,45.979153,46.250202,45.66548,44.004566,44.48114,44.117607,46.72767,48.260136,49.019356,50.006405,49.331966,50.05366,50.257565,50.77838,51.380417,51.70046,52.008167,52.389088,53.61109,55.799805,55.63932,56.04361,55.904026,55.926025,56.92279,55.820385,56.330517,56.6035,838.418,839.20856,838.6282,838.72516,839.81525,839.2763,839.0473,838.737,841.4024,838.9089,841.64307,837.5602,837.5718,836.34955,835.0676,834.80634,833.2233,833.8391,832.6998,832.2982,831.8792,831.66516,831.0452,830.3054,830.5175,830.47845,831.0584,830.6479,830.5557,830.44354,830.9015,830.24677,830.35425,27.321417285156258,28.111944628906258,27.531561328125008,27.628546191406258,28.718634082031258,28.179693652343758,27.950689746093758,27.640387011718758,30.305792285156258,27.812262011718758,30.546453906250008,26.463568164062508,26.475164843750008,25.252935839843758,23.971014453125008,23.709722949218758,22.126715136718758,22.742498828125008,21.603216601562508,21.201605273437508,20.782598925781258,20.568548632812508,19.948614550781258,19.208807421875008,19.420904589843758,19.381842089843758,19.961798144531258,19.551275683593758,19.459112597656258,19.346929980468758,19.804876757812508,19.150152636718758,19.257635546875008,fallow,other,corn,corn,corn,corn,corn,sorghum,corn,wheat,corn,corn,corn,corn,corn,corn,wheat,1,2,0,0,0,0,0,0,0,0,1,0,0,0,0,0,0,0,1,0,0,0,0,1,0,0
grid139,-100.64155278221354,39.3976790894184,14,12,grid18,0,0.0,810.866077733232,68.14718400000001,0.0645,81.153,891.2728723,810.9030243,53.836824,0.0539,810.1198723,43.970512,45.461876,45.946976,45.590454,44.91464,45.589752,45.835026,45.32892,43.782417,44.2617,43.909565,46.485,47.99412,48.765526,49.635162,49.151806,49.84169,50.036594,50.55308,51.143234,51.447445,51.751892,52.13465,53.335392,55.46852,55.38023,55.34121,55.64605,55.672516,56.26231,55.557106,56.046284,56.209473,838.8983,839.6265,839.0019,839.0508,840.226,839.65173,839.4367,839.07245,841.3987,839.189,841.55615,837.6113,837.8578,836.6176,835.29126,835.2921,833.8665,834.4575,833.23846,832.8911,832.5678,832.35925,831.67126,830.8898,831.33594,831.2669,831.86035,831.4922,831.38916,831.30817,831.6697,831.09564,831.14075,28.032237696455468,28.760448145674218,28.135814356611718,28.184703516767968,29.359935450361718,28.785655665205468,28.570628809736718,28.206370997236718,30.532603907392968,28.322948145674218,30.690074610517968,26.745250391767968,26.991710352705468,25.751537012861718,24.425182032392968,24.426036524580468,23.000438380049218,23.591441798017968,22.372386622236718,22.025035548017968,21.701732325361718,21.493175196455468,20.805186915205468,20.023692774580468,20.469859766767968,20.400829005049218,20.994273829267968,20.626109766767968,20.523082423017968,20.442088770674218,20.803600001142968,20.229564356611718,20.274669337080468,other,other,other,other,other,other,other,other,other,other,other,other,other,other,other,other,other,17,0,0,0,0,0,0,0,0,0,0,0,0,0,0,0,0,0,0,0,0,0,0,0,0,0
grid140,-100.64150987976562,39.4049363626302,14,13,grid18,18,0.9473684210526315,810.6583136722561,57.241440000000004,0.0592,81.153,891.2728723,810.9030243,53.836824,0.0539,810.1198723,43.626904,45.04308,45.92673,45.402145,44.50133,45.161587,45.377613,45.400684,43.944016,44.259518,43.862194,46.216076,46.945683,47.75517,48.65363,49.198463,49.83894,50.021263,50.546818,51.13806,51.44135,51.745842,52.116787,52.66047,55.12853,55.115444,55.07956,55.3735,55.40465,55.906677,55.27828,55.745758,55.79139,839.4063,840.07605,839.41956,839.6969,840.66455,840.1358,839.93823,839.4034,841.5245,839.575,841.5313,837.80304,838.1549,836.9289,835.43134,835.931,834.6253,835.1342,833.9028,833.6207,833.3204,833.19037,832.4545,831.7377,832.12445,832.0392,832.5968,832.3492,832.23615,832.12805,832.4566,831.9556,831.93524,28.74799736290015,29.4177361324314,28.7612419918064,29.0385857418064,30.0062371089939,29.47748955040015,29.2799187496189,28.74506767540015,30.86616142540015,28.91669853477515,30.87299736290015,27.14472587852515,27.4965935543064,26.27058037071265,24.77302177696265,25.2727166011814,23.96699150352515,24.47590263633765,23.24445732383765,22.9624138668064,22.66205986290015,22.53205498008765,21.79621513633765,21.0793572261814,21.46613701133765,21.3808708980564,21.9384880855564,21.69086845665015,21.57783134727515,21.4697380855564,21.79829033165015,21.29731376915015,21.27692802696265,corn,corn,corn,corn,corn,corn,corn,wheat,corn,sorghum,corn,corn,corn,corn,corn,soybeans,corn,0,1,1,1,1,0,1,1,1,1,1,1,1,1,1,1,1,0,1,1,1,1,1,1,1,1
grid141,-100.6414669773177,39.412193635842016,14,14,grid18,19,1.0,810.903024315168,53.836824,0.0539,81.153,891.2728723,810.9030243,53.836824,0.0539,810.1198723,44.004715,44.622257,45.5387,45.110172,44.08698,44.733604,44.920082,44.92337,43.564854,43.962597,43.508053,45.945484,46.666004,47.48744,48.334175,48.88491,49.477867,49.630833,50.146988,50.728382,51.02595,51.3113,51.676464,52.22929,54.72974,54.795376,54.772896,55.05743,55.093327,55.487267,54.95291,55.39541,55.29332,840.0923,840.5251,839.81726,840.1087,841.10657,840.6091,840.4269,839.7817,841.6033,839.97754,841.63824,838.0467,838.58844,837.3728,835.78455,836.51685,835.3429,835.7599,834.55023,834.2932,833.98456,833.9462,833.1747,832.4383,832.83014,832.7442,833.136,832.94464,832.8234,832.69916,833.0174,832.5544,832.4965,29.189260841082046,29.622061134050796,28.914236427019546,29.205679298113296,30.203543067644546,29.706045509050796,29.523855567644546,28.878652930925796,30.700247169207046,29.074514747332046,30.735220313738296,27.143667579363296,27.685415626238296,26.469778419207046,24.881521583269546,25.613821387957046,24.439871192644546,24.856863380144546,23.647207618425796,23.390188575457046,23.081533790300796,23.043203712175796,22.271658302019546,21.535269141863296,21.927114844988296,21.841177344988296,22.232962012957046,22.041616798113296,21.920400977800796,21.796133399675796,22.114370704363296,21.651358009050796,21.593496680925796,soybeans,corn,soybeans,corn,corn,corn,corn,corn,corn,corn,corn,soybeans,corn,corn,soybeans,corn,corn,0,0,1,1,1,1,1,1,1,1,1,1,1,1,1,1,1,1,1,1,1,1,1,1,1,1
grid142,-100.64142407486979,39.41945090905382,14,15,grid18,18,0.9473684210526315,812.478667676448,63.069216,0.0529,84.7344,896.7985762,817.2713054,84.472272,0.0559,812.0641762,43.549477,43.860077,45.13626,43.819534,43.266777,43.88377,44.074486,44.427727,43.158688,43.66178,43.126076,45.009296,45.643364,46.50412,47.48536,48.571404,49.117085,49.24651,49.744648,50.318027,50.577187,50.877373,51.23535,51.79677,53.469994,53.709084,54.429596,53.796215,53.840538,55.015926,53.73026,54.144436,53.950344,840.64197,841.0691,840.2328,840.31915,841.6051,841.12994,840.97,840.1971,841.7365,840.3986,841.7886,838.4275,839.0528,837.8989,836.24414,837.0868,836.0342,836.2707,835.1886,834.9486,834.68225,834.66156,833.8787,833.1352,833.48535,833.33344,833.6102,833.42786,833.3023,833.14404,833.5073,833.0464,832.89325,28.163300096989474,28.590424120426974,27.754120409489474,27.840485155583224,29.126434862614474,28.651276171208224,28.491303026676974,27.718414843083224,29.257843554020724,27.919952929020724,29.309906542301974,25.948822557926974,26.574127733708224,25.420258104801974,23.765472948551974,24.608124315739474,23.555512011051974,23.792023241520724,22.709930956364474,22.469940721989474,22.203583300114474,22.182892382145724,21.400055468083224,20.656525194645724,21.006683886051974,20.854767382145724,21.131561815739474,20.949188768864474,20.823639452458224,20.665375292301974,21.028656542301974,20.567719042301974,20.414581835270724,corn,soybeans,soybeans,soybeans,soybeans,corn,corn,corn,corn,corn,soybeans,corn,soybeans,corn,corn,corn,soybeans,0,0,1,1,1,1,1,1,1,1,1,1,1,1,1,1,1,1,1,1,1,1,0,1,1,1
grid143,-100.64138117242189,39.42670818226562,14,16,grid17,18,0.9473684210526315,814.399331836128,73.950576,0.0539,80.4672,890.515143,819.1513953,82.497168,0.0548,810.047943,43.05514,43.23902,44.517887,43.33826,42.586517,43.186996,43.3788,43.610027,42.39105,43.101177,42.565517,44.649986,45.283043,46.14977,46.922253,48.24906,48.74624,48.843964,49.328312,49.895123,50.131554,50.43167,50.780716,51.35043,52.878258,53.105465,53.224907,53.32064,53.369156,53.79229,53.23601,53.614326,53.222515,841.2421,841.4703,840.7545,840.7829,841.96716,841.5027,841.3649,840.65485,841.998,841.1584,842.11115,838.848,839.57043,838.45087,836.75885,837.65656,836.7215,836.873,835.8375,835.61127,835.36017,835.3587,834.5904,833.85156,834.1153,833.84503,834.2129,833.94214,833.8135,833.7251,834.02905,833.5729,833.37366,26.84279462871575,27.07094404277825,26.3551847654345,26.38356611309075,27.5678312498095,27.103353710747,26.96559736309075,26.25551435527825,27.59865400371575,26.75905439434075,27.71181318340325,24.4486906248095,25.1711027341845,24.05153486309075,22.35951826152825,23.25722333965325,22.32216474590325,22.47365400371575,21.4381925779345,21.21193525371575,20.96083662090325,20.95937177715325,20.19106123027825,19.452230663872,19.71596357402825,19.44569990215325,19.813558788872,19.542806835747,19.414144726372,19.325765820122,19.629720898247,19.1735441404345,18.9743253904345,corn,corn,soybeans,corn,other,corn,corn,soybeans,corn,soybeans,corn,sorghum,corn,other,corn,corn,corn,2,0,0,0,0,0,1,1,1,1,1,1,1,1,1,1,1,1,1,1,1,1,0,1,1,1
grid144,-100.64133826997396,39.43396545547743,14,17,grid17,0,0.0,816.8160773445121,75.870816,0.0548,80.4672,890.515143,819.1513953,82.497168,0.0548,810.047943,40.571594,42.747044,44.102085,42.881657,42.112907,42.69121,42.85069,43.110462,41.97849,42.80012,42.15551,44.015247,44.957943,45.798397,46.400986,47.355408,47.893944,47.97848,48.51776,48.99002,49.240986,49.45892,49.789906,50.350277,52.190212,52.411724,52.751514,52.62004,52.65962,53.154213,52.493538,52.853775,52.27201,841.42505,841.9415,841.21014,841.2269,842.4685,841.9875,841.84625,841.17786,842.25757,841.5987,842.34656,839.1862,840.4036,839.3274,837.58093,838.2297,837.45746,837.4253,836.56836,836.33655,835.94855,836.0702,835.35895,834.6468,834.9679,834.6722,834.77203,834.6585,834.52313,834.2729,834.7298,834.2938,834.04785,24.60897148361289,25.12545097580039,24.39406669845664,24.41085136642539,25.65242851486289,25.17141044845664,25.03017509689414,24.36177910080039,25.44149101486289,24.78261650314414,25.53048027267539,22.37014091720664,23.58754814376914,22.51131523361289,20.76485527267539,21.41359794845664,20.64138115158164,20.60921562423789,19.75228203048789,19.52047050705039,19.13247001876914,19.25411308517539,18.54287040939414,17.83071220626914,18.15181816330039,17.85610283126914,17.95595634689414,17.84243095626914,17.70705497970664,17.45681083908164,17.91372001876914,17.47774589767539,17.23177421798789,fallow,other,fallow,wheat,other,other,other,other,other,other,other,other,other,other,other,other,other,14,1,0,0,0,0,0,0,0,0,0,0,0,0,0,0,0,0,0,0,0,0,0,0,0,0
grid145,-100.63249894986978,39.3541275718316,15,6,grid19,0,0.0,811.683385985328,79.89112800000001,0.0641,69.7992,877.7715275,809.5925927,83.478624,0.0696,807.9723275,45.176586,46.177723,46.771595,46.15467,45.558773,46.21662,46.58453,45.857754,44.85062,45.27516,44.84813,46.97599,47.767075,49.98653,49.327404,49.5817,50.30699,50.447178,50.87798,51.51476,51.819424,52.190765,52.54631,52.801476,53.692993,53.757816,53.6854,54.039303,54.049194,54.612858,53.786354,54.303677,54.698555,837.70245,838.4997,837.6358,838.07043,839.13635,838.0964,837.76764,837.2171,839.3134,837.7138,839.544,837.2111,836.5168,835.65216,834.52637,833.518,832.1976,832.49536,831.8926,831.09406,830.6615,830.28503,829.85425,829.569,829.09576,828.7009,828.8965,828.6415,828.5632,828.4356,828.9489,828.27783,828.4906,26.01906762795329,26.81630883889079,25.95241723732829,26.38704858498454,27.45296655373454,26.41298852639079,26.08425317482829,25.53371606545329,27.63002954201579,26.03042016701579,27.86062036232829,25.52773462014079,24.83339868264079,23.96877465920329,22.84298120217204,21.83461938576579,20.51418481545329,20.81197534279704,20.20919213967204,19.41066919045329,18.97811303810954,18.60164819435954,18.17086206154704,17.88558374123454,17.41237817482829,17.01754174904704,17.21309838967204,16.95809350685954,16.87978540139079,16.75222192482829,17.26552758889079,16.59444604592204,16.80721460060954,corn,fallow,wheat,corn,soybeans,fallow,wheat,corn,fallow,wheat,corn,corn,wheat,corn,fallow,wheat,corn,0,5,0,0,0,0,0,0,0,0,0,0,0,0,0,0,0,0,0,0,0,0,0,0,0,0
grid146,-100.63245616085938,39.36138340757812,15,7,grid19,17,0.8947368421052632,809.8225321291922,81.314544,0.0632,83.5152,888.654951,807.7185117,77.120496,0.0648,805.139751,45.37533,45.60762,46.99023,46.13013,44.992924,45.59843,45.985676,46.268394,44.024292,44.512646,44.107075,46.244274,47.933685,49.404114,49.55901,48.99771,49.77333,49.954327,50.41542,51.057293,51.401436,51.722717,52.092087,53.101788,54.28168,54.234703,55.56806,54.484474,54.493736,56.43147,54.261234,54.808044,55.362774,836.6931,837.5553,836.851,837.1949,838.2299,837.22754,836.89514,836.7377,839.3009,836.96014,839.41736,836.3431,835.7063,834.8131,833.6725,832.6685,831.1206,831.58514,830.75836,830.06134,829.6047,829.2605,828.79877,828.4494,828.05835,827.83167,828.4022,827.8035,827.7192,827.7551,828.1777,827.4244,827.63873,26.870583105182845,27.732765722370345,27.028481054401595,27.372353124714095,28.407387304401595,27.405006933307845,27.072609472370345,26.915138769245345,29.478371191120345,27.137611913776595,29.594826269245345,26.520546484089095,25.883766698932845,24.990578222370345,23.849953222370345,22.845985937214095,21.298073339557845,21.762611913776595,20.935829687214095,20.238808202839095,19.782143163776595,19.437965917682845,18.976234960651595,18.626869726276595,18.235817480182845,18.009132909870345,18.579689550495345,17.980995702839095,17.896645116901595,17.932594823932845,18.355141210651595,17.601845312214095,17.816200780964095,corn,soybeans,corn,corn,soybeans,corn,corn,wheat,corn,wheat,corn,corn,wheat,corn,fallow,wheat,corn,0,4,1,1,1,1,1,1,1,1,1,1,1,1,1,1,1,1,0,1,1,1,1,1,1,0
grid147,-100.63241337184895,39.36863924332465,15,8,grid19,19,1.0,809.2032210945121,81.936336,0.0639,83.5152,888.654951,807.7185117,77.120496,0.0648,805.139751,44.86009,45.720047,46.633617,46.24029,45.092823,45.69859,46.09617,45.905735,44.057335,44.529865,44.142765,46.324093,48.051025,49.367817,49.749252,49.08996,49.8789,50.0782,50.562138,51.186543,51.536503,51.854042,52.23158,53.33345,55.997234,55.374752,55.938995,55.617367,55.628494,56.918686,55.471992,55.987305,55.973083,835.92865,836.8483,836.26135,836.5531,837.51697,836.5514,836.23694,836.2775,839.1604,836.3496,839.1418,835.5661,835.08813,834.10754,833.02466,832.12933,830.4192,830.95416,830.0017,829.39966,828.9662,828.6268,828.1259,827.6696,827.5385,827.3661,827.92865,827.34985,827.2647,827.1512,827.7671,826.96594,827.117,26.72542880783169,27.64510654220669,27.05813144455044,27.34987949142544,28.31374667892544,27.34817050705044,27.03371738205044,27.07430576095669,29.95717929611294,27.14638828048794,29.93856357345669,26.36287997970669,25.88491367111294,24.90432285080044,23.82143710861294,22.92611240158169,21.21596835861294,21.75094150314419,20.79848788986294,20.19643710861294,19.76296542892544,19.42354892501919,18.92269443283169,18.46639560470669,18.33529208908169,18.16286777267544,18.72542880783169,18.14663242111294,18.06148837814419,17.94796298751919,18.56386874923794,17.76272128830044,17.91378330001919,corn,corn,soybeans,corn,soybeans,corn,soybeans,corn,soybeans,corn,corn,corn,soybeans,corn,soybeans,corn,corn,0,0,1,1,1,1,1,1,1,1,1,1,1,1,1,1,1,1,1,1,1,1,1,1,1,1
grid148,-100.63237058283853,39.375895079071185,15,9,grid19,18,0.9473684210526315,809.2079835945121,85.45068,0.0661,86.868,891.4027651,808.3656908,75.581256,0.063,804.5347651,44.74337,45.70578,46.65964,46.0753,45.073734,45.67383,46.072495,45.834175,44.106937,44.51474,44.23297,46.335136,48.11353,49.46036,49.859787,49.106255,49.891735,50.098988,50.598682,51.209965,51.564003,51.87192,52.25688,53.468018,55.77615,55.76506,56.84454,56.025154,56.048534,57.667854,55.948444,56.439224,55.834347,835.6756,836.5902,836.0174,836.2459,837.2455,836.4174,836.1276,836.07056,838.8358,836.14777,838.89056,835.21063,834.93243,833.81696,832.7696,832.0232,830.32666,830.9302,829.8267,829.3053,828.92474,828.59717,828.03186,827.48474,827.3983,827.3,827.9906,827.3595,827.27203,827.1638,827.7454,826.9751,827.0913,26.467614550019107,27.382226366425357,26.809411425019107,27.037927050019107,28.037499803925357,27.209435839081607,26.919640917206607,26.862573046112857,29.627831835175357,26.939782518769107,29.682580370331607,26.002648729706607,25.724450487519107,24.608971971894107,23.561608690644107,22.815209764862857,21.118676561737857,21.722192186737857,20.618737596894107,20.097314257050357,19.716760057831607,19.389184374237857,18.823876757050357,18.276757616425357,18.190331835175357,18.092004198456607,18.782616991425357,18.151513475800357,18.064050096894107,17.955834764862857,18.537438768769107,17.767114061737857,17.883324999237857,fallow,corn,soybeans,corn,soybeans,corn,soybeans,corn,corn,corn,corn,corn,soybeans,corn,soybeans,corn,corn,0,0,1,1,1,1,1,1,1,1,1,0,1,1,1,1,1,1,1,1,1,1,1,1,1,1
grid149,-100.63232779382813,39.383150914817705,15,10,grid18,18,0.9473684210526315,809.4606193361279,85.194648,0.0664,86.2584,895.1479305,809.5678872,78.129384,0.0646,808.8895305,44.530174,45.607365,46.619514,46.220722,44.975773,45.56132,45.954777,45.682705,44.060604,44.404842,44.1929,46.29874,47.94606,49.295742,49.663483,49.074986,49.84834,50.055542,50.56562,51.16811,51.51642,51.820553,52.211502,53.333782,56.060333,56.007893,56.53277,56.254196,56.28062,57.433285,56.16562,56.663696,56.867878,835.8417,836.7124,836.1055,836.3107,837.3397,836.6032,836.3417,836.1376,838.7254,836.2473,838.79706,835.0845,835.064,833.8624,832.74854,832.27374,830.6672,831.2502,830.08777,829.6251,829.2692,829.0001,828.36395,827.75146,827.8383,827.7391,828.5439,827.8561,827.76385,827.73224,828.1753,827.4661,827.497,26.381055468559566,27.251783007622066,26.644910449028316,26.850110644340816,27.879102343559566,27.142591113090816,26.881055468559566,26.676953906059566,29.264783495903316,26.786695116997066,29.336438769340816,25.623853320122066,25.603406542778316,24.401807421684566,23.287915820122066,22.813123339653316,21.206555956840816,21.789563769340816,20.627149218559566,20.164502734184566,19.808606738090816,19.539502734184566,18.903333300590816,18.290845507622066,18.377698534965816,18.278455370903316,19.083264941215816,18.395459765434566,18.303235644340816,18.271619433403316,18.714673632622066,18.005506152153316,18.036389941215816,corn,soybeans,corn,soybeans,corn,soybeans,corn,corn,corn,corn,corn,soybeans,corn,soybeans,corn,corn,corn,0,0,1,1,1,1,1,1,1,1,1,0,1,1,1,1,1,1,1,1,1,1,1,1,1,1
grid150,-100.6322850048177,39.39040675056424,15,11,grid18,12,0.631578947368421,809.5678872069361,78.129384,0.0646,86.2584,895.1479305,809.5678872,78.129384,0.0646,808.8895305,44.280167,46.060707,46.34825,46.543606,45.503716,46.174145,46.468624,45.769478,44.20085,44.531788,44.33464,46.86494,48.3498,49.11315,50.13499,49.38018,50.09784,50.31587,50.849915,51.440968,51.763744,52.06317,52.456825,53.74729,56.32935,56.281506,56.27225,56.660694,56.695297,57.130863,56.583935,57.06242,56.773,836.1444,836.9488,836.3553,836.8122,837.5734,837.0311,836.7742,836.4275,838.80536,836.6215,839.02313,835.1494,835.3531,834.1262,832.8322,832.67523,831.1762,831.74036,830.51306,830.1161,829.7689,829.58057,828.8721,828.1545,828.4984,828.3788,829.0541,828.55096,828.4524,828.2954,828.80634,828.16895,828.12244,26.57652197275138,27.38090429697013,26.78739843759513,27.24430761728263,28.00553808603263,27.46324072275138,27.20628271493888,26.85960302743888,29.23747167978263,27.05363378915763,29.45524511728263,25.58152685556388,25.78520117197013,24.55833349618888,23.26432714853263,23.10734472665763,21.60832128915763,22.17246923837638,20.94517431650138,20.54820166025138,20.20103369150138,20.01267919931388,19.30418310556388,18.58659277353263,18.93052587900138,18.81089697275138,19.48618994150138,18.98307714853263,18.88450537118888,18.72752294931388,19.23844824228263,18.60105810556388,18.55454931650138,corn,soybeans,corn,soybeans,corn,corn,corn,fallow,wheat,corn,corn,wheat,corn,soybeans,corn,corn,corn,0,2,1,1,1,1,1,1,1,1,1,0,1,1,1,1,1,0,0,0,0,0,0,1,1,1
grid151,-100.6322422158073,39.39766258631076,15,12,grid18,0,0.0,809.240428125,67.568064,0.061,86.2584,895.1479305,809.5678872,78.129384,0.0646,808.8895305,44.00264,45.695396,46.123367,46.350002,45.143353,45.79535,46.064663,45.461487,43.99614,44.319168,44.13213,46.62903,47.431732,48.25058,49.222042,49.215275,49.904804,50.11973,50.645756,51.225784,51.5454,51.829803,52.225822,53.486675,55.63775,55.591286,56.077404,55.83942,55.88305,56.859436,55.808887,56.284435,56.39822,836.51715,837.2695,836.6188,837.0831,837.85455,837.4062,837.17456,836.6557,838.7745,836.9134,839.0315,835.19434,835.76514,834.5229,833.0738,833.1316,831.7501,832.15,831.01074,830.6487,830.2999,830.222,829.43964,828.6735,829.17065,828.9584,829.60535,829.18005,829.07416,828.9252,829.3758,828.7967,828.71246,27.276722753906256,28.029042089843756,27.378346289062506,27.842701757812506,28.614125097656256,28.165760839843756,27.934132421875006,27.415272558593756,29.534046972656256,27.672962988281256,29.791066015625006,25.953907812500006,26.524708593750006,25.282460058593756,23.833363378906256,23.891163671875006,22.509693945312506,22.909596289062506,21.770314062500006,21.408253515625006,21.059498632812506,20.981556738281256,20.199208105468756,19.433094824218756,19.930226171875006,19.717945898437506,20.364918554687506,19.939625585937506,19.833729589843756,19.684742773437506,20.135365332031256,19.556263769531256,19.472035253906256,fallow,other,other,other,other,other,other,other,other,other,other,other,other,other,other,other,other,16,0,0,0,0,0,0,0,0,0,0,0,0,0,0,0,0,0,0,0,0,0,0,0,0,0
grid152,-100.63219942679687,39.404918422057285,15,13,grid18,0,0.0,808.6943033193601,57.247536000000004,0.0563,81.153,891.2728723,810.9030243,53.836824,0.0539,810.1198723,43.75838,45.2835,46.17338,45.633633,44.73846,45.380676,45.622013,45.623642,44.216698,44.35498,44.135864,46.369854,47.161396,47.993454,48.940926,49.31775,49.965275,50.176327,50.71235,51.29431,51.608097,51.90046,52.287052,52.825073,55.304653,55.33006,55.234726,55.57183,55.61939,56.111805,55.53387,55.98887,55.984905,837.03296,837.7484,837.05066,837.3269,838.2906,837.8385,837.6341,837.005,838.97125,837.2514,839.021,835.3111,836.1515,834.8945,833.27905,833.70135,832.41504,832.7436,831.59875,831.2873,830.98944,830.9751,830.13354,829.42334,829.8088,829.578,830.0877,829.82434,829.7099,829.4849,829.9665,829.4353,829.3158,28.338655665014926,29.054109766577426,28.356355860327426,28.632600977514926,29.596285059546176,29.144197657202426,28.939790918921176,28.310701563452426,30.276949122046176,28.557100489233676,30.326692774389926,26.616792872046176,27.457185938452426,26.200166895483676,24.584749415014926,25.007051661108676,23.720735743139926,24.049287989233676,22.904451563452426,22.592989161108676,22.295137598608676,22.280794336889926,21.439241602514926,20.729036524389926,21.114473536108676,20.883699610327426,21.393404200171176,21.130037500952426,21.015596582983676,20.790620997046176,21.272188379858676,20.740999415014926,20.621492579077426,fallow,sorghum,fallow,wheat,fallow,wheat,fallow,sorghum,sorghum,fallow,wheat,sorghum,corn,fallow,corn,corn,fallow,0,3,0,0,0,0,0,0,0,0,0,0,0,0,0,0,0,0,0,0,0,0,0,0,0,0
grid153,-100.63215663778647,39.41217425780382,15,14,grid18,19,1.0,808.4042373056401,55.168800000000005,0.0529,74.676,884.8884668,807.7234975,72.74052,0.0548,810.2124668,44.191742,44.872295,45.797935,45.362995,44.33533,44.960796,45.17356,45.157948,43.844784,44.060352,43.787548,46.105732,46.887604,47.732,48.622498,49.02608,49.63012,49.800102,50.341434,50.914425,51.214382,51.49671,51.878563,52.425476,54.924168,55.023144,54.935707,55.261883,55.313652,55.703564,55.213913,55.645275,55.497902,837.6834,838.16943,837.40674,837.6899,838.6743,838.2864,838.1051,837.33765,839.0436,837.6277,839.1397,835.5056,836.5692,835.31213,833.4924,834.222,833.0449,833.3162,832.174,831.8758,831.5091,831.6567,830.7695,830.03156,830.4477,830.21875,830.6397,830.43713,830.31445,830.08435,830.54614,830.04333,829.88586,29.279173338891155,29.765196288109905,29.002500975609905,29.285643065453655,30.270079100609905,29.882139647484905,29.700865233422405,28.933409178734905,30.639341795922405,29.223448241234905,30.735472167016155,27.101377928734905,28.164976561547405,26.907896483422405,25.088133299828655,25.817747557641155,24.640684569359905,24.911985838891155,23.769773924828655,23.471556151391155,23.104856932641155,23.252439940453655,22.365232909203655,21.627317870141155,22.043455565453655,21.814512694359905,22.235472167016155,22.032896483422405,21.910215819359905,21.680113280297405,22.141905272484905,21.639097655297405,21.481626952172405,soybeans,corn,corn,corn,soybeans,corn,corn,corn,corn,corn,corn,corn,soybeans,corn,corn,corn,soybeans,0,0,1,1,1,1,1,1,1,1,1,1,1,1,1,1,1,1,1,1,1,1,1,1,1,1
grid154,-100.63211384877603,39.419430093550346,15,15,grid18,18,0.9473684210526315,809.186254689024,64.11468,0.0532,74.676,884.8884668,807.7234975,72.74052,0.0548,810.2124668,43.736286,44.120293,45.403614,46.143784,43.528084,44.121494,44.338974,44.668118,43.44052,43.760136,43.406315,45.18006,45.8739,46.758636,48.068245,48.708515,49.26532,49.41927,49.934357,50.49967,50.77749,51.05763,51.43253,51.988487,54.48771,54.693542,54.615826,54.93306,54.98894,55.264767,54.873238,55.279507,54.248497,838.2134,838.69385,837.8005,838.2151,839.13135,838.7942,838.6391,837.72894,839.18396,838.03796,839.30914,835.8582,837.05554,835.84503,833.9067,834.7882,833.7235,833.8913,832.809,832.5206,832.1739,832.37256,831.4661,830.71326,831.0119,830.82764,831.1317,830.96985,830.8409,830.5869,831.0682,830.57526,830.43634,29.027124217225946,29.507592967225946,28.614221385194696,29.028833201600946,29.945092967225946,29.607934764100946,29.452844432069696,28.542688182069696,29.997705271913446,28.851709178163446,30.122888377382196,26.671960643007196,27.869287303163446,26.658777049257196,24.720422557069696,25.601953318788446,24.537256053163446,24.705041697694696,23.622766307069696,23.334375193788446,22.987634471132196,23.186303904725946,22.279870799257196,21.527002146913446,21.825647166444696,21.641382029725946,21.945459178163446,21.783593943788446,21.654626658632196,21.400659373475946,21.881921580507196,21.389001658632196,21.250085643007196,corn,soybeans,corn,corn,soybeans,corn,corn,corn,corn,corn,sorghum,corn,soybeans,corn,corn,corn,corn,0,0,1,1,1,1,1,1,1,1,1,1,1,1,1,1,1,1,1,1,1,1,0,1,1,1
grid155,-100.63207105976564,39.42668592929687,15,16,grid17,19,1.0,810.8437721187121,74.490072,0.0553,74.676,884.8884668,807.7234975,72.74052,0.0548,810.2124668,43.23819,43.540012,44.790054,45.76218,42.90017,43.515465,43.684628,43.850803,42.674343,43.202164,42.853283,44.60634,45.546864,46.415894,47.31026,48.051655,48.547676,48.680637,49.177067,49.702152,49.96823,50.232628,50.592434,51.138466,53.372673,53.56178,53.43977,53.756943,53.821213,54.07627,53.69803,54.06882,53.568165,838.8108,839.15765,838.31305,838.62177,839.5957,839.1622,839.0331,838.1922,839.4686,838.7156,839.558,836.16815,837.91565,836.7377,834.4443,835.5523,834.5948,834.6803,833.63293,833.35803,833.02374,833.2325,832.34424,831.60175,831.7318,831.52826,831.71466,831.58875,831.4589,831.1735,831.68414,831.203,830.96674,27.96701889691292,28.31388168988167,27.46927719769417,27.77799301800667,28.75193100628792,28.31839829144417,28.18930893597542,27.34842758831917,28.62485581097542,27.87180405316292,28.71421127972542,25.32437973675667,27.07187729535042,25.89389877972542,23.60050278363167,24.70853501019417,23.75101547894417,23.83652573285042,22.78916245160042,22.51426010785042,22.17997055706917,22.38871079144417,21.50046616253792,20.75797348675667,20.88803940472542,20.68448715863167,20.87088852581917,20.74497299847542,20.61515122113167,20.32975083050667,20.84037094769417,20.35923081097542,20.12296372113167,corn,corn,soybeans,soybeans,corn,corn,corn,soybeans,corn,sorghum,corn,corn,corn,soybeans,corn,corn,corn,0,0,1,1,1,1,1,1,1,1,1,1,1,1,1,1,1,1,1,1,1,1,1,1,1,1
grid156,-100.63202827075521,39.4339417650434,15,17,grid17,0,0.0,813.8225112290401,79.497936,0.0576,74.676,884.8884668,807.7234975,72.74052,0.0548,810.2124668,43.240616,43.045193,44.38166,45.40885,42.42533,43.003532,43.142735,43.351276,42.258778,42.898285,42.42907,44.25151,45.190075,46.0574,46.971813,47.677086,48.118557,48.21572,48.69603,49.211975,49.47953,49.71444,50.060257,50.61523,52.469467,52.622524,52.956753,52.818676,52.856167,53.42527,52.703224,53.073563,52.74006,839.66583,839.58417,838.68353,838.91595,840.0315,839.69543,839.55475,838.6376,839.673,839.17065,839.83136,836.73175,838.50037,837.36664,835.4366,836.1873,835.3456,835.3554,834.36554,834.10297,833.8215,833.9722,833.13837,832.41364,832.4072,832.1866,832.29517,832.1708,832.0269,831.75946,832.23785,831.7788,831.712,25.84332129049119,25.76165625142869,24.86102148580369,25.09344336080369,26.20898291158494,25.87292334127244,25.73223730611619,24.81506201314744,25.85046240377244,25.34814306783494,26.00884863424119,22.90923925924119,24.67785498189744,23.54412695455369,21.61407324361619,22.36480566549119,21.52306982564744,21.53289648580369,20.54302832174119,20.28045507955369,19.99896093892869,20.14971777486619,19.31585547017869,18.59112402486619,18.58471533345994,18.36407324361619,18.47265478658494,18.34826513814744,18.20440527486619,17.93694922017869,18.41534277486619,17.95629736470994,17.88946386861619,wheat,fallow,wheat,fallow,wheat,corn,corn,fallow,wheat,corn,corn,sorghum,corn,corn,corn,corn,corn,0,4,0,1,0,0,1,0,0,0,0,0,0,0,0,0,0,0,0,0,0,0,0,0,0,0
grid157,-100.62318770283854,39.35411969351563,16,6,grid19,18,0.9473684210526315,809.592592676448,83.478624,0.0696,69.7992,877.7715275,809.5925927,83.478624,0.0696,807.9723275,45.18726,46.147045,46.73339,46.059616,45.51766,46.171955,46.54203,46.032158,44.86716,45.22332,44.91359,46.711628,48.250618,49.982403,49.793663,49.067802,49.778122,50.026283,50.33419,50.973488,51.697678,51.623055,51.983967,53.33227,54.827454,55.074768,54.948627,55.352715,55.369984,55.698,55.202686,55.59487,54.627663,836.30695,836.95233,836.1868,836.43536,837.76447,836.54175,836.1243,835.8328,837.0506,835.9954,837.0567,835.5211,834.8653,833.9666,833.0436,832.1348,831.15045,831.32184,830.5518,829.90717,829.5047,829.1562,828.65784,828.4998,828.2122,827.66113,827.89386,827.7175,827.5978,827.36334,828.0424,827.44336,827.2637,26.71435312433323,27.35973886652073,26.59423593683323,26.84277109308323,28.17187265558323,26.94915537042698,26.53173593683323,26.24023203058323,27.45800546808323,26.40282968683323,27.46410898370823,25.92852548761448,25.27270273370823,24.37402109308323,23.45098642511448,22.54223398370823,21.55785898370823,21.72924570245823,20.95922617120823,20.31457285089573,19.91210703058323,19.56359628839573,19.06524423761448,18.90722421808323,18.61962656183323,18.06854013605198,18.30126718683323,18.12493662042698,18.00518564386448,17.77074960870823,18.44982675714573,17.85076669855198,17.67107919855198,sorghum,corn,corn,corn,soybeans,corn,corn,wheat,corn,corn,corn,corn,corn,soybeans,corn,soybeans,corn,0,1,1,1,1,1,1,1,1,1,1,1,1,1,1,1,1,1,0,1,1,1,1,1,1,1
grid158,-100.62314502726562,39.36137409179687,16,7,grid19,19,1.0,808.03175771532,82.296,0.0668,83.5152,888.654951,807.7185117,77.120496,0.0648,805.139751,45.3052,45.558064,46.946114,46.23048,44.93512,45.53503,45.92488,46.153656,44.086277,44.449535,44.21117,46.581642,47.87259,49.374714,49.509556,49.254303,49.9899,50.143642,50.60491,51.224533,51.571617,51.88214,52.25431,53.012127,55.33659,55.488796,55.432434,55.73305,55.75008,56.251247,55.60632,56.026836,55.262474,835.3548,836.12616,835.4944,835.66296,836.96814,835.78577,835.3655,835.277,836.913,835.3169,836.8395,834.6674,834.08325,833.2283,832.2568,831.42236,830.27295,830.51526,829.614,829.0449,828.5733,828.3095,827.7719,827.4155,827.2352,826.7769,827.38696,826.8789,826.7521,826.44385,827.21216,826.56604,826.5498,27.323039647961195,28.094401952648695,27.462627050304945,27.631206151867445,28.936381933117445,27.754008886242445,27.333720800304945,27.245219823742445,28.881267187023695,27.285136815929945,28.807719823742445,26.635661718273695,26.051494237804945,25.196513769054945,24.225017187023695,23.390605565929945,22.241191503429945,22.483501073742445,21.582255956554945,21.013164159679945,20.541545507336195,20.277751562023695,19.740153905773695,19.383769628429945,19.203471776867445,18.745158788586195,19.355205175304945,18.847148534679945,18.720317479992445,18.412089940929945,19.180400487804945,18.534282323742445,18.518046972179945,corn,soybeans,soybeans,soybeans,corn,soybeans,corn,wheat,corn,soybeans,corn,soybeans,corn,soybeans,corn,soybeans,corn,0,1,1,1,1,1,1,1,1,1,1,1,1,1,1,1,1,1,1,1,1,1,1,1,1,1
grid159,-100.6231023516927,39.36862849007812,16,8,grid19,19,1.0,807.7185117195121,77.120496,0.0648,83.5152,888.654951,807.7185117,77.120496,0.0648,805.139751,44.77457,45.671776,46.297676,46.338913,45.03882,45.637634,46.03719,45.670948,44.128418,44.466118,44.257423,46.297947,47.99301,49.33536,49.700054,49.01141,49.771687,49.97342,50.460285,51.071774,51.42316,51.72657,52.111862,53.24097,55.792454,55.83698,56.783493,56.090797,56.107307,57.555004,55.987118,56.431934,55.84909,834.58704,835.3981,834.8615,834.98914,836.205,835.14777,834.759,834.7838,836.72455,834.75867,836.64056,833.8968,833.51764,832.58167,831.54016,830.81305,829.4985,829.80023,828.8167,828.30347,827.85925,827.6059,827.0229,826.5904,826.5371,826.13196,827.011,826.2201,826.09924,825.8561,826.5553,825.8817,825.95544,26.868524413300406,27.679559569550406,27.142999510956656,27.270624022675406,28.486505370331656,27.429254393769156,27.040460448456656,27.065301757050406,29.006036620331656,27.040155272675406,28.922052245331656,26.178277831269156,25.799127440644156,24.863153319550406,23.821649413300406,23.094537596894156,21.779962401581656,22.081720214081656,21.098199706269156,20.584955077362906,20.140741210175406,19.887384276581656,19.304376464081656,18.871881346894156,18.818597655487906,18.413446288300406,19.292474608612906,18.501581053925406,18.380731444550406,18.137567382050406,18.836786132050406,18.163202147675406,18.236932616425406,corn,corn,corn,corn,corn,corn,corn,corn,corn,corn,corn,corn,corn,corn,corn,corn,corn,0,0,1,1,1,1,1,1,1,1,1,1,1,1,1,1,1,1,1,1,1,1,1,1,1,1
grid160,-100.6230596761198,39.37588288835938,16,9,grid19,18,0.9473684210526315,807.8774229485521,75.800712,0.0642,86.868,891.4027651,808.3656908,75.581256,0.063,804.5347651,44.698357,45.702164,46.322365,47.433426,45.064873,45.654873,46.05768,45.62917,44.06652,44.331467,44.20032,46.33254,47.12381,49.2736,48.877163,49.051178,49.81363,50.022724,50.529613,51.12896,51.480255,51.77989,52.172905,52.42918,56.359104,56.483288,56.998344,56.702785,56.72385,57.831432,56.626892,57.089275,55.909115,834.13776,834.9644,834.4465,834.8117,835.71643,834.8005,834.4511,834.4517,836.5311,834.4429,836.4816,833.3621,833.2421,832.1618,831.0741,830.50696,829.10706,829.4678,828.4,827.9296,827.5243,827.296,826.65485,826.16235,826.257,825.9691,826.8668,826.0752,825.9644,825.7462,826.3982,825.7289,825.5588,26.260333399104184,27.086993555354184,26.569049219416684,26.934283594416684,27.839007715510434,26.923053125666684,26.573687891291684,26.574298242854184,28.653704981135434,26.565448145197934,28.604205469416684,25.484698633479184,25.364703516291684,24.284381250666684,23.196673731135434,22.629535059260434,21.229632715510434,21.590350488947934,20.522601465510434,20.052203516291684,19.646869043635434,19.418597559260434,18.777423242854184,18.284930567072934,18.379596094416684,18.091693262385434,18.989398340510434,18.197772363947934,18.086993555354184,17.868792871760434,18.520770410822934,17.851458887385434,17.681353906916684,fallow,corn,corn,soybeans,corn,soybeans,corn,soybeans,corn,soybeans,corn,soybeans,corn,soybeans,corn,soybeans,corn,0,0,1,1,1,1,1,1,1,1,1,0,1,1,1,1,1,1,1,1,1,1,1,1,1,1
grid161,-100.62301700054687,39.38313728664062,16,10,grid18,14,0.7368421052631579,808.36569081936,75.58125600000001,0.063,86.868,891.4027651,808.3656908,75.581256,0.063,804.5347651,44.53688,45.05897,46.286285,46.851017,44.38722,45.01735,45.402523,45.516075,43.9908,44.198547,44.125523,45.60386,47.100304,49.118736,48.888058,49.046833,49.803165,50.017315,50.53527,51.12553,51.47285,51.768642,52.16852,52.446507,56.81961,56.79558,57.379215,57.032692,57.073433,58.165073,56.991825,57.479824,55.92104,834.005,834.8073,834.2801,834.70483,835.4998,834.7295,834.41693,834.3116,836.3797,834.36975,836.3847,833.0122,833.1835,832.0156,830.8188,830.4962,829.09326,829.45123,828.3477,827.9098,827.46216,827.3616,826.651,826.10254,826.3322,826.04065,826.8933,826.2002,826.09625,825.8677,826.4904,825.8503,825.63135,25.639314063452503,26.441621192358753,25.914399512671253,26.339143165015003,27.134126075171253,26.363801368140003,26.051240332983753,25.945893653296253,28.014008887671253,26.004060157202503,28.019013770483753,24.646516211890003,24.817780860327503,23.649934180640003,22.453095801733753,22.130525000952503,20.727570899390003,21.085542090796253,19.982026465796253,19.544099219702503,19.096467383765003,18.995881446265003,18.285310157202503,17.736848243140003,17.966523536108753,17.674958594702503,18.527619727515003,17.834504493140003,17.730561622046253,17.501984961890003,18.124726661108753,17.484589942358753,17.265656836890003,fallow,sorghum,corn,corn,corn,corn,corn,corn,corn,corn,corn,corn,corn,corn,corn,corn,corn,0,0,1,1,1,1,1,1,1,0,0,1,0,1,1,1,1,1,1,1,1,1,1,1,0,0
grid162,-100.62297432497397,39.39039168492187,16,11,grid18,18,0.9473684210526315,808.5959651375761,76.910184,0.0624,79.5528,884.3545587,807.9182019,83.801712,0.0622,804.8017587,44.32687,45.25644,46.463825,46.722496,44.62138,45.352814,45.641006,45.83575,44.389717,44.567738,44.554054,45.93082,47.141983,48.543453,48.91753,49.413383,50.122993,50.357452,50.897675,51.479412,51.807438,52.095512,52.500404,52.66568,56.617897,56.63298,56.339115,56.85257,56.89601,57.219234,56.807217,57.280582,55.764694,834.09125,834.8077,834.2728,834.7491,835.45465,834.8214,834.53894,834.31854,836.3017,834.42566,836.3867,832.76794,833.3501,832.08136,830.70746,830.71185,829.3465,829.69305,828.5473,828.15515,827.7182,827.7034,826.91644,826.2263,826.55,826.34375,827.0723,826.5342,826.4315,826.1596,826.78015,826.17725,826.00806,25.49528242101769,26.21171308508019,25.67686201086144,26.15311933508019,26.85868574133019,26.22544599523644,25.94297529211144,25.72257734289269,27.70573163976769,25.82969404211144,27.79075361242394,24.17197919836144,24.75413251867394,23.48539472570519,22.11149335851769,22.11588788976769,20.75053144445519,21.09708906164269,19.95133710851769,19.55918622961144,19.12223554601769,19.10746503820519,18.32047773351769,17.63035322179894,17.95402265539269,17.74778486242394,18.47636152258019,17.93821454992394,17.83555341711144,17.56364179601769,18.18418622961144,17.58128095617394,17.41209150304894,corn,corn,corn,corn,corn,corn,corn,corn,sorghum,corn,corn,corn,corn,corn,corn,corn,corn,0,0,1,1,1,1,1,1,1,1,1,1,1,1,1,1,1,1,0,1,1,1,1,1,1,1
grid163,-100.62293164940104,39.39764608320312,16,12,grid18,19,1.0,808.395419237424,74.892408,0.0599,79.5528,884.3545587,807.9182019,83.801712,0.0622,804.8017587,44.078632,44.99624,46.27243,46.567062,44.36684,45.081146,45.350048,45.564445,44.205307,44.3688,44.3688,45.766895,47.50323,48.3262,49.33375,49.269688,49.955727,50.18683,50.723774,51.29451,51.62104,51.893364,52.30185,52.846115,56.3703,56.43886,56.159657,56.655724,56.702145,56.970226,56.604633,57.062206,55.542446,834.3146,834.98096,834.39874,834.8882,835.5576,835.04816,834.80597,834.40967,836.2384,834.6131,836.39087,832.6607,833.51953,832.26227,830.67914,831.0306,829.7321,830.0179,828.8797,828.5037,828.073,828.1739,827.30273,826.6416,826.97906,826.779,827.4052,826.96185,826.85583,826.5942,827.1636,826.5944,826.3903,25.919155957888506,26.585537793826006,26.003323438357256,26.492764356326006,27.162197950076006,26.652737500857256,26.410550000857256,26.014248731326006,27.842984082888506,26.217678907107256,27.995449903201006,24.265286328982256,25.124112012576006,23.866848828982256,22.283718946169756,22.635159375857256,21.336697461794756,21.622464063357256,20.484280469607256,20.108303907107256,19.677578809451006,19.778469922732256,18.907315137576006,18.246182325076006,18.583645703982256,18.383572461794756,19.009793164919756,18.566433789919756,18.460415723513506,18.198758008669756,18.768154981326006,18.199002149294756,17.994900586794756,corn,corn,corn,corn,soybeans,corn,corn,corn,corn,soybeans,corn,corn,corn,soybeans,corn,corn,corn,0,0,1,1,1,1,1,1,1,1,1,1,1,1,1,1,1,1,1,1,1,1,1,1,1,1
grid164,-100.62288897382813,39.40490048148437,16,13,grid18,18,0.9473684210526315,807.979109766768,66.284856,0.056,79.5528,884.3545587,807.9182019,83.801712,0.0622,804.8017587,43.881386,45.524593,46.048943,46.38082,44.97671,45.598557,45.865604,45.253975,43.983746,44.148808,44.14626,46.52325,47.246037,48.08263,49.069653,49.115223,49.77584,49.992577,50.53356,51.0948,51.399593,51.675518,52.087223,52.640514,56.096966,56.227524,55.95663,56.436462,56.48616,56.687035,56.378044,56.818283,56.155727,834.6379,835.3804,834.62744,835.1047,835.8784,835.51025,835.2977,834.59344,836.234,834.89325,836.45465,832.76996,833.8422,832.5576,830.7685,831.3526,830.13226,830.43835,829.2265,828.8573,828.5536,828.6548,827.7027,826.9942,827.4817,827.2775,827.8115,827.448,827.3351,827.0847,827.61096,827.0665,826.8341,26.658768651200717,27.401261326981967,26.648331639481967,27.125565526200717,27.899308201981967,27.531144139481967,27.318619725419467,26.614335057450717,28.254899022294467,26.914139744950717,28.475541112138217,24.790848729325717,25.863114354325717,24.578507420731967,22.789383885575717,23.373490330888217,22.153153416825717,22.459244725419467,21.247391698075717,20.878190037919467,20.574479100419467,20.675675389481967,19.723587987138217,19.015091893388217,19.502579686356967,19.298417088700717,19.832413670731967,19.468888280106967,19.355973241044467,19.105607030106967,19.631852147294467,19.087418553544467,18.854996678544467,corn,other,corn,corn,soybeans,corn,corn,soybeans,corn,sorghum,soybeans,corn,corn,corn,soybeans,corn,corn,1,0,0,1,1,1,1,1,1,1,1,1,1,1,1,1,1,1,1,1,1,1,0,1,1,1
grid165,-100.62284629825521,39.41215487976562,16,14,grid18,19,1.0,807.6153490231201,63.246,0.0537,74.676,884.8884668,807.7234975,72.74052,0.0548,810.2124668,43.49694,44.73349,46.062088,46.177322,44.167225,44.80738,45.02829,45.398056,44.150135,44.159264,44.09313,45.637634,46.982197,47.8316,48.760536,49.15899,49.771217,49.96115,50.524857,51.088947,51.39304,51.669197,52.068127,52.609768,55.49899,55.576366,56.13602,55.78485,55.85547,56.74129,55.761856,56.187267,55.07105,835.04346,835.66003,834.9419,835.3695,836.09595,835.8061,835.6418,834.835,836.3594,835.21765,836.5257,832.7846,834.22516,832.92914,830.98676,831.89355,830.74243,831.0072,829.7843,829.441,829.17303,829.3609,828.34894,827.6025,828.0946,827.8995,828.4268,828.02625,827.9081,827.76196,828.1623,827.6323,827.3514,27.428108008129925,28.044685156567425,27.326545508129925,27.754157812817425,28.480598242504925,28.190742285473675,28.026435644848675,27.219672949536175,28.744025976879925,27.602302344067425,28.910346777661175,25.169257910473675,26.609809668286175,25.313789160473675,23.371406347973675,24.278205664379925,23.127082617504925,23.391853125317425,22.168952734692425,21.825629980786175,21.557685644848675,21.745551855786175,20.733588965161175,19.987129004223675,20.479255469067425,20.284126074536175,20.811469824536175,20.410896094067425,20.292732031567425,20.146613867504925,20.546943457348675,20.016975195629925,19.736030371411175,corn,corn,corn,soybeans,corn,corn,corn,corn,sorghum,corn,corn,corn,soybeans,corn,corn,corn,corn,0,0,1,1,1,1,1,1,1,1,1,1,1,1,1,1,1,1,1,1,1,1,1,1,1,1
grid166,-100.62280362268228,39.41940927804688,16,15,grid18,18,0.9473684210526315,807.723497461128,72.74052,0.0548,74.676,884.8884668,807.7234975,72.74052,0.0548,810.2124668,43.927402,44.27415,45.572227,46.49226,43.721672,44.337414,44.529896,44.82979,43.601875,43.62322,43.537323,45.32451,45.98476,46.874157,47.857613,48.53192,49.088398,49.291447,49.810112,50.3342,50.627506,50.886826,51.274323,51.807144,55.057583,55.24799,54.997707,55.457466,55.53128,55.654377,55.422543,55.823566,54.466965,835.7234,836.1041,835.2797,835.6961,836.48254,836.27106,836.12915,835.1599,836.41736,835.6464,836.6304,833.048,834.69,833.4273,831.38586,832.5935,831.534,831.69617,830.5268,830.1884,829.9451,830.18805,829.1463,828.3842,828.6975,828.46686,828.79236,828.5354,828.40784,828.16113,828.6543,828.1307,827.84155,27.999891210747023,28.380628515434523,27.556226659965773,27.972608495903273,28.759046484184523,28.547559667778273,28.405652929497023,27.436414648247023,28.693860937309523,27.922925878715773,28.906873632622023,25.324476171684523,26.966504980278273,25.703809667778273,23.662366796684523,24.870008398247023,23.810499120903273,23.972669531059523,22.803296972465773,22.464918066215773,22.221631933403273,22.464551855278273,21.422803808403273,20.660718847465773,20.974012304497023,20.743360449028273,21.068860937309523,20.811902929497023,20.684339452934523,20.437635351372023,20.930799413872023,20.407178808403273,20.118055273247023,corn,corn,corn,corn,soybeans,corn,corn,soybeans,corn,corn,sorghum,corn,corn,corn,corn,corn,corn,0,0,1,1,1,1,1,1,1,1,1,1,1,1,1,1,1,1,1,1,1,1,0,1,1,1
grid167,-100.62276094710938,39.426663676328126,16,16,grid17,18,0.9473684210526315,808.1748373549921,86.343744,0.0576,74.676,884.8884668,807.7234975,72.74052,0.0548,810.2124668,43.925655,43.822777,45.372818,46.12315,43.19098,43.761715,43.96237,44.411095,43.11156,43.70071,43.268143,44.78698,45.656143,46.524376,47.48153,48.198822,48.707577,48.862007,49.38524,49.90032,50.168262,50.42643,50.80328,51.344822,54.59976,54.90394,54.666794,55.115944,55.19309,55.19863,55.068188,55.44317,53.809418,836.7002,836.7603,835.9558,836.06226,837.0695,836.904,836.77875,835.92413,836.91125,836.618,837.1772,833.6419,835.65533,834.42255,831.9338,833.1597,832.195,832.30084,831.169,830.8353,830.6112,830.8655,829.84076,829.07697,829.3295,828.99396,829.21796,829.0034,828.8688,828.61,829.10846,828.59454,828.3034,28.525357957507936,28.585477586414186,27.780973191882936,27.887418504382936,28.894681687976686,28.729154344226686,28.603910203601686,27.749295945789186,28.736417527820436,28.443143602039186,29.002347703601686,25.467069383289186,27.480497117664186,26.247709031726686,23.758939500476686,24.984891648914186,24.020169969226686,24.126004930164186,22.994168992664186,22.660489793445436,22.436368699695436,22.690641160632936,21.665921922351686,20.902127977039186,21.154691453601686,20.819120164539186,21.043119187976686,20.828580613757936,20.693937059070436,20.435147996570436,20.933622117664186,20.419706102039186,20.128568406726686,corn,soybeans,corn,soybeans,corn,corn,corn,soybeans,corn,soybeans,corn,corn,corn,soybeans,corn,soybeans,corn,0,0,1,1,1,1,1,1,1,1,1,1,1,1,1,1,1,1,1,1,1,1,0,1,1,1
grid168,-100.62271827153646,39.43391807460937,16,17,grid17,18,0.9473684210526315,809.8382893077361,93.216984,0.061,72.8472,882.460502,809.2295637,100.327968,0.0656,809.613302,43.4147,43.863506,44.965878,45.083515,43.26599,43.773365,43.919502,43.899204,42.68474,43.401886,42.844524,44.986732,45.287323,46.160233,47.107224,47.84557,48.3037,48.403347,48.92977,49.437763,49.678925,49.938744,50.301243,50.851326,53.187126,53.447563,53.16484,53.641712,53.710014,53.700924,53.579346,53.928703,52.97626,837.4235,837.53424,836.47687,836.5196,837.856,837.7289,837.58105,836.50604,837.2946,837.1062,837.52234,834.52094,836.1336,834.9443,832.85803,833.833,832.9668,832.8808,831.9366,831.6162,831.40485,831.6209,830.66437,829.91785,830.026,829.7144,829.7076,829.68494,829.54816,829.12976,829.7769,829.28955,829.0526,27.58523364148266,27.69595141492016,26.63857836804516,26.68130297742016,28.01772875867016,27.89059252820141,27.74276537976391,26.66775317273266,27.45632739148266,27.26791186413891,27.68404955945141,24.68264575085766,26.29531664929516,25.10598559460766,23.01974291882641,23.99471850476391,23.12850756726391,23.04250903210766,22.09829516492016,21.77792162976391,21.56655688367016,21.78262133679516,20.82607836804516,20.07955737195141,20.18771166882641,19.87612719617016,19.86929125867016,19.84664721570141,19.70986743054516,19.29147143445141,19.93862719617016,19.45126147351391,19.21432299695141,corn,corn,corn,corn,corn,corn,corn,soybeans,corn,corn,corn,corn,corn,soybeans,corn,corn,soybeans,0,0,1,1,1,1,1,1,1,1,1,1,1,1,1,1,1,1,1,1,1,1,0,1,1,1
grid169,-100.61387645580729,39.35411181519965,17,6,grid24,19,1.0,808.14166728468,68.759832,0.0657,77.4192,879.8258967,806.2093201,51.880008,0.0597,802.4066967,45.12195,46.10047,46.678852,46.14555,45.461243,46.110977,46.482433,45.906384,44.871967,45.16494,44.96997,47.43654,48.136803,49.968765,49.710487,49.986797,50.684,50.809982,51.22656,51.864334,52.170494,52.499756,52.874176,53.17465,54.635582,54.94116,54.81109,55.210934,55.23167,55.515724,55.060104,55.432922,54.526123,834.97046,835.54474,834.90796,834.9611,836.5445,835.1348,834.62494,834.5235,834.9093,834.38727,834.6555,833.878,833.2479,832.39935,831.6227,830.9656,830.34827,830.2415,829.4627,828.9661,828.43463,828.25934,827.70605,827.4677,827.0709,826.288,826.2781,826.36176,826.2041,825.8895,826.6051,826.11285,826.01,26.82879169969499,27.40307148485124,26.76629169969499,26.81945332078874,28.40282734422624,26.99315937547624,26.48327168016374,26.38183125047624,26.76763447313249,26.24560078172624,26.51385029344499,25.73632343797624,25.10625752000749,24.25768574266374,23.48101337938249,22.82390888719499,22.20659931688249,22.09984882860124,21.32104023485124,20.82445820360124,20.29296406297624,20.11767109422624,19.56438740281999,19.32604511766374,18.92925556688249,18.14635761766374,18.13640888719499,18.22008808641374,18.06243427781999,17.74785908250749,18.46343525438249,17.97118671922624,17.86834248094499,corn,corn,corn,soybeans,corn,corn,corn,corn,corn,other,corn,soybeans,corn,soybeans,corn,soybeans,corn,1,0,1,1,1,1,1,1,1,1,1,1,1,1,1,1,1,1,1,1,1,1,1,1,1,1
grid170,-100.61383389367188,39.36136477601562,17,7,grid24,19,1.0,807.451346631288,68.942712,0.0628,82.296,879.8258967,806.2093201,51.880008,0.0597,797.5298967,44.679665,45.5072,46.136467,46.314247,44.8764,45.469765,45.862076,45.49743,44.1342,44.387035,44.30317,45.697956,47.325306,49.34344,49.0121,48.370224,49.085182,49.26101,49.715305,50.323612,50.69371,51.006542,51.38618,52.425083,55.137417,55.34475,55.68602,55.58888,55.609478,56.38844,55.461407,55.861767,55.151066,834.06287,834.71857,834.20056,834.1897,835.72614,834.37946,833.87396,833.9424,834.6416,833.70044,834.3544,833.0423,832.53375,831.6623,830.81464,830.17926,829.4078,829.3983,828.47394,828.02356,827.4544,827.3437,826.7403,826.41254,826.13794,825.40186,826.521,825.6336,825.4637,825.04987,825.87256,825.3526,825.389,26.611519579649553,27.267220263243303,26.749214892149553,26.738350634337053,28.274788622618303,26.928108935118303,26.422615771055803,26.491036181212053,27.190254931212053,26.249092821837053,26.903023485899553,25.590950731993303,25.082405810118303,24.210945849180803,23.363289599180803,22.727913622618303,21.956429247618303,21.946968798399553,21.022591356993303,20.572212939024553,20.003060106993303,19.892342333555803,19.288948778868303,18.961189989805803,18.686592821837053,17.950508837462053,19.069649462462053,18.182259325743303,18.012337450743303,17.598519091368303,18.421211962462053,17.901253466368303,17.937630419493303,corn,soybeans,corn,corn,corn,soybeans,corn,corn,sorghum,corn,soybeans,corn,soybeans,corn,soybeans,corn,soybeans,0,0,1,1,1,1,1,1,1,1,1,1,1,1,1,1,1,1,1,1,1,1,1,1,1,1
grid171,-100.61379133153645,39.368617736831595,17,8,grid24,3,0.15789473684210525,807.2963979485521,67.744848,0.0624,83.5152,888.654951,807.7185117,77.120496,0.0648,805.139751,44.699913,45.631195,46.242226,47.453346,44.993282,45.580795,45.982414,45.544777,44.189903,44.403492,44.35752,45.783333,47.44892,49.304485,49.208416,48.463074,49.190468,49.386837,49.85821,50.453827,50.82931,51.137623,51.525597,52.655704,55.58854,55.69905,56.00242,55.92721,55.94649,56.79937,55.82136,56.24459,55.996693,833.15594,833.8564,833.36945,833.58545,834.78217,833.62256,833.1675,833.26746,834.3891,833.0633,834.153,832.2086,831.90686,830.925,829.954,829.457,828.4773,828.52454,827.57416,827.1367,826.60406,826.49744,825.85425,825.43274,825.2761,824.73364,826.0053,824.94037,824.7921,824.4548,825.19635,824.6387,824.7713,25.859546875666638,26.559986328791638,26.073047852229138,26.289051270197888,27.485767578791638,26.326160645197888,25.871082520197888,25.971058106135388,27.092701172541638,25.766895508479138,26.856617188166638,24.912220215510388,24.610462403010388,23.628589844416638,22.657581543635388,22.160572266291638,21.180896973322888,21.228138184260388,20.277759766291638,19.840320801447888,19.307666992854138,19.201038574885388,18.557850098322888,18.136341309260388,17.979725098322888,17.437244629572888,18.708912110041638,17.643970703791638,17.495716309260388,17.158375000666638,17.899952149104138,17.342273926447888,17.474903320979138,corn,fallow,wheat,corn,corn,fallow,other,corn,wheat,wheat,corn,corn,sorghum,corn,fallow,corn,corn,1,3,0,0,0,0,0,0,0,0,0,0,0,1,0,0,0,1,0,0,0,0,0,1,0,0
grid172,-100.61374876940104,39.37587069764757,17,9,grid24,18,0.9473684210526315,807.5535171396721,69.63156,0.064,83.5152,888.654951,807.7185117,77.120496,0.0648,805.139751,44.64985,45.146976,46.296272,47.5471,44.47364,45.100407,45.496754,45.5342,43.632877,43.74429,43.776573,45.835407,47.068592,48.693123,48.82637,48.520657,49.253532,49.45978,49.95139,50.535828,50.91204,51.216724,51.613075,52.350574,56.376442,56.46544,57.453365,56.697727,56.729618,58.175144,56.636654,57.058563,55.875828,832.53015,833.2853,832.7638,833.185,834.1236,833.15765,832.7467,832.75916,834.0854,832.6946,833.92316,831.5455,831.45026,830.47375,829.23346,828.98987,827.8666,827.98956,826.97516,826.5504,826.06793,825.97736,825.27795,824.706,824.92505,824.50574,825.63074,824.64215,824.5179,824.27484,824.9047,824.33014,824.1478,24.976634227515433,25.731761180640433,25.210276805640433,25.631480418921683,26.570079051734183,25.604136668921683,25.193186961890433,25.205638133765433,26.531871043921683,25.141062938452933,26.369639598609183,23.991954051734183,23.896739207984183,22.920237743140433,21.679942332984183,21.436351024390433,20.313060008765433,20.436045848609183,19.421641551734183,18.996897899390433,18.514414989234183,18.423838817359183,17.724436961890433,17.152476512671683,17.371531688452933,16.952220165015433,18.077220165015433,17.088633739234183,16.964366161109183,16.721324168921683,17.351206981421683,16.776622020484183,16.594310008765433,fallow,corn,corn,soybeans,corn,soybeans,corn,soybeans,corn,corn,corn,soybeans,corn,soybeans,corn,soybeans,corn,0,0,1,1,1,1,1,1,1,1,1,0,1,1,1,1,1,1,1,1,1,1,1,1,1,1
grid173,-100.61370620726562,39.38312365846354,17,10,grid23,8,0.42105263157894735,807.869423439024,73.667112,0.0657,85.344,886.267797,806.0972525,78.528672,0.0705,800.923797,44.52956,45.094513,46.301273,47.56171,44.42307,45.034576,45.429573,45.46695,43.608246,43.659718,43.75366,45.61704,47.128025,48.56119,48.864147,48.53884,49.269596,49.491272,49.988926,50.563896,50.94581,51.238068,51.642483,52.397987,56.545258,56.61876,57.621754,56.841927,56.88903,58.38811,56.834496,57.279297,55.2559,832.18115,832.92957,832.3885,832.9188,833.6806,832.8219,832.45996,832.42145,833.87335,832.4068,833.70374,830.9351,831.1844,830.1326,828.7816,828.74054,827.5583,827.822,826.65015,826.2371,825.8378,825.7538,824.98303,824.3229,824.7307,824.38635,825.46576,824.54034,824.4334,824.28107,824.803,824.23096,823.8261,24.31172890472601,25.06014199066351,24.51906533050726,25.04939980316351,25.81117958831976,24.95247597503851,24.59053749847601,24.55202431488226,26.00392861175726,24.53737587738226,25.83431191253851,23.06569618988226,23.31496376800726,22.26320595550726,20.91219277191351,20.87111611175726,19.68886513519476,19.95259804535101,18.78072304535101,18.36769814300726,17.96840615081976,17.88436074066351,17.11360878753851,16.45345253753851,16.86128945160101,16.51692910003851,17.59633583831976,16.67092079925726,16.56398720550726,16.41164345550726,16.93355507660101,16.36153359222601,15.95668740081976,other,corn,corn,corn,corn,corn,other,corn,wheat,corn,corn,corn,corn,corn,corn,corn,fallow,2,1,1,1,0,0,1,0,0,1,0,1,1,1,1,0,1,0,0,0,0,1,0,1,0,0
grid174,-100.6136636451302,39.390376619279515,17,11,grid23,17,0.8947368421052632,807.9606178708079,80.750664,0.0665,79.5528,884.3545587,807.9182019,83.801712,0.0622,804.8017587,44.35967,44.993492,45.849255,47.55031,44.32703,44.919384,45.30903,45.056152,43.568615,43.553955,43.704285,45.91224,47.12747,48.41225,48.92015,48.530605,49.25513,49.479115,49.98881,50.556385,50.935036,51.22139,51.633575,52.165955,56.698997,56.702103,57.695385,56.916782,56.960106,58.44639,56.881794,57.350388,55.35911,832.00183,832.73334,832.0849,832.7381,833.3966,832.77374,832.46155,832.1125,833.6277,832.37396,833.6429,830.6662,831.205,830.0664,828.57025,828.772,827.5718,827.83545,826.63666,826.2311,825.86743,825.85864,825.0051,824.41486,824.59717,824.303,825.3893,824.47284,824.3724,824.3618,824.70197,824.14575,823.898,24.041213183879563,24.772719531535813,24.124282031535813,24.777480273723313,25.435988574504563,24.813124804973313,24.500929980754563,24.151869922160813,25.667067676067063,24.413344531535813,25.682265429973313,22.705580859660813,23.244399219035813,22.105788379192063,20.609633594035813,20.811354785442063,19.611159472942063,19.874831347942063,18.676039844035813,18.270461230754563,17.906813769817063,17.898024707317063,17.044509082317063,16.454238086223313,16.636550097942063,16.342360644817063,17.428664355754563,16.512221484660813,16.411757617473313,16.401198535442063,16.741347461223313,16.185134082317063,15.937392383098313,corn,corn,corn,corn,corn,corn,corn,corn,corn,corn,corn,corn,corn,corn,corn,corn,corn,0,0,1,1,1,1,1,1,1,1,1,1,1,1,1,1,1,0,0,1,1,1,1,1,1,1
grid175,-100.6136210829948,39.39762958009548,17,12,grid23,0,0.0,807.91820185404,83.80171200000001,0.0622,79.5528,884.3545587,807.9182019,83.801712,0.0622,804.8017587,44.14512,45.153152,46.4097,46.777336,44.524204,45.209698,45.5034,45.649696,43.882126,43.84136,44.048885,45.86127,46.983585,48.39663,48.789303,48.763,49.431038,49.674023,50.202282,50.75083,51.107834,51.38007,51.793304,52.345516,56.476215,56.525383,56.680084,56.739765,56.7857,57.49541,56.700233,57.154716,55.572857,832.07214,832.75507,832.1214,832.6441,833.3358,832.88043,832.60754,832.1291,833.55115,832.39435,833.67737,830.33325,831.33716,830.0137,828.4335,828.9805,827.7936,828.0339,826.8199,826.4332,826.0866,826.18713,825.2396,824.58777,824.8313,824.5606,825.36566,824.61273,824.51306,824.4529,824.8144,824.26965,824.0105,24.153941700647465,24.836864063928715,24.203197071741215,24.725902149866215,25.417613575647465,24.962230274866215,24.689342091272465,24.210887501428715,25.632945606897465,24.476146290491215,25.759166310022465,22.415050099084965,23.418956349084965,22.095470020959965,20.515269825647465,21.062327931116215,19.875377247522465,20.115672657678715,18.901683399866215,18.515025685022465,18.168407032678715,18.268931935022465,17.321422169397465,16.669566700647465,16.913096974084965,16.642406056116215,17.447459767053715,16.694530079553715,16.594859669397465,16.534679005334965,16.896190235803715,16.351451466272465,16.092296192834965,other,other,other,other,other,other,other,other,other,other,other,other,other,other,other,other,other,17,0,0,0,0,0,0,0,0,0,0,0,0,0,0,0,0,0,0,0,0,0,0,0,0,0
grid176,-100.61357852085938,39.40488254091145,17,13,grid23,19,1.0,807.8089992195121,76.507848,0.0565,79.5528,884.3545587,807.9182019,83.801712,0.0622,804.8017587,44.45477,44.88475,46.584133,46.63039,44.264694,44.912712,45.184784,45.792397,43.705227,43.630024,43.85086,45.68341,47.31512,48.156498,49.188797,48.63485,49.28281,49.51669,50.049175,50.588303,50.929264,51.200024,51.617928,52.17821,56.22481,56.333363,56.474308,56.536514,56.58549,57.20958,56.490417,56.929405,55.333874,832.5878,832.9763,832.41656,832.7496,833.4397,833.2393,833.02374,832.44556,833.5152,832.69666,833.84204,830.3073,831.63745,830.32556,828.37335,829.29895,828.1498,828.34625,827.13904,826.74603,826.4471,826.6458,825.60223,824.89453,825.1982,824.8426,825.5649,824.9398,824.83405,824.74426,825.1161,824.57324,824.287,24.77883037033166,25.16731913986291,24.60756572189416,24.94057353439416,25.63069804611291,25.43031962814416,25.21474345626916,24.63655742111291,25.70619853439416,24.88765605392541,26.03304179611291,22.49831279220666,23.82845195236291,22.51656230392541,20.56435283126916,21.48995097580041,20.34078105392541,20.53725322189416,19.33003886642541,18.93703349533166,18.63808330001916,18.83681376876916,17.79323466720666,17.08553203048791,17.38918193283166,17.03359111251916,17.75588115158166,17.13082011642541,17.02504619064416,16.93526347580041,17.30708964767541,16.76424296798791,16.47798808517541,corn,corn,corn,corn,corn,corn,corn,soybeans,corn,sorghum,corn,corn,corn,corn,soybeans,corn,corn,0,0,1,1,1,1,1,1,1,1,1,1,1,1,1,1,1,1,1,1,1,1,1,1,1,1
grid177,-100.61353595872396,39.412135501727434,17,14,grid23,0,0.0,807.636234571392,71.65238400000001,0.0534,74.676,884.8884668,807.7234975,72.74052,0.0548,810.2124668,44.11483,45.010166,46.670387,46.461,44.445126,45.029636,45.28018,46.017277,44.694645,44.686783,44.59044,45.798695,47.06244,47.917114,48.89773,49.687195,50.28599,50.504898,51.030422,51.591545,51.919003,52.200306,52.616127,53.144253,55.807976,55.97685,56.2351,55.934227,56.002754,56.875916,55.922783,56.350185,55.26577,832.93066,833.3182,832.6519,832.932,833.6726,833.61743,833.4528,832.624,833.78784,833.2395,834.1303,830.3391,831.9898,830.6543,828.48267,829.9853,828.8863,828.9632,827.8365,827.44727,827.19006,827.4992,826.37195,825.6112,825.7034,825.3316,825.8827,825.4199,825.3065,825.128,825.5758,825.0271,824.69275,25.294429491107962,25.681941698139212,25.015681932514212,25.295772264545462,26.036372850482962,25.981197069232962,25.816585252826712,24.987788866107962,26.151607225482962,25.603267381732962,26.494075487201712,22.702876756732962,24.353572557514212,23.018062303607962,20.846431444232962,22.349055955951712,21.250056932514212,21.326961229389212,20.200252245014212,19.811031053607962,19.553828905170462,19.862971971576712,18.735713670795462,17.974971483295462,18.067195604389212,17.695369432514212,18.246455858295462,17.783687303607962,17.670283983295462,17.491756151264212,17.939571092670462,17.390865037982962,17.056514452045462,wheat,wheat,fallow,wheat,fallow,wheat,other,corn,other,wheat,fallow,wheat,corn,fallow,wheat,corn,corn,2,7,0,0,0,0,0,0,0,0,0,0,0,0,0,0,0,0,0,0,0,0,0,0,0,0
grid178,-100.61349339658854,39.4193884625434,17,15,grid23,16,0.8421052631578947,807.349417969512,80.83905600000001,0.0545,70.4088,880.6214822,807.2585584,96.725232,0.0584,810.2126822,44.56835,45.00969,46.31112,46.827084,44.415737,44.91905,45.127712,45.55303,44.305943,44.402733,44.235054,45.886772,46.081577,46.975697,48.013813,49.39994,49.957695,50.149353,50.666584,51.219242,51.548767,51.803043,52.213924,52.750984,55.26756,55.424812,55.97952,55.62585,55.69754,56.517403,55.603405,56.008522,54.69424,833.62213,834.05426,833.07086,833.2882,834.28796,834.2882,834.1598,833.0025,834.0167,833.6133,834.3326,830.76337,832.4369,831.1184,828.80035,830.47345,829.4437,829.46136,828.36847,827.9697,827.63165,828.1374,826.95544,826.16266,826.28064,825.9053,826.30035,825.88354,825.75616,825.5915,826.02094,825.4652,825.13873,26.272713378144203,26.704842284394203,25.721443846894203,25.938790038300453,26.938545897675453,26.938790038300453,26.810372069550453,25.653084471894203,26.667305663300453,26.263863280487953,26.983162596894203,23.413948729706703,25.087471678925453,23.768990233612953,21.450936034394203,23.124031737519203,22.094307616425453,22.111946776581703,21.019051268769203,20.620308592987953,20.282234862519203,20.787972167206703,19.606026366425453,18.813240721894203,18.931221678925453,18.555855467987953,18.950936034394203,18.534126952362953,18.406746581269203,18.242073729706703,18.671517089081703,18.115791991425453,17.789314940644203,corn,corn,corn,corn,soybeans,corn,wheat,corn,fallow,wheat,corn,corn,corn,soybeans,corn,corn,soybeans,0,2,1,1,1,1,1,1,1,1,1,1,1,1,1,1,1,1,1,0,0,0,1,1,1,1
grid179,-100.61345083445313,39.42664142335937,17,16,grid22,18,0.9473684210526315,807.258558397104,96.72523199999999,0.0584,78.3336,883.308957,807.78541,103.619808,0.0628,804.975357,44.081913,44.690914,45.690567,46.501236,44.080948,44.58154,44.787342,44.720688,43.496708,43.84043,43.646946,45.560272,45.759315,46.632816,47.718613,48.973236,49.505672,49.673187,50.39806,50.69181,50.986588,51.215294,51.61855,52.146027,54.837734,55.087807,55.69913,55.290325,55.365448,56.121338,55.25531,55.635544,53.976944,834.2038,834.6837,833.5539,833.63837,834.8703,834.9083,834.78864,833.4581,834.33716,834.30615,834.6874,831.3331,833.25714,831.9627,829.4268,831.19794,830.2646,830.194,829.23694,828.7495,828.457,828.94965,827.78894,826.99695,826.7963,826.5141,826.83636,826.4618,826.3246,826.1741,826.5769,826.0299,825.7803,26.945237989614725,27.425157423208475,26.295335645864725,26.379808302114725,27.611741895864725,27.649766798208475,27.530076856802225,26.199571485708475,27.078599806020975,27.047593946645975,27.428819532583475,24.074571485708475,25.998582716177225,24.704149122427225,22.168260450552225,23.939378614614725,23.006029005239725,22.935411329458475,21.978380079458475,21.490953321645975,21.198411817739725,21.691087598989725,20.530382032583475,19.738389845083475,19.537767286489725,19.255540723989725,19.577806348989725,19.203233595083475,19.066026563833475,18.915513868520975,19.318345899770975,18.771348829458475,18.521715040395975,corn,fallow,other,corn,soybeans,corn,corn,soybeans,corn,corn,corn,corn,soybeans,corn,corn,corn,soybeans,1,0,1,1,1,1,1,1,1,1,1,1,0,1,1,1,1,1,1,1,1,1,1,1,1,1
grid180,-100.61340827231771,39.433894384175346,17,17,grid22,18,0.9473684210526315,807.785409961128,103.61980799999999,0.0628,72.8472,882.460502,809.2295637,100.327968,0.0656,809.613302,43.530315,44.15396,44.920414,45.49016,43.5688,44.03217,44.205887,44.29885,42.955666,43.356583,43.13402,45.181248,45.384754,46.263073,47.247936,48.615177,49.095898,49.218502,49.922985,50.22308,50.48947,50.72294,51.109417,51.645977,53.469536,53.66416,54.09307,53.847836,53.91417,54.503544,53.79923,54.157375,53.1967,835.53284,835.1896,834.2348,834.1882,835.39453,835.42804,835.28546,834.20056,834.6931,835.2602,834.9764,831.9971,833.75903,832.51166,830.1734,831.8391,830.99225,830.8069,829.9664,829.50354,829.2212,829.64954,828.57996,827.80927,827.4807,827.2368,827.51465,827.1842,827.043,826.9078,827.2731,826.7582,826.4838,27.74742695293446,27.40416523418446,26.44939228496571,26.40276142559071,27.60912128887196,27.64262958965321,27.50005146465321,26.41515156230946,26.90770527324696,27.47478290996571,27.19096943340321,24.21166035137196,25.97362324199696,24.72624775371571,22.38799091777821,24.05370136699696,23.20683857402821,23.02147480449696,22.18095966777821,21.71813007793446,21.43578144512196,21.86412617168446,20.79454609355946,20.02385517559071,19.69530292949696,19.45140644512196,19.72923847637196,19.39879414043446,19.25761982402821,19.12236591777821,19.48766132793446,18.97276874980946,18.69841572246571,corn,corn,other,soybeans,corn,corn,corn,corn,corn,corn,corn,corn,sorghum,corn,corn,corn,soybeans,1,0,1,1,1,1,1,1,1,1,1,1,1,1,1,1,1,1,1,1,1,1,0,1,1,1
grid181,-100.60456520877604,39.35410393688368,18,6,grid24,19,1.0,806.846378905488,51.096672,0.0612,77.4192,879.8258967,806.2093201,51.880008,0.0597,802.4066967,43.100872,45.4236,44.60286,47.1172,44.862926,44.31449,45.826077,43.52422,44.57772,44.151962,44.669968,46.544174,48.014233,48.221504,49.639874,49.47491,50.095665,47.923557,49.31729,51.240753,50.07367,50.566914,50.945324,52.589855,54.39134,54.793957,54.66037,55.06032,55.083405,55.307796,54.90887,55.261158,54.58639,833.414,833.94696,833.3482,833.3355,835.051,833.5755,833.041,833.04175,832.956,832.71906,832.4643,832.1889,831.51996,830.65717,829.9211,829.48376,829.07697,828.8693,828.06244,827.6251,827.0573,826.9896,826.4116,826.1389,825.66565,824.7107,824.6663,824.80206,824.6334,824.28845,824.9809,824.57434,824.6825,26.567622559355755,27.100581543730755,26.501826660918255,26.489131348418255,28.204646485137005,26.729121582793255,26.194636719512005,26.195369141387005,26.109614746855755,25.872676270293255,25.617915528105755,25.342524903105755,24.673579590605755,23.810786621855755,23.074702637480755,22.637385742949505,22.230586426543255,22.022944824980755,21.216060059355755,20.778743164824505,20.210933106230755,20.143245117949505,19.565242188262005,19.292537110137005,18.819270508574505,17.864314453887005,17.819941895293255,17.955684082793255,17.787043946074505,17.442073242949505,18.134517090605755,17.727961914824505,17.836116211699505,corn,corn,corn,corn,corn,corn,corn,corn,corn,corn,corn,corn,corn,corn,corn,corn,corn,0,0,1,1,1,1,1,1,1,1,1,1,1,1,1,1,1,1,1,1,1,1,1,1,1,1
grid182,-100.60452276007813,39.361355460234364,18,7,grid24,3,0.15789473684210525,806.209320116616,51.880008000000004,0.0597,82.296,879.8258967,806.2093201,51.880008,0.0597,797.5298967,42.67048,44.99375,44.083813,47.73372,44.329105,44.948444,45.336525,43.143032,43.45464,43.73196,43.637238,45.62661,47.32764,48.6404,48.949875,48.259163,48.943584,49.123585,49.573586,50.16786,50.53513,50.836075,51.21718,52.445915,54.93333,55.20364,55.532467,55.44523,55.46798,56.176632,55.317314,55.697533,55.179688,832.5205,833.01355,832.6003,832.63257,834.09985,832.6523,832.1007,832.39606,832.4661,831.8454,831.91626,831.13403,830.68463,829.7986,829.0163,828.53253,828.0077,827.90436,826.92175,826.54016,826.008,825.8993,825.26605,824.9154,824.67554,823.88495,825.17,824.1527,823.9716,823.5193,824.32513,823.8986,823.9818,26.311187695883973,26.804229688071473,26.390960645102723,26.423248242758973,27.890533399008973,26.442962598227723,25.891387891196473,26.186737012290223,26.256805371665223,25.636077832602723,25.706939649008973,24.924713086508973,24.475311231040223,23.589263867758973,22.806976270102723,22.323211621665223,21.798370313071473,21.695037793540223,20.712432813071473,20.330841016196473,19.798675488852723,19.689971875571473,19.056732129477723,18.706085156821473,18.466216992758973,17.675628613852723,18.960662793540223,17.943389844321473,17.762298535727723,17.309966992758973,18.115814160727723,17.689300488852723,17.772491406821473,wheat,corn,corn,soybeans,wheat,corn,corn,wheat,wheat,corn,corn,fallow,wheat,corn,corn,corn,corn,0,5,0,0,0,0,0,0,0,0,0,1,1,0,1,0,0,0,0,0,0,0,0,0,0,0
grid183,-100.6044803113802,39.36860698358507,18,8,grid24,11,0.5789473684210527,806.1349804695121,56.79948,0.0611,86.2584,883.585552,804.0727063,60.103512,0.0631,797.327152,44.62022,45.088062,46.181908,47.653767,44.418774,45.03364,45.430645,45.40035,43.689857,43.726063,43.880833,45.72427,47.45472,48.741394,49.14509,48.360233,49.05783,49.260628,49.727016,50.309475,50.682533,50.978943,51.368835,52.68565,55.782585,56.026947,55.855724,56.25317,56.28849,56.595585,56.17284,56.55467,55.690044,831.43207,832.0448,831.569,831.8581,833.04,831.8684,831.3645,831.55707,831.9917,831.1943,831.6161,830.26917,829.99994,829.0329,828.0481,827.7438,827.01074,826.96094,825.9678,825.5765,825.0844,824.9751,824.3007,823.8326,823.9193,823.2747,824.50494,823.4863,823.3343,822.8483,823.6832,823.21985,823.2294,25.29708740158162,25.90981933517537,25.43398925705037,25.72311279220662,26.90499755783162,25.73342773361287,25.22952148361287,25.42208740158162,25.85671874923787,25.05929443283162,25.48110839767537,24.13418456955037,23.86495849533162,22.89791747970662,21.91311523361287,21.60879394455037,20.87576171798787,20.82595703048787,19.83279296798787,19.44149658126912,18.94943115158162,18.84011718673787,18.16573974533162,17.69760009689412,17.78433105392537,17.13973876876912,18.36996337814412,17.35134765548787,17.19930908126912,16.71334716720662,17.54824706955037,17.08486816330037,17.09438964767537,fallow,corn,corn,corn,corn,corn,corn,wheat,corn,corn,corn,sorghum,sorghum,corn,corn,corn,corn,0,1,1,0,0,1,0,0,1,0,1,0,1,1,1,1,1,0,0,1,1,1,0,0,0,1
grid184,-100.60443786268229,39.37585850693577,18,9,grid24,19,1.0,806.4910517583841,64.44996,0.0647,86.2584,883.585552,804.0727063,60.103512,0.0631,797.327152,44.599854,45.13204,46.26506,47.623825,44.46073,45.064625,45.466694,45.42291,43.715782,43.69233,43.899536,45.795876,47.558414,48.651672,49.30959,48.434258,49.13993,49.35391,49.842995,50.41451,50.787823,51.082096,51.48107,52.894474,56.202557,56.332832,57.3431,56.563816,56.597168,58.018635,56.504246,56.906315,55.30438,830.71063,831.3538,830.85944,831.3425,832.25714,831.28284,830.8275,830.93445,831.68195,830.7162,831.4095,829.54333,829.48016,828.4815,827.34094,827.1611,826.26514,826.30365,825.2474,824.84863,824.4183,824.31006,823.57886,822.9804,823.33215,822.7585,823.9193,822.89386,822.7716,822.48486,823.105,822.62067,822.437,24.21958056583469,24.86276904239719,24.36838427677219,24.85147753849094,25.76608935489719,24.79178515567844,24.33646289005344,24.44339648380344,25.19089404239719,24.22513476505344,24.91843310489719,23.05228320255344,22.98911181583469,21.99045458927219,20.84989062442844,20.67002001895969,19.77408496036594,19.81259814395969,18.75632372989719,18.35758105411594,17.92722216739719,17.81900683536594,17.08780566349094,16.48935595645969,16.84110156192844,16.26743212833469,17.42825976505344,16.40280810489719,16.28055468692844,15.99381152286594,16.61392871036594,16.12961474552219,15.94595996036594,other,other,other,other,other,other,other,corn,corn,corn,corn,corn,corn,corn,corn,corn,corn,7,0,1,1,1,1,1,1,1,1,1,1,1,1,1,1,1,1,1,1,1,1,1,1,1,1
grid185,-100.60439541398438,39.38311003028645,18,10,grid23,18,0.9473684210526315,805.9870453109761,71.990712,0.0691,85.344,886.267797,806.0972525,78.528672,0.0705,800.923797,44.867004,45.121647,46.58644,47.67648,44.451263,45.04043,45.443794,45.832497,43.723953,43.62896,43.899544,46.136227,47.684364,48.53506,49.44798,48.475986,49.18419,49.409523,49.91335,50.47564,50.85307,51.138325,51.54606,52.07296,56.416977,56.51947,57.527744,56.740467,56.788593,58.25503,56.73714,57.165688,55.54008,830.4653,830.8741,830.53784,830.9511,831.6817,830.9023,830.4978,830.68506,831.4104,830.41125,831.25323,828.81433,829.1749,828.116,826.7902,826.83954,825.84247,825.9064,824.8273,824.42316,824.01056,823.9689,823.1674,822.65015,822.9275,822.4284,823.5498,822.57556,822.47626,822.299,822.80054,822.3052,822.0982,24.47822568511765,24.88703916168015,24.5507964858989,24.96406552886765,25.69465634918015,24.91523740386765,24.5107574233989,24.6980132827739,25.4233550796489,24.4242095718364,25.26618955230515,22.8272857437114,23.1878814468364,22.12898252105515,20.80317685699265,20.85249326324265,19.85542295074265,19.9193267593364,18.8402251968364,18.43611142730515,18.02351377105515,17.9818267593364,17.18037412261765,16.6631011733989,16.9404449233989,16.44136045074265,17.5627593765239,16.5885162124614,16.48921201324265,16.31196591949265,16.8134917983989,16.3181304702739,16.11116025543015,fallow,corn,corn,corn,corn,corn,soybeans,corn,soybeans,corn,soybeans,corn,corn,corn,wheat,corn,wheat,0,2,1,1,1,1,1,1,1,1,1,0,1,1,1,1,1,1,1,1,1,1,1,1,1,1
grid186,-100.60435296528647,39.390361553637156,18,11,grid23,19,1.0,806.0972525388721,78.528672,0.0705,85.344,886.267797,806.0972525,78.528672,0.0705,800.923797,44.86254,45.06042,46.688248,47.698067,44.39405,44.966087,45.36696,45.788193,43.709435,43.54234,43.876633,45.91873,47.109623,48.401367,48.916214,48.490078,49.19624,49.429455,49.94517,50.49959,50.87564,51.154427,51.570927,52.104073,56.49978,56.576862,57.68328,56.78365,56.831932,58.429672,56.785023,57.214684,55.403164,830.3135,830.63226,830.2986,830.7178,831.3401,830.7423,830.38885,830.40344,831.20764,830.28864,831.1676,828.5552,829.1083,827.9481,826.43567,826.7331,825.68005,825.74176,824.65094,824.24054,823.8651,823.89624,823.0093,822.4268,822.8048,822.3592,823.2182,822.4771,822.3905,822.13336,822.6946,822.19434,821.8088,24.216224023627888,24.535010644721638,24.201331445502888,24.620520898627888,25.242835351752888,24.645057031440388,24.291602441596638,24.306189843940388,25.110389062690388,24.191382715034138,25.070350000190388,22.457923242377888,23.011023828315388,21.850867578315388,20.338416406440388,20.635840722846638,19.582801172065388,19.644507715034138,18.553687402534138,18.143287011909138,17.767859765815388,17.798987695502888,16.912024804877888,16.329566308784138,16.707557031440388,16.261939355659138,17.120948144721638,16.379859277534138,16.293250390815388,16.036109277534138,16.597327539252888,16.097083398627888,15.711524316596638,corn,corn,corn,corn,corn,soybeans,corn,soybeans,corn,soybeans,corn,corn,corn,sorghum,corn,other,other,2,0,1,1,1,1,1,1,1,1,1,1,1,1,1,1,1,1,1,1,1,1,1,1,1,1
grid187,-100.60431051658854,39.397613076987845,18,12,grid23,18,0.9473684210526315,806.277018311928,81.42122400000001,0.0643,75.2856,878.4897199,804.3506057,76.705968,0.0549,803.2041199,44.717537,45.2906,46.910244,47.69406,44.661724,45.870224,46.214684,46.175144,44.64852,44.766808,44.79571,45.825134,46.98366,48.248005,48.80808,49.73549,50.39445,50.620235,51.101612,51.701153,52.045498,52.33853,52.76552,53.331123,56.579884,56.61262,56.742336,56.818066,56.863148,57.574524,56.79014,57.24057,55.31472,830.2749,830.56134,830.1434,830.60254,831.169,831.0809,830.77527,830.2426,831.3815,830.66504,831.47156,828.239,829.15295,827.94086,826.17554,827.15674,826.0863,826.13806,825.02716,824.6221,824.1916,824.4192,823.42993,822.7787,822.64716,822.2335,823.1077,822.3311,822.24695,822.1501,822.5267,822.0214,821.79944,23.997884031821968,24.284322020103218,23.866353270103218,24.325520750571968,24.891988035728218,24.803853270103218,24.498250242759468,23.965596434165718,25.104451414634468,24.388020750571968,25.194539305259468,21.961995359946968,22.875935789634468,21.663838621665718,19.898518797446968,20.879719969321968,19.809285399009468,19.861043211509468,18.750142332603218,18.345052000571968,17.914571043540718,18.142171141196968,17.152913328696968,16.501668211509468,16.370137449790718,15.956502195884468,16.830708738853218,16.054097410728218,15.969929930259468,15.873067137290718,16.249654051353218,15.744405027915718,15.522420164634468,corn,corn,corn,corn,soybeans,corn,corn,corn,corn,sorghum,corn,soybeans,corn,corn,corn,corn,corn,0,0,1,1,1,1,1,1,1,1,1,0,1,1,1,1,1,1,1,1,1,1,1,1,1,1
grid188,-100.60426806789062,39.40486460033854,18,13,grid23,0,0.0,806.4168981459601,78.571344,0.0564,75.2856,878.4897199,804.3506057,76.705968,0.0549,803.2041199,44.61943,45.04811,46.774055,46.9068,44.428566,45.522766,45.846992,45.951324,44.399475,44.410496,44.545525,45.700836,47.154984,48.061974,49.08901,49.21039,49.855213,50.045155,50.60376,51.166172,51.95288,51.78119,52.211796,52.778286,56.357212,56.434338,56.55428,56.63157,56.67948,57.314926,56.59788,57.03465,55.172684,830.3774,830.7241,830.15704,830.55194,831.17957,831.1897,830.95184,830.18243,831.2209,830.7458,831.44617,828.0146,829.4196,828.09265,826.05206,827.2366,826.1677,826.1659,825.0802,824.65784,824.4064,824.6175,823.51434,822.8026,822.80133,822.4861,823.1811,822.5265,822.43646,822.3157,822.7069,822.18475,821.9316,23.96048222513366,24.30722294778991,23.74014531107116,24.13504277200866,24.76266728372741,24.77279911966491,24.53494511575866,23.76553593607116,24.80398808450866,24.32889042825866,25.02926884622741,21.59768925638366,23.00271855325866,21.67575322122741,19.63516484232116,20.81967411966491,19.75082646341491,19.74899540872741,18.66330204935241,18.24093876810241,17.98947392435241,18.20059452982116,17.09744511575866,16.38571415872741,16.38443242044616,16.06918583841491,16.76419316263366,16.10959111185241,16.01956425638366,15.89877568216491,16.29001103372741,15.76785527200866,15.51468144388366,other,other,other,other,other,other,other,other,other,other,other,other,other,other,other,other,other,17,0,0,0,0,0,0,0,0,0,0,0,0,0,0,0,0,0,0,0,0,0,0,0,0,0
grid189,-100.60422561919272,39.41211612368924,18,14,grid23,7,0.3684210526315789,806.427241698552,74.861928,0.0512,75.2856,878.4897199,804.3506057,76.705968,0.0549,803.2041199,44.29722,46.015697,46.944027,46.77741,45.482025,45.98896,46.219795,46.282055,44.804848,44.76854,44.76396,46.623405,47.80255,48.631924,49.533092,49.901737,50.512016,50.743954,51.252983,51.81234,52.14927,52.412495,52.850964,53.43541,56.093952,56.230434,56.333412,56.412437,56.463814,57.00888,56.370987,56.79209,56.42078,830.64453,831.2192,830.31586,830.62836,831.51575,831.5995,831.4233,830.2486,831.2416,831.062,831.65076,828.142,830.01825,828.6322,826.119,827.69855,826.6561,826.6223,825.53937,825.0977,824.75214,825.2431,824.0219,823.25134,823.1941,822.8749,823.3974,822.85425,822.7486,822.5935,823.0202,822.46844,822.3276,24.217289551447948,24.791935547541698,23.888615235041698,24.201115235041698,25.088505371760448,25.172245606135448,24.996037110041698,23.821354492854198,24.814335449885448,24.634770020197948,25.223515137385448,21.714787110041698,23.591007813166698,22.204960449885448,19.691776856135448,21.271305664729198,20.228886231135448,20.195072754572948,19.112125977229198,18.670475586604198,18.324894531916698,18.815861328791698,17.594669922541698,16.824101074885448,16.766850098322948,16.447636231135448,16.970158203791698,16.427006348322948,16.321354492854198,16.166264160822948,16.592960938166698,16.041203125666698,15.900333985041698,sorghum,fallow,wheat,other,corn,corn,sorghum,fallow,wheat,corn,fallow,wheat,soybeans,corn,corn,soybeans,corn,1,3,1,1,1,0,1,0,1,0,0,0,0,0,1,1,1,1,0,0,1,0,0,0,1,0
grid190,-100.60418317049479,39.41936764703993,18,15,grid23,19,1.0,806.3542415041921,81.314544,0.0522,70.4088,880.6214822,807.2585584,96.725232,0.0584,810.2126822,44.80681,45.47429,46.738716,47.199482,44.920006,45.415344,45.65433,46.023865,44.01849,43.834152,44.065784,45.659466,46.879612,47.755634,48.87606,49.572884,50.14279,50.36149,50.90593,51.44546,51.775967,52.025898,52.453888,52.986065,55.48878,55.59671,56.094757,55.78946,55.858906,56.676247,55.779655,56.188435,55.45797,831.1925,831.67255,830.61395,830.8211,831.7997,831.9485,831.8368,830.4574,831.1712,831.56586,831.6154,828.1746,830.3861,829.002,826.3233,828.04333,827.04144,827.05963,825.8968,825.4328,825.2043,825.76044,824.4321,823.61017,823.75543,823.4244,823.7454,823.30963,823.1856,822.9804,823.46185,822.87964,822.6926,24.838263378620354,25.318304882526604,24.259711132526604,24.466864452839104,25.445441112995354,25.594244823932854,25.482550487995354,24.103155956745354,24.816962109089104,25.211615429401604,25.261175976276604,21.820380077839104,24.031866894245354,22.647772655964104,19.969061718464104,21.689093456745354,20.687201366901604,20.705389843464104,19.542548046589104,19.078558788776604,18.850043163776604,19.406195507526604,18.077887402057854,17.255926952839104,17.401190624714104,17.070135937214104,17.391180859089104,16.955389843464104,16.831366405964104,16.626166210651604,17.107611523151604,16.525397167682854,16.338385448932854,sorghum,corn,corn,corn,soybeans,corn,corn,corn,corn,corn,corn,soybeans,corn,corn,corn,soybeans,corn,0,0,1,1,1,1,1,1,1,1,1,1,1,1,1,1,1,1,1,1,1,1,1,1,1,1
grid191,-100.60414072179688,39.42661917039062,18,16,grid22,2,0.10526315789473684,806.495516602896,93.826584,0.0573,70.4088,880.6214822,807.2585584,96.725232,0.0584,810.2126822,44.400543,45.016407,46.367527,46.245792,44.417316,44.87449,45.108624,45.360264,43.981827,44.246105,44.160694,45.779396,46.532707,47.41537,48.477524,49.143166,49.68748,49.881462,50.620758,50.91554,51.19235,51.436348,51.855686,52.379116,54.64659,54.831886,55.823017,54.97351,55.035366,56.29288,54.924007,55.294373,54.830353,832.5708,832.1968,831.1437,831.2141,832.2616,832.4653,832.3661,830.96387,831.5514,832.3741,831.98865,828.57886,830.79767,829.43164,826.7714,828.64197,827.7119,827.6741,826.5946,826.0857,825.9296,826.4442,825.13715,824.3122,824.39264,824.0719,824.2825,823.9537,823.81555,823.5796,824.07294,823.4952,823.1994,26.075284178353968,25.701260740853968,24.648160154916468,24.718594725228968,25.766080076791468,25.969754393197718,25.870572264291468,24.468350584603968,25.055874998666468,25.878567869760218,25.493130858041468,22.083340818978968,24.302151854135218,22.936124022103968,20.275906736947718,22.146451170541468,21.216397459603968,21.178555662728968,20.099087889291468,19.590176756478968,19.434109861947718,19.948697264291468,18.641629393197718,17.816678221322718,17.897122557260218,17.576382811166468,17.786954100228968,17.458157713510218,17.320035154916468,17.084073240853968,17.577420408822718,16.999661619760218,16.703885252572718,sorghum,corn,corn,fallow,wheat,corn,corn,sorghum,corn,corn,corn,sorghum,corn,corn,fallow,wheat,wheat,0,3,0,0,0,0,1,0,0,0,0,0,0,0,0,0,0,0,0,0,0,0,1,1,0,0
grid192,-100.60409827309896,39.43387069374131,18,17,grid22,7,0.3684210526315789,807.251042577744,99.873816,0.0627,73.152,881.3047639,807.304323,91.604592,0.0662,808.1527639,43.727253,44.455956,45.1806,45.803116,43.88201,44.301903,44.50325,44.583275,43.33598,43.501076,43.506744,45.38051,45.48405,46.36748,47.379173,48.780857,49.27311,49.43791,50.13839,50.439713,50.70654,50.93913,51.339104,51.871258,54.093376,54.39033,55.515297,54.53025,54.59535,55.85454,54.461826,54.798157,53.416386,833.0451,832.71027,831.7218,831.6203,832.8242,832.9928,832.8539,831.62213,832.1572,832.83594,832.5028,829.38367,831.3019,829.99646,827.63464,829.2818,828.43054,828.26355,827.3352,826.85095,826.6759,827.1011,825.93066,825.13873,825.09564,824.73865,824.90686,824.68,824.5377,824.2904,824.754,824.21844,823.84827,25.794062402724762,25.459223535537262,24.470759180068512,24.369257715224762,25.573176172256012,25.741755273818512,25.602839258193512,24.371088769912262,24.906183984756012,25.584894922256012,25.251765039443512,22.132624414443512,24.050837305068512,22.745417383193512,20.383600976943512,22.030756738662262,21.179499414443512,21.012507226943512,20.084162500381012,19.599909570693512,19.424860742568512,19.850031641006012,18.679621484756012,17.887690332412262,17.844599512099762,17.487604883193512,17.655817773818512,17.428950098037262,17.286677148818512,17.039362695693512,17.502985742568512,16.967402246474762,16.597224023818512,other,corn,corn,sorghum,corn,corn,sorghum,fallow,wheat,corn,sorghum,fallow,wheat,corn,fallow,wheat,corn,1,3,0,0,0,1,0,0,0,1,0,0,0,0,1,0,1,0,0,1,1,1,0,0,1,0
grid193,-100.60385230527777,39.477201700694444,18,23,grid21,19,1.0,815.6696542972561,102.31526400000001,0.0618,50.5968,860.9074602,815.6696543,102.315264,0.0618,810.3106602,40.43421,39.492077,41.950867,42.702488,38.959465,39.192112,39.281994,39.542427,39.39396,40.291924,39.567646,40.59757,40.58751,41.347378,41.969223,43.964,44.31643,44.410805,44.96191,45.144867,45.229538,45.53277,45.680744,46.27944,47.33291,47.58578,47.61986,47.754303,47.786777,47.773373,47.600643,47.809994,46.58253,836.1795,836.1027,835.2931,834.0146,836.3355,836.38135,835.97656,836.0437,835.7968,835.62994,835.4859,834.69293,834.7085,833.8834,833.27246,832.97064,832.658,832.28674,831.7381,831.39026,831.27484,831.06244,830.74866,830.2398,830.1926,829.8915,829.71173,829.47864,829.3354,829.16534,829.4505,829.26355,828.93414,20.509850097275148,20.433067870712648,19.623436523056398,18.344933105087648,20.665855956650148,20.711693358993898,20.306908202743898,20.374046874618898,20.127159667587648,19.960289550400148,19.816246581650148,19.023277831650148,19.038841796493898,18.213768554306398,17.602806640243898,17.300987792587648,16.988365722275148,16.617088866806398,16.068443847275148,15.720604491806398,15.605187011337648,15.392784667587648,15.079002929306398,14.570152831650148,14.522972655868898,14.221825194931398,14.042076659775148,13.808983398056398,13.665733886337648,13.495689941025148,13.780846191025148,13.593895507431398,13.264488769150148,corn,corn,corn,corn,corn,corn,corn,corn,corn,corn,corn,corn,corn,corn,corn,corn,corn,0,0,1,1,1,1,1,1,1,1,1,1,1,1,1,1,1,1,1,1,1,1,1,1,1,1
grid194,-100.60383727249999,39.469961017083335,18,22,grid21,0,0.0,815.1516021964561,87.916512,0.0614,50.5968,860.9074602,815.6696543,102.315264,0.0618,810.3106602,41.115215,40.99881,42.66867,43.156307,40.482784,40.72932,40.813107,41.098953,40.084564,41.117226,40.26814,42.253002,42.320423,43.13174,43.779488,44.965042,45.249653,45.356144,45.873966,46.134644,46.256786,46.58371,46.755398,47.375134,47.708225,47.936676,47.95866,48.094124,48.129147,48.264797,47.984352,48.20973,48.455933,835.82263,835.65857,834.81683,833.561,835.89166,835.99646,835.6193,835.3922,835.3022,835.29364,835.1429,834.0133,834.28375,833.381,832.5313,832.48224,832.0839,831.7201,831.1245,830.7546,830.5924,830.48895,830.0569,829.508,829.43933,829.0516,829.013,828.80927,828.65857,828.47766,828.7754,828.5296,828.2213,20.67102963948139,20.50696713948139,19.66523129963764,18.40937192463764,20.74006040120014,20.84485776448139,20.46772153401264,20.24060971760639,20.15058286213764,20.14203794026264,19.99128110432514,18.86170346760639,19.13215024495014,18.22937924885639,17.37970883870014,17.33063657307514,16.93232114338764,16.56849057698139,15.97290952229389,15.60297544026264,15.44080503010639,15.33735044026264,14.90528256916889,14.35639340901264,14.28772885823139,13.89997251057514,13.86139829182514,13.65766294026264,13.50696713948139,13.32605893635639,13.62378842854389,13.37799985432514,13.06971128010639,other,wheat,other,other,other,other,other,other,other,other,other,other,other,other,other,other,other,16,1,0,0,0,0,0,0,0,0,0,0,0,0,0,0,0,0,0,0,0,0,0,0,0,0
grid195,-100.60382223972222,39.46272033347222,18,21,grid21,0,0.0,812.818349268864,76.77912,0.0644,67.056,871.767833,811.0043391,82.820256,0.0656,804.711833,41.607986,41.573635,43.14219,43.969364,41.03019,41.311893,41.422424,41.69106,40.64359,41.33443,40.834034,42.66311,42.676823,43.485584,44.247375,45.228413,45.633835,45.76084,46.3804,46.597298,46.750828,47.062946,47.278603,47.866966,48.398296,48.463642,48.454575,48.590927,48.62408,48.93056,48.513016,48.77235,48.659115,835.33655,835.17114,834.266,833.3682,835.40314,835.489,835.1556,834.7006,834.66785,834.7492,834.5987,833.1917,833.7496,832.7654,831.60754,831.74066,831.2535,830.91675,830.2761,829.87427,829.73175,829.6882,829.1248,828.5227,828.66016,828.29803,828.342,828.1712,828.0167,827.81903,828.14056,827.8343,827.34686,22.51819858269846,22.35279330926096,21.44764194207346,20.54987582879221,22.58478793816721,22.67066440301096,22.33722934441721,21.88227328972971,21.84949741082346,21.93085727410471,21.78034457879221,20.37336215691721,20.93122348504221,19.94703159051096,18.78919467644846,18.92231235222971,18.43512973504221,18.09839877801096,17.45777377801096,17.05591830926096,16.91340121941721,16.86982211785471,16.30646762566721,15.70435580926096,15.84180698113596,15.47968539910471,15.52363071160471,15.35285434441721,15.19837436394846,15.00068149285471,15.32221469597971,15.01594028191721,14.52851352410471,other,other,other,other,other,other,other,other,other,other,other,other,other,other,other,other,other,17,0,0,0,0,0,0,0,0,0,0,0,0,0,0,0,0,0,0,0,0,0,0,0,0,0
grid196,-100.60380720694442,39.45547964986111,18,20,grid22,9,0.47368421052631576,811.004339060976,82.82025600000001,0.0656,67.056,871.767833,811.0043391,82.820256,0.0656,804.711833,42.144794,42.57529,43.655277,44.436832,42.034603,41.362988,41.55036,41.778572,40.883713,41.33952,41.076973,43.444717,43.494335,44.332478,45.12248,45.30699,45.67294,45.831886,46.445023,46.702477,46.8788,47.187138,47.417057,48.00947,50.69591,51.394768,51.336555,51.569023,51.60981,51.7134,51.4404,51.718433,50.322575,834.7554,834.48517,833.6197,832.911,834.70514,834.7757,834.49835,833.8145,834.07306,834.2926,834.10315,832.2148,833.0973,832.0159,830.5821,831.1642,830.5793,830.27216,829.56226,829.14545,828.988,829.04584,828.34436,827.69336,827.81635,827.2314,827.2951,827.1638,827.0057,826.8126,827.13135,826.7695,826.50366,23.751032032773992,23.480829396055242,22.615350880430242,21.906671681211492,23.700800099180242,23.771356739805242,23.494012989805242,22.810175099180242,23.068720021055242,23.288263478086492,23.098810353086492,21.210443653867742,22.092950978086492,21.011591114805242,19.577753224180242,20.159845509336492,19.574945606992742,19.267816700742742,18.557916798398992,18.141107716367742,17.983637013242742,18.041498341367742,17.340021290586492,16.689020314023992,16.812006153867742,16.227045216367742,16.290765919492742,16.159479298398992,16.001337208555242,15.808283009336492,16.127008595273992,15.765131153867742,15.499323048398992,corn,wheat,corn,corn,corn,sorghum,fallow,wheat,fallow,wheat,corn,sorghum,corn,corn,corn,fallow,wheat,0,4,1,1,1,1,1,1,1,0,1,0,0,1,0,1,1,0,0,0,0,1,1,1,0,0
grid197,-100.60379217416666,39.44823896625,18,19,grid22,10,0.5263157894736842,809.3734990714561,93.122496,0.0659,67.056,871.767833,811.0043391,82.820256,0.0656,804.711833,42.67367,43.29993,44.163006,44.894604,42.779484,43.121403,43.25764,43.393085,42.29936,42.875053,42.47772,44.554268,44.692867,45.585278,46.406055,48.02092,48.402805,48.507587,49.122868,49.43922,49.685543,49.89429,50.251717,50.80099,51.65714,51.92738,52.334312,52.095486,52.13512,52.68212,51.994217,52.311134,51.83009,834.1569,833.7921,832.95654,832.4498,834.0011,834.0956,833.85834,833.06244,833.3934,833.7722,833.52423,831.1705,832.3845,831.22644,829.49194,830.4559,829.78394,829.5202,828.74756,828.31134,828.08575,828.30786,827.4606,826.75946,826.7917,826.4098,826.625,826.3888,826.2329,826.1163,826.3774,825.9563,825.4995,24.78342231526267,24.41861518635642,23.58304389729392,23.07633003010642,24.62759956135642,24.72208198323142,24.48483833088767,23.68893989338767,24.01987251057517,24.39871772541892,24.15073188557517,21.79697211995017,23.01102241291892,21.85294135823142,20.11844428791892,21.08237251057517,20.41043647541892,20.14670356526267,19.37405952229392,18.93784126057517,18.71225532307517,18.93436225666892,18.08707221760642,17.38596137776267,17.41818794026267,17.03629096760642,17.25150092854392,17.01529487385642,16.85941108479392,16.74277290120017,17.00388129963767,16.58279975666892,16.12601264729392,corn,wheat,corn,corn,corn,corn,corn,sorghum,other,wheat,corn,sorghum,corn,corn,corn,corn,wheat,1,3,1,1,1,1,1,1,1,0,0,0,0,1,1,1,1,0,0,0,1,1,1,1,0,0
grid198,-100.60377714138887,39.44099828263889,18,18,grid22,18,0.9473684210526315,808.064016211128,98.51136,0.0657,73.152,881.3047639,807.304323,91.604592,0.0662,808.1527639,43.206013,43.885414,44.677254,45.355755,43.337894,43.71856,43.887646,43.99559,42.828964,43.19188,43.003498,44.972424,45.090897,45.97894,46.89605,48.419785,48.85919,48.987526,49.655827,49.964256,50.20242,50.442616,50.82242,51.362785,53.515217,53.941372,53.361004,54.07536,54.143852,53.668503,53.98628,54.287643,52.627487,833.5471,833.19025,832.28265,831.9816,833.358,833.48566,833.29736,832.27905,832.71954,833.247,832.9584,830.216,831.7938,830.55804,828.5076,829.7805,829.0148,828.8126,827.94525,827.4847,827.31335,827.6102,826.5944,825.8444,825.7624,825.4349,825.7465,825.50726,825.3622,825.1897,825.5425,825.058,824.6673,25.483102929497022,25.126230370903272,24.218637597465772,23.917612206840772,25.293954980278272,25.421640527153272,25.233347070122022,24.215036523247022,24.655527245903272,25.182993066215772,24.894357812309522,22.151987206840772,23.729807031059522,22.494028222465772,20.443613183403272,21.716501366997022,20.950754296684522,20.748605859184522,19.881235253715772,19.420663964653272,19.249338281059522,19.546213281059522,18.530405175590772,17.780405175590772,17.698373925590772,17.370859277153272,17.682504784965772,17.443246972465772,17.298166406059522,17.125681054497022,17.478464257622022,16.993967187309522,16.603281152153272,corn,corn,corn,corn,corn,corn,corn,corn,corn,wheat,corn,sorghum,corn,corn,corn,corn,corn,0,1,1,1,1,1,1,1,1,1,1,1,1,1,1,1,1,1,1,1,1,1,1,1,0,1
grid199,-100.59525396174477,39.35409605856771,19,6,grid24,0,0.0,805.0462469243521,45.342048,0.0597,77.4192,879.8258967,806.2093201,51.880008,0.0597,802.4066967,43.158184,44.232056,44.549587,47.555523,43.709053,43.88217,44.57689,43.430607,43.56749,43.084187,43.728825,44.258656,47.063717,47.482372,48.623657,46.59149,47.321358,47.517155,47.945633,48.52008,48.869484,49.13968,49.507465,51.952217,54.214165,54.646267,55.02603,54.998463,55.024963,55.47354,54.85226,55.18111,54.258244,831.45685,831.8196,831.3229,831.39355,832.9033,831.5762,831.06055,831.22876,831.0379,830.6385,830.3634,830.3362,829.6876,828.66815,828.1292,827.7056,827.3451,827.10895,826.2947,825.9184,825.41394,825.26764,824.71124,824.4043,823.87305,823.0036,823.1494,822.9775,822.82806,822.42334,823.11426,822.76495,822.87317,26.41060122017916,26.77333315377291,26.27662905221041,26.34730776314791,27.85707338814791,26.52992495064791,26.01429995064791,26.18251284127291,25.99165590767916,25.59224184517916,25.31715639596041,25.28993471627291,24.64137514596041,23.62190493111666,23.08296450142916,22.65938051705416,22.29884584908541,22.06270082955416,21.24843081002291,20.87214907174166,20.36769350533541,20.22139223580416,19.66499575142916,19.35804995064791,18.82679995064791,17.95735414986666,18.10316713814791,17.93123110299166,17.78181704049166,17.37709291939791,18.06801088814791,17.71870668892916,17.82692202096041,other,wheat,other,other,other,other,corn,other,other,other,other,other,other,other,other,other,other,15,1,0,0,0,0,0,0,0,0,0,0,0,0,0,0,0,0,0,0,0,0,0,0,0,0
grid200,-100.59521162648437,39.361346144453115,19,7,grid24,19,1.0,804.2599321291921,46.439328,0.0599,82.296,879.8258967,806.2093201,51.880008,0.0597,797.5298967,42.333054,43.591366,43.771896,47.73766,42.959194,43.494324,43.90449,42.678055,42.750725,42.196606,42.9362,45.583233,47.301495,46.730083,48.93263,48.216003,48.90513,49.061718,49.501534,50.109108,50.439075,50.74353,51.132717,52.347076,55.145523,55.537437,55.762672,55.788048,55.826004,56.30971,55.689102,56.027515,54.849205,830.5757,831.0289,830.5469,830.69196,832.0855,830.84106,830.29425,830.5214,830.36786,829.8817,829.76733,829.2604,828.9837,827.71356,827.3164,826.74744,826.2954,826.1278,825.19653,824.82733,824.35693,824.2073,823.58417,823.3745,823.0499,822.2224,823.0365,822.3454,822.19635,821.8345,822.4866,822.1196,822.1131,26.315751464557934,26.768937499714184,26.286942870807934,26.432023437214184,27.825578124714184,26.581132323932934,26.034318359089184,26.261491210651684,26.107926757526684,25.621781737995434,25.507401855182934,25.000443847370434,24.723771484089184,23.453629882526684,23.056474120807934,22.487504394245434,22.035478027057934,21.867875487995434,20.936601073932934,20.567399413776684,20.097001464557934,19.947343261432934,19.324235351276684,19.114579589557934,18.789994628620434,17.962479980182934,18.776566894245434,18.085465820026684,17.936417968464184,17.574540527057934,18.226640136432934,17.859696777057934,17.853166015339184,corn,wheat,corn,corn,soybeans,corn,soybeans,corn,corn,wheat,corn,corn,corn,corn,corn,corn,soybeans,0,2,1,1,1,1,1,1,1,1,1,1,1,1,1,1,1,1,1,1,1,1,1,1,1,1
grid201,-100.59516929122395,39.36859623033854,19,8,grid24,5,0.2631578947368421,803.9355426270961,52.05069600000001,0.061,86.2584,883.585552,804.0727063,60.103512,0.0631,797.327152,42.502666,45.036438,44.0281,47.89573,44.372623,44.959637,45.357758,42.885323,43.890842,43.653637,44.083706,45.75287,47.308662,48.870396,48.99736,48.383793,49.09395,49.267574,49.74202,50.33808,50.677685,50.97613,51.37734,52.48622,55.598976,55.884552,56.12463,56.11928,56.155407,56.770893,56.04129,56.402935,55.38098,829.72876,830.04626,829.7435,830.0257,831.05334,829.94995,829.43054,829.8066,829.82776,829.21295,829.33655,828.4256,828.0705,827.1095,826.11957,825.9914,825.39685,825.2085,824.3011,823.92194,823.3675,823.3346,822.6613,822.09546,822.23694,821.5045,822.6026,821.64343,821.5126,821.20593,821.79895,821.4097,821.36914,25.793217138528917,26.110722021341417,25.807987646341417,26.090153173685167,27.117802099466417,26.014408544778917,25.494999365091417,25.871036962747667,25.892216161966417,25.277409033060167,25.401005224466417,24.490055517435167,24.134952978372667,23.173954443216417,22.184025243997667,22.055851415872667,21.461307958841417,21.272953466653917,20.365543798685167,19.986393408060167,19.431950048685167,19.399052099466417,18.725773290872667,18.159916357278917,18.301395849466417,17.568973974466417,18.667057470560167,17.707889990091417,17.577030615091417,17.270389990091417,17.863407568216417,17.474186376810167,17.433597997903917,corn,fallow,corn,corn,corn,corn,corn,fallow,wheat,corn,corn,corn,corn,corn,corn,corn,corn,0,1,0,1,0,0,0,0,0,0,1,0,0,0,0,0,1,0,0,0,0,0,1,1,0,1
grid202,-100.59512695596354,39.375846316223964,19,9,grid24,17,0.8947368421052632,804.0727063487041,60.103512,0.0631,86.2584,883.585552,804.0727063,60.103512,0.0631,797.327152,45.018295,45.11331,46.600998,47.696976,44.445545,45.02449,45.4308,45.78686,43.80474,43.638912,44.02097,45.98864,47.42544,48.841206,49.171577,48.445885,49.15186,49.416264,49.849556,50.42458,50.798187,51.071133,51.477993,52.70648,56.55835,56.662464,57.2454,56.754208,56.781578,57.875725,56.710606,57.138985,54.99029,829.1399,829.33765,829.1555,829.47705,830.27527,829.34186,828.8579,829.2878,829.3896,828.7076,829.0199,827.55597,827.5313,826.5479,825.3319,825.31836,824.5851,824.4433,823.5013,823.1087,822.5914,822.57434,821.8438,821.24445,821.58484,821.02136,821.97943,821.1198,821.016,820.6458,821.3018,820.9007,820.5383,25.06718622942094,25.26494013567094,25.08281122942094,25.40434443254594,26.20256220598344,25.26915156145219,24.78520380754594,25.21507441301469,25.31688105363969,24.63487421770219,24.94719111223344,23.48326288957719,23.45860468645219,22.47520624895219,21.25920283098344,21.24565302629594,20.51237665910844,20.37059199113969,19.42857538957719,19.03599726457719,18.51866328020219,18.50163447160844,17.77110468645219,17.17173945207719,17.51213251848344,16.94865595598344,17.90672480363969,17.04710566301469,16.94328486223344,16.57310663957719,17.22911249895219,16.82798945207719,16.46562372942094,other,corn,corn,corn,corn,corn,corn,corn,corn,corn,corn,corn,corn,fallow,corn,corn,corn,1,0,1,1,1,1,1,1,1,1,1,1,1,1,1,1,1,1,1,1,1,1,0,1,0,1
grid203,-100.59508462070312,39.383096402109366,19,10,grid23,0,0.0,803.3984777332321,67.33336800000001,0.0659,83.2104,881.8578981,804.0155936,74.40168,0.0614,798.6474981,45.01265,45.14121,46.704132,47.782467,44.4725,45.03898,45.449818,45.826557,43.81107,43.596252,44.02243,46.061714,47.565804,48.505775,49.32643,48.41028,49.095337,49.32322,49.830982,50.382065,50.75041,51.034695,51.44379,51.973167,56.1833,56.133266,56.6608,56.645172,56.69376,57.458057,56.64652,57.05918,55.258457,828.6074,828.7828,828.58636,829.00256,829.6388,828.8898,828.4476,828.76306,829.0596,828.3426,828.82166,826.8709,827.1829,826.01514,824.73895,824.82416,823.97815,823.85626,822.8961,822.49115,821.9964,822.0351,821.23303,820.71985,821.1337,820.6629,821.54553,820.57263,820.4926,820.3533,820.76434,820.3418,820.07153,25.208944141767915,25.384298145674165,25.187887012861665,25.604085743330415,26.240316212080415,25.491292774580415,25.049093067549165,25.364583790205415,25.661092579267915,24.944112598799165,25.423177540205415,23.472432911299165,23.784444630049165,22.616658985517915,21.340474903486665,21.425679981611665,20.579671680830415,20.457784473799165,19.497640430830415,19.092672169111665,18.597921192549165,18.636617481611665,17.834554493330415,17.321370899580415,17.735250294111665,17.264425098799165,18.147054493330415,17.174154102705415,17.094137012861665,16.954793751142915,17.365865528486665,16.943319141767915,16.673055469892915,fallow,corn,wheat,corn,corn,wheat,corn,sorghum,wheat,corn,corn,corn,corn,corn,corn,soybeans,wheat,0,4,0,0,0,0,0,0,0,0,0,0,0,0,0,0,0,0,0,0,0,0,0,0,0,0
grid204,-100.5950422854427,39.39034648799479,19,11,grid23,19,1.0,803.6860508791921,71.57618400000001,0.0662,83.2104,881.8578981,804.0155936,74.40168,0.0614,798.6474981,44.955296,45.118103,46.76584,47.83785,44.451702,45.002823,45.41422,45.82285,43.829243,43.529575,44.02935,45.912994,47.534195,48.386326,49.32961,48.443768,49.12963,49.37204,49.890793,50.43298,50.805676,51.079052,51.49775,52.032322,56.290512,56.213154,56.716576,56.26351,56.311695,57.52661,56.263435,56.70671,55.258186,828.2757,828.44617,828.1934,828.67084,829.21185,828.6426,828.24554,828.3713,828.8065,828.15027,828.7009,826.4619,826.9657,825.7761,824.2251,824.52814,823.6099,823.56696,822.5147,822.0954,821.7102,821.73816,820.8529,820.27716,820.83856,820.43005,821.1933,820.5088,820.451,820.1364,820.6994,820.2699,819.6529,24.589644921589183,24.760116112995433,24.507369530964183,24.984786523151683,25.525802148151683,24.956527245807933,24.559493554401683,24.685225976276683,25.120467675495433,24.464217675495433,25.014876855182933,22.775863183307933,23.279647362995433,22.090072167682933,20.539046777057933,20.842086327839183,19.923873437214183,19.880904687214183,18.828658593464183,18.409347070026683,18.024154198932933,18.052108300495433,17.166854394245433,16.591109765339183,17.152511132526683,16.744002831745433,17.507247460651683,16.822738183307933,16.764937890339183,16.450362695026683,17.013350976276683,16.583846581745433,15.966842187214183,sorghum,corn,corn,corn,other,soybeans,corn,sorghum,sorghum,soybeans,soybeans,corn,corn,corn,corn,corn,corn,1,0,1,1,1,1,1,1,1,1,1,1,1,1,1,1,1,1,1,1,1,1,1,1,1,1
grid205,-100.59499995018228,39.39759657388021,19,12,grid23,14,0.7368421052631579,804.0155935556401,74.40168,0.0614,75.2856,878.4897199,804.3506057,76.705968,0.0549,803.2041199,45.67006,46.11146,47.600277,47.218956,45.532364,46.00825,46.366657,46.690052,44.846996,44.804893,45.024624,45.840282,46.64265,48.247066,48.386597,49.740334,50.385254,50.62829,51.11615,51.700603,52.043404,52.33221,52.762184,53.32673,56.359695,56.26655,56.745304,55.816223,55.87811,57.556156,55.833443,56.263638,55.21122,828.21124,828.50183,827.9891,828.3786,829.1702,828.84326,828.4876,828.069,828.854,828.39276,828.88916,826.0036,827.04224,825.60974,823.97504,824.86145,823.89954,823.93835,822.7796,822.3558,822.0024,822.133,821.1453,820.5008,820.7119,820.34607,820.9795,820.1238,820.07166,820.0439,820.3073,819.86084,819.50275,24.195649120141184,24.486237499047434,23.973481151391184,24.363007518578684,25.154633495141184,24.827668163109934,24.472016307641184,24.053376170922434,24.838410350609934,24.377167674828684,24.873566600609934,21.988007518578684,23.026642772484934,21.594147655297434,19.959443065453684,20.845856639672434,19.883942577172434,19.922760936547434,18.764008495141184,18.340180370141184,17.986786815453684,18.117402049828684,17.129731151391184,16.485199901391184,16.696320506859934,16.330475780297434,16.963898631859934,16.108185741234934,16.056061717797434,16.028290721703684,16.291718456078684,15.845246288109934,15.487153026391184,corn,soybeans,corn,corn,corn,corn,wheat,corn,fallow,wheat,corn,soybeans,corn,soybeans,corn,soybeans,corn,0,2,1,1,1,1,1,1,1,1,1,0,1,1,1,1,1,1,0,0,0,0,1,1,1,1
grid206,-100.59495761492187,39.404846659765624,19,13,grid23,13,0.6842105263157895,804.3506056638721,76.705968,0.0549,75.2856,878.4897199,804.3506057,76.705968,0.0549,803.2041199,45.447247,45.943058,47.525932,47.147034,45.37384,45.815308,46.1627,46.518585,44.755863,44.662292,44.9193,46.35472,47.759735,48.744884,48.968018,49.69052,50.3276,50.571022,51.067383,51.642605,51.97898,52.261044,52.699184,53.269367,56.136692,56.035275,56.634964,56.072742,56.117584,57.419632,56.037704,56.4918,55.680138,828.23456,828.539,827.8802,828.24976,829.0474,828.91614,828.63074,827.89856,828.6976,828.4899,828.88574,825.9859,827.35815,825.98285,824.08673,824.9747,823.9904,824.0036,822.8457,822.3979,822.0867,822.3428,821.2353,820.52765,820.5895,820.14685,820.75275,820.25336,820.1934,819.9011,820.4234,819.9509,819.79816,23.883952441596648,24.188395800971648,23.529582324409148,23.899150195502898,24.696818652534148,24.565532031440398,24.280131640815398,23.547953906440398,24.346965136909148,24.139323535346648,24.535136523627898,21.635295215034148,23.007548633002898,21.632243457221648,19.736125293159148,20.624064746284148,19.639811816596648,19.652995410346648,18.495097461127898,18.047282519721648,17.736064258002898,17.992167773627898,16.884684863471648,16.177043261909148,16.238871875190398,15.796244922065398,16.402140918159148,15.902751269721648,15.842814746284148,15.550517383002898,16.072795215034148,15.600322070502898,15.447551074409148,sorghum,corn,soybeans,corn,corn,corn,wheat,corn,fallow,wheat,corn,corn,soybeans,corn,soybeans,corn,corn,0,2,1,1,1,1,1,1,1,1,1,0,1,1,1,1,1,1,0,0,0,0,0,1,1,1
grid207,-100.59491527966146,39.41209674565104,19,14,grid23,0,0.0,804.706490918064,75.20025600000001,0.0489,77.724,879.9738852,805.4294235,87.014304,0.0557,802.2498852,44.890083,46.035686,47.164173,47.04832,45.4344,45.853966,46.238537,46.22327,44.797462,44.798866,44.937225,46.249638,47.57618,48.56857,48.842762,49.61864,50.244938,50.485443,50.98755,51.555264,51.884956,52.157776,52.604126,53.1809,56.75672,56.813313,56.442245,56.974667,57.038418,57.153946,56.941643,57.365173,55.536205,828.5232,828.85345,827.95654,828.24854,829.1621,829.20685,829.0077,827.88794,828.5503,828.8803,828.90576,825.70966,827.5319,826.1175,823.85333,825.2397,824.25507,824.22876,823.0841,822.6059,822.3439,822.7576,821.51056,820.7393,820.92285,820.4786,820.79816,820.4078,820.33093,820.0031,820.5696,820.05365,819.7748,23.81670244131101,24.14696367177976,23.25005205068601,23.54204423818601,24.45561845693601,24.50035722646726,24.30119951162351,23.18144853506101,23.84380205068601,24.17381914052976,24.19927080068601,21.00316484365476,22.82543046865476,21.41100175771726,19.14684160146726,20.53319414052976,19.54857499990476,19.52226884756101,18.37761552724851,17.89940507802976,17.63738115224851,18.05113847646726,16.80406816396726,16.03282792959226,16.21636064443601,15.772085742092258,16.09166582021726,15.701284960842258,15.624441699123508,15.296621874904758,15.863089160061008,15.347158984279758,15.068289355373508,fallow,other,corn,fallow,wheat,corn,fallow,wheat,corn,fallow,wheat,corn,sorghum,corn,fallow,wheat,corn,1,4,0,0,0,0,0,0,0,0,0,0,0,0,0,0,0,0,0,0,0,0,0,0,0,0
grid208,-100.59487294440103,39.41934683153646,19,15,grid23,19,1.0,804.9549966806401,79.08036,0.0495,77.724,879.9738852,805.4294235,87.014304,0.0557,802.2498852,45.376713,45.996418,47.08715,47.443676,45.345856,45.81341,46.1346,46.19283,44.248074,44.225914,44.433784,45.8286,46.706776,47.64235,48.787556,49.19432,49.77337,50.01765,50.738026,51.052284,51.415016,51.625393,52.06126,52.60481,56.449196,56.57442,56.214207,56.732,56.798885,56.839043,56.68945,57.097507,55.1465,829.038,829.2298,828.16473,828.3615,829.29803,829.64923,829.5423,827.9477,828.5936,829.54456,829.1798,825.6195,827.93506,826.50183,823.6927,825.70703,824.7453,824.6595,823.55817,823.0225,822.79095,823.4411,822.0231,821.18286,821.3367,820.8768,821.09296,820.70496,820.595,820.3183,820.8598,820.27655,819.97,24.08302822170367,24.27480068264117,23.20973720607867,23.40651454982867,24.34303798732867,24.69423427639117,24.58730068264117,22.99269619045367,23.63863124904742,24.58955898342242,24.22481288967242,20.66451015529742,22.98006191310992,21.54683437404742,18.73769130764117,20.75203456935992,19.79030361232867,19.70448818264117,18.60316982326617,18.06752529201617,17.83595790920367,18.48610439357867,17.06807460842242,16.22786464748492,16.38167324123492,15.921773338891171,16.13795986232867,15.749959374047421,15.639974022484921,15.363301659203671,15.904805565453671,15.321553612328671,15.014974022484921,corn,corn,corn,soybeans,corn,corn,corn,corn,corn,corn,corn,corn,corn,corn,corn,soybeans,corn,0,0,1,1,1,1,1,1,1,1,1,1,1,1,1,1,1,1,1,1,1,1,1,1,1,1
grid209,-100.59483060914063,39.426596917421875,19,16,grid22,6,0.3157894736842105,805.42942353468,87.01430400000001,0.0557,78.0288,879.9738852,805.4294235,87.014304,0.0557,801.9450852,44.62749,45.31896,46.666878,46.536907,44.727657,45.169262,45.4308,45.66026,44.386295,44.42382,44.57954,45.992016,46.67688,47.560757,48.644928,49.30156,49.85507,50.08935,50.825123,51.12058,51.4127,51.64194,52.073235,52.59236,56.096825,56.302666,55.950752,56.457596,56.52772,56.46776,56.403835,56.79211,55.08872,830.1206,829.74976,828.6763,828.748,829.7631,830.05084,829.95447,828.4522,829.0732,829.97705,829.5434,826.0056,828.31287,826.89435,824.1458,826.14685,825.2303,825.0373,824.0433,823.52167,823.2727,823.9558,822.568,821.7247,821.9796,821.53357,821.6574,821.3975,821.26843,820.9586,821.51245,820.92535,820.4572,24.69118193406996,24.32033232469496,23.24684599656996,23.31856230516371,24.33369902391371,24.62141875047621,24.52504423875746,23.02278593797621,23.64375761766371,24.54762724656996,24.11397246141371,20.57619169969496,22.88344267625746,21.46492460985121,18.71638945360121,20.71742705125746,19.80086210985121,19.60786894578871,18.61385039110121,18.09224394578871,17.84328154344496,18.52638701219496,17.13856962938246,16.29524687547621,16.55019072313246,16.10414580125746,16.22798613328871,15.96809843797621,15.83900908250746,15.52919462938246,16.08302763719496,15.49593046922621,15.02779082078871,fallow,wheat,corn,sorghum,other,corn,corn,corn,sorghum,corn,corn,corn,corn,corn,corn,corn,wheat,1,2,0,0,0,0,0,1,0,1,0,0,1,0,0,0,0,0,0,1,0,0,0,1,0,1
grid210,-100.59478827388021,39.433847003307285,19,17,grid22,19,1.0,806.221598439024,91.25712,0.0625,73.152,881.3047639,807.304323,91.604592,0.0662,808.1527639,44.09194,44.733448,46.205505,46.07838,44.167416,44.549603,44.776123,45.06456,43.85684,44.107414,44.036964,45.556095,46.405495,47.320766,48.342396,48.93443,49.435402,49.638092,50.334553,50.63672,50.899765,51.138973,51.548195,52.075653,54.30204,54.567932,55.638084,54.683258,54.746407,56.021484,54.631054,54.971195,54.28568,830.6531,830.28735,829.3188,829.18085,830.38446,830.6193,830.46375,829.1811,829.71405,830.4396,830.07666,827.0081,828.9683,827.62695,825.2254,826.7914,825.94794,825.6346,824.8023,824.3065,824.0603,824.57745,823.37286,822.5754,822.6405,822.2539,822.46893,822.2844,822.15045,821.8925,822.3369,821.8012,821.3042,24.43147773285102,24.06575507660102,23.09718818206977,22.95924872894477,24.16286201019477,24.39772529144477,24.24214667816352,22.95949286956977,23.49245185394477,24.21797675628852,23.85506171722602,20.78651923675727,22.74672431488227,21.40535468597602,19.00380439300727,20.56978339691352,19.72633857269477,19.41298408050727,18.58070868988227,18.08492011566352,17.83870429535102,18.35585517425727,17.15126533050727,16.35377997894477,16.41890449066352,16.03230781097602,16.24733466644477,16.06282538910102,15.928853221132272,15.670918650819772,16.11531562347602,15.579610057069772,15.082600779726022,corn,corn,corn,corn,corn,corn,corn,corn,corn,corn,corn,corn,corn,corn,corn,corn,corn,0,0,1,1,1,1,1,1,1,1,1,1,1,1,1,1,1,1,1,1,1,1,1,1,1,1
grid211,-100.59463728583333,39.47719944875,19,23,grid21,16,0.8421052631578947,812.311347655488,90.604848,0.0569,50.5968,860.3419821,812.3113477,90.604848,0.0569,809.7451821,40.61985,39.99,42.2521,43.191105,39.490295,39.667835,39.764496,40.0533,39.728035,40.08033,39.915443,41.177204,41.264454,42.050995,42.633846,42.95456,41.680134,41.961685,42.48874,42.665573,42.841194,43.10741,43.269123,43.859997,47.517532,47.724777,47.737774,47.8679,47.900585,47.915028,47.72024,47.93527,45.37214,834.02905,833.9525,833.23956,831.8898,834.1299,834.33105,833.87,833.8455,833.64825,833.51697,833.37714,832.75,832.6207,831.77094,831.28766,830.77966,830.4168,830.0138,829.4967,829.1114,828.9994,828.74896,828.4614,827.9357,827.8266,827.5427,827.36426,827.1278,826.97076,826.79755,827.0631,826.88965,826.5959,21.71770507888698,21.64116699294948,20.92821533279323,19.57842285232448,21.81853515701198,22.01970703201198,21.55864746169948,21.53417236404323,21.33690673904323,21.20562011794948,21.06578857498073,20.43865234451198,20.30937988357448,19.45958740310573,18.97631103591823,18.46831543044948,18.10546142654323,17.70244628982448,17.18535644607448,16.80004150466823,16.68804199294948,16.43761474685573,16.15007812576198,15.62438232498073,15.51525146560573,15.23137695388698,15.05291015701198,14.81645996169948,14.65941650466823,14.48619873123073,14.75176269607448,14.57830078201198,14.28453857498073,corn,corn,corn,corn,corn,corn,corn,corn,corn,corn,wheat,corn,corn,corn,corn,corn,wheat,0,2,1,1,1,1,1,1,1,1,1,1,1,1,1,1,1,1,1,1,1,1,1,0,0,0
grid212,-100.5946242475,39.46995897125,19,22,grid21,0,0.0,810.8437163098321,80.016096,0.0576,50.5968,860.3419821,812.3113477,90.604848,0.0569,809.7451821,41.212166,41.104065,42.817104,43.775787,40.599583,40.804016,40.907745,41.200714,40.24094,41.188427,40.42422,41.523758,41.561646,42.345493,43.01486,45.06838,45.36098,45.484047,46.00042,46.264893,46.392002,46.724384,46.89442,47.518345,48.658543,48.902836,48.887352,48.999058,49.03219,49.04791,48.850758,49.074867,47.855793,833.5793,833.5073,832.678,831.36414,833.69574,833.85376,833.4475,833.14954,833.15533,833.07654,832.96655,831.99677,832.13806,831.1953,830.4572,830.1588,829.7391,829.344,828.7702,828.3731,828.2108,828.0792,827.6645,827.09766,827.155,826.7856,826.76337,826.58435,826.42413,826.2297,826.51184,826.2759,825.7771,22.735568358136675,22.663607908917925,21.834262205792925,20.520419432355425,22.852023436261675,23.010043455792925,22.603793455792925,22.305819822980425,22.311618162824175,22.232821776105425,22.122836424542925,21.153048826886675,21.294345213605425,20.351596190167925,19.613498045636675,19.315097166730425,18.895358397199175,18.500277830792925,17.926486326886675,17.529391600324175,17.367099119855425,17.235507322980425,16.820773436261675,16.253939940167925,16.311312987042925,15.941867186261675,15.919650389386675,15.740634276105425,15.580416990949175,15.385958983136675,15.668124510480425,15.432162596417925,14.933383299542925,other,fallow,wheat,sorghum,corn,corn,fallow,wheat,corn,fallow,wheat,corn,fallow,wheat,corn,corn,corn,1,4,0,0,0,0,0,0,0,0,0,0,0,0,0,0,0,0,0,0,0,0,0,0,0,0
grid213,-100.59461120916666,39.462718493749996,19,21,grid21,0,0.0,809.275105077744,76.507848,0.0622,67.056,871.767833,811.0043391,82.820256,0.0656,804.711833,41.738693,41.71572,43.307423,44.22119,41.18062,41.42286,41.55484,41.825832,40.785484,41.50948,40.963783,41.888393,41.873566,42.65397,43.473686,45.47426,45.822334,45.99584,46.54628,46.801914,46.939964,47.27998,47.476948,48.087437,49.39194,49.468403,49.434074,49.54607,49.576694,49.78195,49.4326,49.693817,48.76557,833.01483,832.9489,832.0615,830.94556,833.14417,833.27625,832.9234,832.3845,832.55927,832.54736,832.46387,831.12213,831.5655,830.5353,829.47534,829.474,828.9828,828.60706,827.96814,827.5591,827.41034,827.35065,826.79407,826.1822,826.3688,825.9336,826.0732,825.9505,825.7902,825.5709,825.88007,825.57837,824.9273,23.73972646522475,23.67380849647475,22.786418359756,21.670451562881,23.8690599613185,24.0011400394435,23.64829580116225,23.109416406631,23.28416005897475,23.272258203506,23.188762109756,21.84702626991225,22.29038564491225,21.2601732425685,20.200236719131,20.1988939456935,19.7076830081935,19.3319505863185,18.6930345706935,18.283976953506,18.13523427772475,18.07554189491225,17.5189623050685,16.90708486366225,17.0936693363185,16.658488672256,16.79807607459975,16.67539541053725,16.51511709022475,16.2958177738185,16.60496084022475,16.303264062881,15.652202051162249,other,other,other,other,other,other,other,other,other,other,other,other,other,other,other,other,other,17,0,0,0,0,0,0,0,0,0,0,0,0,0,0,0,0,0,0,0,0,0,0,0,0,0
grid214,-100.59459817083332,39.45547801625,19,20,grid22,0,0.0,808.15137831936,82.84464000000001,0.0642,67.056,871.767833,811.0043391,82.820256,0.0656,804.711833,42.30036,42.467674,43.83704,44.694336,41.887444,42.12444,42.367912,42.6054,41.633816,42.283546,41.803036,43.66715,43.635185,44.489178,45.33981,46.332127,46.70341,46.85522,47.42629,47.731197,47.90219,48.22954,48.474735,49.073204,51.445335,51.55607,51.459656,51.66046,51.698822,51.84454,51.517853,51.8124,51.24214,832.3799,832.2727,831.35333,830.4816,832.43994,832.5864,832.3073,831.5435,831.8427,832.1146,831.85944,830.1629,830.9536,829.8448,828.5003,828.7812,828.1847,827.8444,827.14417,826.7145,826.56104,826.6067,825.90515,825.2435,825.5404,825.038,825.049,824.98773,824.8329,824.5892,824.92053,824.5605,823.8817,24.228504493140008,24.121326758765008,23.201954200171258,22.330250098608758,24.288563086890008,24.435047461890008,24.155933692358758,23.392139747046258,23.691334082983758,23.963245704077508,23.708057715796258,22.011524512671258,22.802234961890008,21.693409278296258,20.348926856421258,20.629810645483758,20.033314063452508,19.693043067358758,18.992786719702508,18.563099219702508,18.409656836890008,18.455311133765008,17.753773047827508,17.092151954077508,17.389026954077508,16.886646582983758,16.897632911108758,16.836353614233758,16.681507422827508,16.437794043921258,16.769153907202508,16.409107520483758,15.730335547827508,other,other,other,other,other,other,other,other,other,other,other,other,other,other,other,other,other,17,0,0,0,0,0,0,0,0,0,0,0,0,0,0,0,0,0,0,0,0,0,0,0,0,0
grid215,-100.5945851325,39.44823753875001,19,19,grid22,0,0.0,807.297328125,89.73312,0.0657,67.056,871.767833,811.0043391,82.820256,0.0656,804.711833,42.847263,43.66239,44.359184,45.15708,43.168427,43.377205,43.61616,43.25199,42.22353,42.629124,42.38862,44.785587,44.782246,45.653812,46.530296,46.736416,47.160942,47.360184,47.966007,48.26299,48.699306,48.77802,49.051575,49.635426,52.251026,52.617252,52.530384,52.74198,52.77933,52.95599,52.61972,52.914005,52.03208,831.7461,831.6281,830.63983,830.0174,831.80664,831.9455,831.7085,830.7287,831.134,831.57605,831.25824,829.081,830.2178,829.0241,827.3442,828.0964,827.4181,827.1058,826.3397,825.892,825.69904,825.89325,825.0378,824.33215,824.47437,824.01385,824.13916,824.08673,823.9326,823.6848,824.03595,823.61334,822.99774,24.448765624999965,24.330784667968715,23.342503417968715,22.720066894531215,24.509312499999965,24.648167480468715,24.411167968749965,23.431370605468715,23.836644042968715,24.278721679687465,23.960911621093715,21.783665527343715,22.920445312499965,21.726780761718715,20.046849121093715,20.799046386718715,20.120762695312465,19.808445800781215,19.042393554687465,18.594700683593715,18.401707519531215,18.595921386718715,17.740452636718715,17.034825195312465,17.177037109374965,16.716526855468715,16.841832031249965,16.789402832031215,16.635289062499965,16.387486328124965,16.738621582031215,16.316014160156215,15.700413574218715,other,other,other,other,other,other,other,other,other,other,other,other,other,other,other,other,other,17,0,0,0,0,0,0,0,0,0,0,0,0,0,0,0,0,0,0,0,0,0,0,0,0,0
grid216,-100.59457209416665,39.44099706125,19,18,grid22,19,1.0,807.304323047256,91.60459200000001,0.0662,73.152,881.3047639,807.304323,91.604592,0.0662,808.1527639,43.393566,44.1463,44.88682,45.62318,43.607788,43.950043,44.143402,43.73534,42.69073,42.8019,42.881203,45.13606,46.020515,46.940624,47.848,48.571842,49.02026,49.17841,49.84933,50.158714,50.38517,50.640957,51.028854,51.564404,53.702724,53.945038,53.565353,54.068607,54.135464,53.93971,53.999603,54.32403,53.54072,831.11237,830.8004,829.92303,829.54803,830.95416,831.13446,830.92706,829.81415,830.2958,830.7921,830.53973,827.9108,829.5062,828.2391,826.2292,827.3018,826.53784,826.29297,825.4298,824.9569,824.81335,825.08356,824.05176,823.3003,823.59705,823.2545,823.22906,823.3281,823.1869,822.7268,823.32367,822.8459,822.0452,23.808042675400202,23.496091991806452,22.618711620712702,22.243711620712702,23.649839550400202,23.830137401962702,23.622739941025202,22.509824901962702,22.991453319931452,23.487791210556452,23.235410839462702,20.606504589462702,22.201902538681452,20.934751659775202,18.924863964462702,19.997495800400202,19.233518749618952,18.988645702743952,18.125486523056452,17.652586132431452,17.509031444931452,17.779234081650202,16.747434765243952,15.995969921493952,16.292722851181452,15.950193554306452,15.924741894150202,16.023801952743952,15.882566601181452,15.422483593368952,16.019346386337702,15.541563183212702,14.740904003525202,corn,corn,corn,corn,corn,corn,corn,soybeans,wheat,corn,sorghum,corn,sorghum,corn,corn,corn,corn,0,1,1,1,1,1,1,1,1,1,1,1,1,1,1,1,1,1,1,1,1,1,1,1,1,1
grid217,-100.58594271471352,39.354088180251736,20,6,grid24,4,0.21052631578947367,802.4363783193601,46.585632000000004,0.0614,77.4192,879.8258967,806.2093201,51.880008,0.0597,802.4066967,42.736145,43.546528,44.144993,46.69368,43.04651,43.454582,43.84705,42.875027,43.18148,42.519825,43.390053,43.919212,46.84428,47.19294,48.394688,46.247746,46.92964,47.08537,47.513824,48.080402,48.388767,48.677345,49.036472,51.658134,54.222748,54.600155,55.285564,54.689148,54.728348,55.63535,54.55127,54.86585,53.919567,829.52185,829.7324,829.3208,829.75006,830.78906,829.62854,829.1092,829.45544,829.15967,828.5952,828.3056,828.48267,827.8353,826.67633,826.26086,825.89667,825.56866,825.226,824.53735,824.1745,823.64246,823.5348,823.0096,822.6531,822.1273,821.39685,821.6091,821.275,821.1521,820.8447,821.37616,821.0777,821.0757,27.085472266577426,27.296043555639926,26.884422461889926,27.313682715796176,28.352684180639926,27.192161719702426,26.672813575171176,27.019066016577426,26.723289649389926,26.158836524389926,25.869224707983676,26.046287696264926,25.398948829077426,24.239952247046176,23.824485938452426,23.460289161108676,23.132286231421176,22.789634864233676,22.100975196264926,21.738121192358676,21.206077735327426,21.098411719702426,20.573204200171176,20.216697852514926,19.690941016577426,18.960472266577426,19.172691504858676,18.838646094702426,18.715721290014926,18.408348243139926,18.939781348608676,18.641319434546176,18.639305274389926,sorghum,fallow,wheat,sorghum,fallow,wheat,sorghum,fallow,wheat,sorghum,fallow,wheat,corn,corn,fallow,wheat,corn,0,5,0,1,0,0,0,0,0,0,0,1,0,0,1,0,0,0,0,0,1,0,0,1,0,0
grid218,-100.58590049289063,39.36133682867187,20,7,grid24,0,0.0,801.0884791985521,48.054768,0.0617,86.2584,883.585552,804.0727063,60.103512,0.0631,797.327152,43.26206,43.956646,44.782154,46.91689,43.433655,43.078487,44.255695,43.561275,42.407314,42.704075,42.621845,44.279675,47.079185,46.438793,48.7003,46.614704,47.337627,47.52562,48.011692,48.55965,48.875458,49.172966,49.550182,52.058903,54.72516,54.988594,55.636944,55.0544,55.091614,56.1062,54.93962,55.28009,54.503136,828.9768,828.8857,828.9489,829.01086,829.94116,828.9414,828.3228,828.7948,828.38654,827.82324,827.67737,827.6585,827.13544,825.60944,825.3575,825.06464,824.6751,824.37787,823.59357,823.2283,822.7222,822.59875,822.0245,821.6088,821.23145,820.5347,821.058,820.4927,820.37695,820.04645,820.5982,820.2853,820.1915,27.888327442072864,27.797201953791614,27.860434375666614,27.922385059260364,28.852682910822864,27.852927051447864,27.234335742854114,27.706320606135364,27.298056445979114,26.734762988947864,26.588888965510364,26.570029102229114,26.046957813166614,24.520956836604114,24.269003711604114,23.976157031916614,23.586630664729114,23.289389453791614,22.505087695979114,22.139792285822864,21.633749805354114,21.510275684260364,20.935995899104114,20.520346485041614,20.142966113947864,19.446249805354114,19.969504199885364,19.404196582697864,19.288473926447864,18.957968555354114,19.509726367854114,19.196799121760364,19.103049121760364,other,other,wheat,sorghum,fallow,wheat,other,fallow,wheat,sorghum,fallow,wheat,corn,corn,fallow,wheat,corn,3,5,0,0,0,0,0,0,0,0,0,0,0,0,0,0,0,0,0,0,0,0,0,0,0,0
grid219,-100.5858582710677,39.36858547709201,20,8,grid24,8,0.42105263157894735,800.3708113770961,52.041552,0.0609,86.2584,883.585552,804.0727063,60.103512,0.0631,797.327152,43.627655,43.549843,45.194534,46.995968,42.919907,43.41966,43.835747,43.90883,43.734764,42.08881,43.97023,45.571136,47.30988,48.730835,49.001102,48.173405,48.84361,49.016052,49.4716,50.057415,50.392162,50.680016,51.075935,52.41241,55.188942,55.34698,56.37777,55.411568,55.446575,56.932926,55.319336,55.68445,55.06482,827.9804,828.17755,828.06006,828.2893,829.1688,828.16693,827.64014,828.09064,827.77606,827.1673,827.1771,826.48535,826.48584,825.0481,824.5543,823.9939,823.49567,823.308,822.3959,822.0135,821.5483,821.4245,820.7761,820.59766,820.42224,819.7886,820.61255,819.8432,819.7441,819.45294,819.96106,819.6333,819.4759,27.60959633774769,27.80673989243519,27.68924721665394,27.91849526352894,28.79801186509144,27.79611977524769,27.26932534165394,27.71982582993519,27.40525063462269,26.79648598618519,26.80631264634144,26.11454018540394,26.11502846665394,24.67728432602894,24.18350991196644,23.62308510727894,23.12485512681019,22.93717202134144,22.02506264634144,21.64267739243519,21.17746743149769,21.05368813462269,20.40531166977894,20.22684487290394,20.05142983384144,19.41776284165394,20.24173745102894,19.47238930649769,19.37326821274769,19.08213051743519,19.59024819321644,19.26248940415394,19.10507973618519,other,corn,fallow,wheat,corn,sorghum,corn,sorghum,corn,sorghum,fallow,wheat,corn,fallow,wheat,corn,corn,1,3,0,0,1,0,0,0,1,1,0,0,0,0,1,1,1,0,1,0,1,0,0,1,0,0
grid220,-100.58581604924478,39.375834125512156,20,9,grid24,4,0.21052631578947367,800.0941212888721,57.43346400000001,0.0597,86.2584,883.585552,804.0727063,60.103512,0.0631,797.327152,45.467373,46.258648,47.074615,47.180573,45.72022,46.109573,46.47952,46.12281,43.89852,45.0127,44.12087,45.863384,47.28761,48.70325,49.032085,48.33173,49.020752,49.226727,49.69869,50.273884,50.618652,50.898884,51.307217,51.82483,55.628616,55.687447,56.61444,55.753082,55.78564,57.24815,55.683193,56.07078,54.674538,827.1453,827.5128,827.16547,827.60455,828.475,827.6767,827.1623,827.35486,827.18097,826.7201,826.7076,825.5154,825.4243,824.4141,823.2473,823.33295,822.7231,822.5364,821.6156,821.2161,820.76666,820.6638,819.9594,819.49066,819.7176,819.15814,820.0539,819.1936,819.1192,818.88947,819.3259,818.98804,818.5285,27.05120341815916,27.41869609394041,27.07134501972166,27.51043193378416,28.38085429706541,27.58257548847166,27.06817119159666,27.26073710956541,27.08684794940916,26.62597148456541,26.61345927753416,25.42125957050291,25.33019511737791,24.32000224628416,23.15319316425291,23.23882548847166,22.62896220722166,22.44225566425291,21.52147929706541,21.12200419940916,20.67254130878416,20.56969707050291,19.86529033222166,19.39654033222166,19.62346904315916,19.06402080097166,19.95977275409666,19.09948222675291,19.02508037128416,18.79534404315916,19.23180644550291,18.89391582050291,18.43438212909666,corn,corn,sorghum,corn,corn,corn,fallow,wheat,corn,fallow,wheat,corn,other,corn,sorghum,fallow,wheat,1,3,0,0,0,0,0,0,0,0,0,0,0,1,0,0,0,0,0,1,0,1,0,0,0,1
grid221,-100.58577382742187,39.38308277393229,20,10,grid23,2,0.10526315789473684,800.255971875,63.209424,0.0596,82.9056,882.2659086,798.3715102,74.295,0.0561,799.3603086,45.07489,46.414387,46.74598,47.008606,45.87812,46.24257,46.62251,45.812107,44.05004,45.058884,44.25216,45.962227,46.796608,48.666687,48.45879,48.473076,49.17842,49.401375,49.902637,50.46804,50.821014,51.092934,51.51411,52.033195,55.982742,55.956604,56.82493,56.004242,56.051094,57.5256,55.99671,56.418247,54.964016,826.533,826.8832,826.4346,827.1296,827.7919,827.1737,826.68396,826.7439,826.7212,826.2279,826.4013,824.8519,825.16046,823.9601,822.6329,822.8018,822.0836,821.9421,820.96704,820.54944,820.12213,820.0547,819.2835,818.75854,819.0657,818.50653,819.45557,818.57385,818.5289,818.3717,818.7305,818.3865,817.8832,26.27704814453125,26.6272068359375,26.1785984375,26.87360576171875,27.5358982421875,26.9177341796875,26.4279880859375,26.487924609375,26.46521953125,25.9719333984375,26.14533427734375,24.5959568359375,24.90448955078125,23.7041111328125,22.37690166015625,22.54584697265625,21.8276462890625,21.68610576171875,20.711069140625,20.2934666015625,19.86615947265625,19.798715625,19.02753642578125,18.502573046875,18.809701953125,18.25055888671875,19.19959453125,18.3178806640625,18.27289775390625,18.1157322265625,18.47455791015625,18.130502734375,17.6272068359375,other,wheat,corn,other,corn,wheat,corn,wheat,wheat,corn,corn,corn,corn,corn,corn,wheat,corn,2,5,0,0,0,1,0,0,0,0,0,0,0,0,0,0,0,0,0,0,1,0,0,1,0,0
grid222,-100.58573160559897,39.39033142235243,20,11,grid23,17,0.8947368421052632,800.6811366208079,67.99478400000001,0.0597,82.9056,882.2659086,798.3715102,74.295,0.0561,799.3603086,45.060047,46.517704,46.84069,47.246803,45.98673,46.331257,46.717674,45.84827,45.006336,45.08258,45.18654,46.920723,48.150158,49.365574,49.78021,49.963356,50.65322,50.89364,51.36513,51.95123,52.298264,52.57423,53.010567,53.550213,56.117416,56.05763,56.623894,56.09877,56.144756,57.39907,56.09892,56.524498,56.351658,826.0975,826.4278,825.9525,826.623,827.2726,826.7994,826.3424,826.2544,826.5429,825.83575,826.3662,824.7519,825.20703,823.9743,822.5129,822.6824,821.8889,821.76135,820.7632,820.3246,819.9275,819.9123,819.0679,818.4921,818.6372,818.1334,818.81683,818.18774,818.1631,817.8502,818.3529,818.0003,817.86896,25.416336523723317,25.746658789348317,25.271378027629567,25.941849219035817,26.591446387004567,26.118240820598317,25.661270605754567,25.573257910442067,25.861771094035817,25.154617773723317,25.685074316692067,24.070755469035817,24.525894629192067,23.293167578410817,21.831741797160817,22.001236426067067,21.207779394817067,21.080215918254567,20.082046972942067,19.643448340129567,19.246353613567067,19.231155859660817,18.386734472942067,17.810989844035817,17.956070410442067,17.452286230754567,18.135696875285817,17.506607519817067,17.481949316692067,17.169083105754567,17.671768652629567,17.319168554973317,17.187820898723317,other,corn,corn,corn,corn,corn,corn,sorghum,wheat,corn,sorghum,corn,corn,corn,corn,corn,corn,1,1,1,0,0,0,0,0,1,1,0,1,1,1,1,1,1,1,1,1,1,1,1,1,1,1
grid223,-100.58568938377604,39.39758007077257,20,12,grid23,18,0.9473684210526315,801.2505530262961,72.34428,0.0576,82.9056,882.2659086,798.3715102,74.295,0.0561,799.3603086,45.844128,46.57362,47.730656,47.40383,45.942677,46.41163,46.838966,46.795307,45.191986,45.13728,45.39022,46.469,48.11993,48.921944,49.05114,49.74315,50.37341,50.63197,51.123272,51.694725,52.03514,52.32383,52.75351,53.317047,56.212715,56.13313,56.99386,56.16787,56.213577,57.736217,56.174465,56.60229,55.681835,826.0119,826.38837,825.75494,826.22687,827.1407,826.8,826.39996,825.9216,826.45123,826.3543,826.42413,824.30096,825.04675,823.695,822.2122,822.57874,821.71454,821.5817,820.56195,820.123,819.7533,819.8161,818.882,818.2516,818.3839,817.9166,818.4838,817.94727,817.9342,817.6254,818.1146,817.74603,817.4724,24.761348829172675,25.137813672922675,24.504390821360175,24.976314649485175,25.890133008860175,25.549434766672675,25.149410352610175,24.671016797922675,25.200679883860175,25.103756055735175,25.173580274485175,23.050411329172675,23.796199903391425,22.444454297922675,20.961666211985175,21.328182325266425,20.463985547922675,20.331173047922675,19.311397657297675,18.872432813547675,18.502742872141425,18.565548047922675,17.631466016672675,17.001033887766425,17.133358106516425,16.666072950266425,17.233272657297675,16.696712598703925,16.683651075266425,16.374874219797675,16.864070997141425,16.495479688547675,16.221859083078925,corn,corn,corn,soybeans,corn,corn,corn,corn,corn,sorghum,corn,corn,soybeans,corn,corn,corn,corn,0,0,1,1,1,1,1,1,1,1,1,0,1,1,1,1,1,1,1,1,1,1,1,1,1,1
grid224,-100.58564716195312,39.40482871919271,20,13,grid23,0,0.0,801.8621436049921,76.434696,0.0535,82.9056,882.2659086,798.3715102,74.295,0.0561,799.3603086,45.669514,46.442394,47.684025,47.364742,45.817677,46.25513,46.675133,46.662514,45.137177,45.031242,45.32079,46.44195,46.869186,48.880848,48.97023,50.116974,50.33362,50.59659,51.645042,51.657955,51.995632,52.2755,52.713577,53.281822,57.58405,57.50797,56.941254,57.51626,57.56171,57.66268,57.48178,57.916267,55.631695,825.9227,826.26807,825.56604,826.03033,826.90076,826.73126,826.3823,825.6843,826.27136,826.3542,826.3836,824.01556,825.13116,823.722,821.8594,822.7401,821.686,821.53516,820.70935,820.0467,819.6233,819.8874,818.8436,818.15375,818.46844,818.01904,818.39667,818.01465,817.99915,817.6213,818.17444,817.7792,817.31854,24.06058588719543,24.40592280125793,23.70389643407043,24.16819086766418,25.03861323094543,24.86911860203918,24.52018061375793,23.82218256688293,24.40921869969543,24.49204340672668,24.52146235203918,22.15342035985168,23.26902094578918,21.85984125828918,19.99723139500793,20.87796869969543,19.82383051610168,19.67301264500793,18.84720698094543,18.18454828953918,17.76114741063293,18.02524653172668,16.98148432469543,16.29160395360168,16.60630121922668,16.15689936375793,16.53452387547668,16.15250483250793,16.13700190282043,15.75913325047668,16.31229487157043,15.91703119969543,15.45639887547668,sorghum,corn,fallow,wheat,corn,corn,corn,corn,corn,wheat,corn,fallow,wheat,corn,corn,corn,corn,0,3,0,0,0,0,0,0,0,0,0,0,0,0,0,0,0,0,0,0,0,0,0,0,0,0
grid225,-100.58560494013021,39.41207736761285,20,14,grid23,10,0.5263157894736842,802.5952523445121,77.0382,0.0487,77.724,879.9738852,805.4294235,87.014304,0.0557,802.2498852,45.12774,46.23429,47.113464,47.27569,45.622536,46.02246,46.42912,46.150845,45.01741,44.886303,45.185894,46.407078,47.87646,48.84742,50.017162,50.053604,49.557354,49.822235,51.566998,50.863663,51.20974,51.46811,51.918938,52.461803,57.461197,57.41554,57.91988,57.067272,57.128,58.512302,57.047623,57.46746,55.51152,826.13727,826.37726,825.6161,825.9748,826.8325,826.85266,826.5751,825.6446,826.2154,826.5166,826.4713,823.78284,825.258,823.8708,821.6856,822.8807,821.9619,821.7616,820.7908,820.2599,819.87897,820.27966,819.1184,818.3711,818.5268,818.1867,818.559,817.9957,817.9619,817.84607,818.13983,817.69916,817.33923,23.54201572189413,23.78200595626913,23.02083652267538,23.37954013595663,24.23726718673788,24.25740878830038,23.97982089767538,23.04933994064413,23.62014072189413,23.92134921798788,23.87606113205038,21.18758456955038,22.66274326095663,21.27553622970663,19.09035556564413,20.28542392501913,19.36666171798788,19.16634433517538,18.19551913986288,17.66463535080038,17.28371494064413,17.68441074142538,16.52315585861288,15.775841405487881,15.931542089081631,15.591454198456631,15.963768651581631,15.400475194550381,15.366661717987881,15.250816991425381,15.544579198456631,15.103905370331631,14.743981053925381,wheat,corn,corn,corn,corn,corn,fallow,sorghum,sorghum,sorghum,sorghum,corn,sorghum,corn,other,corn,fallow,1,1,0,0,0,0,0,0,0,1,0,0,1,0,0,1,0,0,1,1,1,1,1,1,1,0
grid226,-100.58556271830729,39.41932601603298,20,15,grid23,19,1.0,803.123220116616,79.51012800000001,0.0487,77.724,879.9738852,805.4294235,87.014304,0.0557,802.2498852,44.74667,45.50895,46.413708,46.867126,44.843674,45.207245,45.61965,45.34205,43.886677,43.866802,44.26926,46.453976,47.666756,48.646225,49.765884,49.946957,49.344803,49.596516,51.38785,50.61437,50.963505,51.194054,51.621506,52.153976,56.610214,56.67614,57.766647,56.82801,56.891857,58.294464,56.79934,57.203857,55.18006,826.86743,826.7215,825.8167,826.1068,826.9913,827.26117,827.056,825.72235,826.32806,827.1268,826.7989,823.7338,825.56976,824.14984,821.58844,823.2212,822.27527,822.0431,821.10516,820.5447,820.1773,820.74524,819.47656,818.6816,818.7824,818.471,818.8365,818.42267,818.3577,818.1761,818.54266,818.0468,817.5679,23.74421152400896,23.59827646541521,22.69349130916521,22.98359140682146,23.86805185604021,24.13794931697771,23.93281015682146,22.59913095760271,23.20484384822771,24.00354990291521,23.67566904354021,20.61060556697771,22.44654306697771,21.02662119197771,18.46521982479021,20.09797128963396,19.15204843807146,18.91987070369646,17.98194345760271,17.42145761775896,17.05408701229021,17.62201914119646,16.35334238338396,15.55835947322771,15.65918955135271,15.34778818416521,15.71326669979021,15.29944834041521,15.23450693416521,15.05286630916521,15.41944345760271,14.92359384822771,14.44465097713396,corn,corn,corn,corn,corn,corn,corn,corn,other,corn,corn,corn,corn,corn,corn,corn,corn,1,0,1,1,1,1,1,1,1,1,1,1,1,1,1,1,1,1,1,1,1,1,1,1,1,1
grid227,-100.58552049648438,39.42657466445312,20,16,grid22,5,0.2631578947368421,803.797002245808,83.52129599999999,0.0544,77.724,879.9738852,805.4294235,87.014304,0.0557,802.2498852,44.895527,45.93055,46.61375,46.78083,45.295082,45.587658,45.981625,45.56365,44.213478,44.225357,44.386757,46.154415,47.31056,48.24777,49.302578,49.695248,49.61284,49.833775,51.05063,50.841656,51.141106,51.37436,51.79115,52.344532,56.26155,56.414593,55.891766,56.562702,56.62999,56.460796,56.523457,56.909817,54.656727,827.49524,827.1911,826.2823,826.33484,827.37036,827.69977,827.5244,826.1299,826.72375,827.723,827.1949,824.0787,825.9507,824.5417,822.00726,823.5874,822.7103,822.5423,821.515,820.9941,820.78503,821.2253,819.97906,819.1816,819.4625,819.1487,819.38135,819.1667,819.0735,818.79865,819.2394,818.7224,818.062,23.698237012004483,23.394098828410733,22.485285351848233,22.537836621379483,23.573359082316983,23.902765820598233,23.727411816691983,22.332880566691983,22.926752637004483,23.926020215129483,23.397883008098233,20.281672070598233,22.153681347941983,20.744684765910733,18.210260937785733,19.790400097941983,18.913324902629483,18.745295117473233,17.718012402629483,17.197077344035733,16.988031933879483,17.428278515910733,16.182062695598233,15.384577344035733,15.665522168254483,15.351679394816983,15.584345410441983,15.369684765910733,15.276484082316983,15.001642773723233,15.442377637004483,14.925409863566983,14.265009472941983,corn,wheat,wheat,other,corn,corn,wheat,sorghum,corn,sorghum,fallow,wheat,wheat,corn,fallow,wheat,corn,1,6,0,0,0,0,0,0,0,0,0,0,0,0,0,0,0,0,1,1,1,0,1,0,1,0
grid228,-100.58547827466147,39.43382331287326,20,17,grid22,4,0.21052631578947367,804.6550335945121,84.670392,0.061,77.724,877.5390076,805.4754486,80.747616,0.0633,799.8150076,44.331974,45.34636,46.098644,46.32348,44.73992,44.996346,45.35882,44.924454,43.813084,43.867,43.9859,46.19744,46.946587,47.890606,48.8682,49.670506,49.070454,49.27648,50.97183,50.26741,50.540115,50.87467,51.178585,51.79756,55.882824,56.122116,55.619698,56.26786,56.33881,56.072624,56.216236,56.581127,54.49479,828.06506,827.8112,826.9659,826.72565,827.98663,828.1989,828.0062,826.8003,827.35645,828.1145,827.65704,824.8731,826.43866,825.08636,822.8568,824.27905,823.4194,823.1334,822.2916,821.7575,821.5642,821.91644,820.78845,820.011,820.2855,820.0054,820.2313,820.1493,820.03546,819.7489,820.159,819.6587,818.77264,23.410029882050367,23.156184667206617,22.310847753144117,22.070613378144117,23.331599706269117,23.543879979706617,23.351191991425367,22.145259374237867,22.701411717987867,23.459468358612867,23.002009862519117,20.218074315644117,21.783626073456617,20.431331151581617,18.201777928925367,19.624019139862867,18.764338964081617,18.478389257050367,17.636592382050367,17.102473729706617,16.909175389862867,17.261409276581617,16.133418553925367,15.355952733612867,15.630488866425367,15.350337499237867,15.576289647675367,15.494258397675367,15.380427831269117,15.093867772675367,15.503962987519117,15.003657811737867,14.117610448456617,wheat,wheat,wheat,fallow,wheat,wheat,corn,fallow,wheat,corn,fallow,wheat,wheat,corn,corn,corn,corn,0,8,0,0,0,0,0,0,0,0,1,0,1,0,0,0,0,0,0,0,0,0,1,0,1,0
grid229,-100.58542226638889,39.477197196805555,20,23,grid21,17,0.8947368421052632,809.5246898445121,85.560408,0.0563,57.912,863.4665253,810.3881162,103.817928,0.0659,805.5545253,41.08614,40.12351,42.791622,43.424164,39.584385,39.72328,39.884686,40.154156,39.408703,40.257366,39.626423,40.668797,40.70628,41.484135,42.14015,43.06667,41.07104,41.3524,41.97133,42.088017,42.18161,42.52121,42.682972,43.248146,48.192272,48.519318,48.516445,48.62445,48.65969,48.54229,48.453915,48.650974,45.3546,831.78815,831.9187,831.28094,829.53796,832.07007,832.25745,831.8112,831.5504,831.56903,831.31854,831.27655,830.7398,830.50977,829.5931,829.20996,828.40717,828.01935,827.601,827.10425,826.70197,826.58844,826.29474,826.04016,825.48175,825.36926,825.04846,824.9585,824.7549,824.5949,824.41235,824.6714,824.49384,824.1357,22.263457128144182,22.394011327362932,21.756254979706682,20.013274022675432,22.545378514862932,22.732756444550432,22.286528417206682,22.025725194550432,22.044340917206682,21.793852635956682,21.751860448456682,21.215117284394182,20.985075780487932,20.068388768769182,19.685271092987932,18.882475682831682,18.494658300019182,18.076323339081682,17.579558202362932,17.177275487519182,17.063750096894182,16.770048925019182,16.515471288300432,15.957060643769182,15.844572850800432,15.523772069550432,15.433806249237932,15.230192967987932,15.070219823456682,14.887663671112932,15.146696874237932,14.969145604706682,14.610991307831682,corn,corn,corn,corn,corn,corn,corn,corn,wheat,corn,corn,corn,corn,corn,corn,corn,wheat,0,2,1,1,1,1,1,1,0,1,1,1,1,1,1,1,1,1,1,1,1,1,1,0,1,1
grid230,-100.58541122249999,39.46995692541667,20,22,grid21,0,0.0,807.9828304695121,73.9902,0.0544,57.912,863.4665253,810.3881162,103.817928,0.0659,805.5545253,41.621742,40.546837,43.283745,44.007755,40.080215,40.23197,40.357243,40.670647,40.42748,40.50611,40.61125,41.645885,41.679684,42.46594,43.148697,44.388397,42.077557,42.41414,42.963524,43.137966,43.363907,43.603905,43.787155,44.37257,48.906624,49.08444,49.076996,49.184647,49.21725,49.29379,49.05022,49.284904,46.528034,831.29456,831.3911,830.71545,828.99207,831.5714,831.7057,831.3053,830.86346,831.01245,830.7987,830.80304,829.9249,829.96265,828.96045,828.3184,827.8005,827.3028,826.9068,826.34534,825.9335,825.7751,825.58795,825.2106,824.61816,824.6462,824.32794,824.2164,824.0898,823.9295,823.7194,823.9976,823.7572,823.247,23.311725194550377,23.408282811737877,22.732623632050377,21.009234960175377,23.588580663300377,23.722858007050377,23.322467382050377,22.880633885956627,23.029620702362877,22.815875585175377,22.820209081269127,21.942096288300377,21.979816014862877,20.977618749237877,20.335589940644127,19.817645604706627,19.319964940644127,18.923968846894127,18.362506444550377,17.950641210175377,17.792254979706627,17.605121190644127,17.227740819550377,16.635333592987877,16.663348729706627,16.345111425019127,16.233539159394127,16.106952245331627,15.946673925019127,15.736590917206627,16.014789159394127,15.774371678925377,15.264178807831627,wheat,corn,fallow,corn,fallow,wheat,corn,fallow,wheat,corn,fallow,wheat,corn,fallow,wheat,corn,corn,0,5,0,0,0,0,0,0,0,0,0,0,0,0,0,0,0,0,0,0,0,0,0,0,0,0
grid231,-100.58540017861111,39.46271665402778,20,21,grid21,19,1.0,806.974817577744,73.58786400000001,0.0575,50.5968,860.3419821,812.3113477,90.604848,0.0569,809.7451821,41.897823,42.153683,43.97827,44.457176,41.694958,41.77414,41.97478,42.075012,41.22375,42.010498,41.399437,43.269722,43.297523,44.155254,44.921745,46.032597,46.35806,46.482643,47.0197,47.331074,47.47515,47.823677,48.037273,48.65313,49.658794,49.634552,49.637497,49.744896,49.774693,50.046677,49.646362,49.918694,49.117275,830.63513,830.78125,830.05414,828.5628,830.9772,831.0805,830.7361,829.9843,830.2994,830.31146,830.1901,828.9842,829.3364,828.2622,827.2851,827.0026,826.4781,826.0928,825.4717,825.0474,824.90497,824.799,824.2723,823.6352,823.8596,823.5976,823.5303,823.47736,823.31903,823.0785,823.3817,823.0782,822.26526,23.660314258193466,23.806432422255966,23.079320605849716,21.587987598037216,24.002355273818466,24.105687793349716,23.761266406630966,23.009496387099716,23.324559863662216,23.336644824599716,23.215306933974716,22.009374316787216,22.361608203505966,21.287389453505966,20.310277637099716,20.027806933974716,19.503270801162216,19.117955859755966,18.496862109755966,18.072606738662216,17.930150683974716,17.824193652724716,17.297460254287216,16.660375293349716,16.884801562880966,16.622777637099716,16.555455859755966,16.502538379287216,16.344213183974716,16.103673633193466,16.406896289443466,16.103368457412216,15.290441211318466,corn,corn,corn,corn,corn,corn,corn,corn,corn,corn,corn,corn,other,corn,corn,corn,corn,1,0,1,1,1,1,1,1,1,1,1,1,1,1,1,1,1,1,1,1,1,1,1,1,1,1
grid232,-100.5853891347222,39.45547638263889,20,20,grid22,14,0.7368421052631579,806.050074022104,77.74533600000001,0.0605,77.724,877.5390076,805.4754486,80.747616,0.0633,799.8150076,42.475006,42.837944,44.521004,44.933308,42.35124,42.46713,42.70014,42.75053,41.85042,42.375324,42.02256,43.752823,43.720657,44.573112,45.431812,46.438496,46.816177,46.98911,47.560448,47.86375,48.040176,48.3737,48.61537,49.216198,51.0392,50.99508,50.98299,51.09219,51.121094,51.42598,51.029434,51.3007,49.952267,829.96564,830.0738,829.2751,828.09326,830.2827,830.37665,830.07367,829.1414,829.5484,829.7257,829.54144,827.9643,828.63824,827.4918,826.2429,826.30255,825.7053,825.3419,824.65735,824.2189,824.0619,824.05975,823.391,822.7159,823.07495,822.6423,822.746,822.75916,822.60565,822.3319,822.6647,822.29474,821.3001,23.915563184927237,24.023717481802237,23.225011427114737,22.043187696645987,24.232640821645987,24.326573927114737,24.023595411489737,23.091344434927237,23.498326856802237,23.675633985708487,23.491368848989737,21.914220411489737,22.588170606802237,21.441747266958487,20.192845899770987,20.252477247427237,19.655248243520987,19.291844923208487,18.607274610708487,18.168798048208487,18.011815626333487,18.009679395864737,17.340917188833487,16.665807325552237,17.024877149770987,16.592198927114737,16.695897657583487,16.709081251333487,16.555577833364737,16.281835157583487,16.614598829458487,16.244664747427237,15.250035841177237,corn,other,corn,corn,corn,corn,other,corn,corn,corn,corn,corn,other,corn,corn,corn,corn,3,0,0,1,1,0,1,1,1,1,1,0,1,0,1,1,0,0,1,1,1,1,1,1,0,1
grid233,-100.58537809083333,39.448236111250004,20,19,grid22,19,1.0,805.475448633384,80.74761600000001,0.0633,77.724,877.5390076,805.4754486,80.747616,0.0633,799.8150076,43.034233,43.36658,45.049934,45.39752,42.811028,43.023018,43.28744,43.40553,42.457176,42.727905,42.62559,44.394783,44.40119,45.270634,46.164703,46.845295,47.275616,47.49674,48.10276,48.39803,48.62859,48.924828,49.19496,49.780594,53.00765,53.510017,53.61315,53.83063,53.898697,53.914608,53.759384,54.057343,51.695557,829.30505,829.20154,828.4966,827.62897,829.3797,829.5164,829.2581,828.3289,828.8069,829.1582,828.901,826.8223,827.8247,826.6024,825.03015,825.6071,824.9363,824.597,823.8472,823.3925,823.1903,823.3312,822.51495,821.80255,822.256,821.7514,821.87213,821.9352,821.7936,821.48944,821.85614,821.4365,820.4405,23.829605077553538,23.726089452553538,23.021133397866038,22.153518651772288,23.904251073647288,24.040969823647288,23.782669042397288,22.853469823647288,23.331436132241038,23.682754491616038,23.425552343178538,21.346878026772288,22.349258397866038,21.126968358803538,19.554702733803538,20.131668065834788,19.460830663491038,19.121536229897288,18.371780370522288,17.917068456459788,17.714858983803538,17.855728124428538,17.039504979897288,16.327102636147288,16.780532811928538,16.275955175209788,16.396682714272288,16.459732030678538,16.318130468178538,16.013992284584788,16.380691503334788,15.961074804116038,14.965042089272288,corn,corn,corn,corn,corn,corn,corn,corn,corn,corn,corn,corn,corn,corn,corn,corn,corn,0,0,1,1,1,1,1,1,1,1,1,1,1,1,1,1,1,1,1,1,1,1,1,1,1,1
grid234,-100.58536704694444,39.44099583986111,20,18,grid22,19,1.0,805.55004872904,82.88121600000001,0.0644,77.724,877.5390076,805.4754486,80.747616,0.0633,799.8150076,43.771004,44.01863,45.57842,45.863075,43.435707,43.690292,43.988514,44.276596,43.215942,43.52178,43.393528,44.85929,44.81053,45.67399,46.67104,48.16187,48.630787,48.7751,49.429974,49.760475,49.98095,50.352367,50.628746,51.263306,53.98523,54.157787,55.31906,54.274162,54.338493,55.642284,54.22434,54.555546,52.51684,828.67365,828.4891,827.7163,827.16644,828.66547,828.83234,828.60535,827.54987,828.05225,828.62897,828.2547,825.81915,827.14166,825.85095,823.969,824.84906,824.0971,823.81323,822.96606,822.49146,822.3396,822.54974,821.5623,820.81976,821.16016,820.85394,821.0678,821.08405,820.9531,820.66376,821.03534,820.57,819.5684,23.123596290491264,22.939025977991264,22.166259864710014,21.616394142053764,23.115417579553764,23.282287696741264,23.055297950647514,21.999816993616264,22.502197364710014,23.078918556116264,22.704650977991264,20.269104102991264,21.591613868616264,20.300903419397514,18.418945411585014,19.299011329553764,18.547058204553764,18.263183692835014,17.416015724085014,16.941406349085014,16.789550880335014,16.999694923303764,16.012268165491264,15.269714454553764,15.610107520960014,15.303894142053764,15.517761329553764,15.533996681116264,15.403076270960014,15.113708595178764,15.485290626428764,15.019958595178764,14.018371681116264,corn,corn,corn,corn,corn,corn,corn,corn,corn,corn,wheat,corn,sorghum,corn,corn,corn,corn,0,1,1,1,1,1,1,1,1,1,1,1,1,1,1,1,1,1,1,1,1,1,1,1,1,1
grid235,-100.57663146768228,39.35408030193577,21,6,grid29,5,0.2631578947368421,800.3316509778961,48.332136,0.0646,86.2584,883.585552,804.0727063,60.103512,0.0631,797.327152,42.51821,43.14905,43.97041,46.560745,42.664635,43.184444,43.410797,43.435337,42.75865,42.252125,43.015686,43.556187,44.42206,46.881416,45.778942,45.885166,46.516357,46.66211,47.05598,47.61586,47.917694,48.18966,48.53884,51.351532,53.95009,54.36531,53.911224,54.45211,54.490196,54.27215,54.30992,54.603054,52.840454,828.0053,827.5971,827.79193,827.83276,828.6159,828.04834,827.09607,827.60693,827.1848,826.4736,826.14685,826.52905,826.084,824.596,824.3817,823.9693,823.6832,823.37573,822.6823,822.32446,821.89886,821.69037,821.20416,820.80066,820.3349,819.6153,820.02454,819.4954,819.3969,819.26904,819.55884,819.3007,819.3548,27.67365908069769,27.26545595569769,27.46028017444769,27.50111269397894,28.28425478382269,27.71668886585394,26.76441835804144,27.27528261585394,26.85316347522894,26.14192079944769,25.81519960804144,26.19740175647894,25.75233339710394,24.26435732288519,24.05006288929144,23.63764833851019,23.35157656116644,23.04408144397894,22.35066103382269,21.99281191272894,21.56721376819769,21.35871767444769,20.87251161976019,20.46900820179144,20.00324892444769,19.28364443226019,19.69288515491644,19.16377138538519,19.06526064319769,18.93739199085394,19.22718691272894,18.96906923694769,19.02314638538519,fallow,other,corn,soybeans,corn,corn,corn,wheat,corn,corn,wheat,corn,soybeans,wheat,corn,soybeans,wheat,1,4,1,1,0,1,0,0,1,0,0,0,0,0,1,0,0,1,0,0,1,0,0,1,0,0
grid236,-100.57658935929688,39.36132751289062,21,7,grid29,15,0.7894736842105263,798.5962406250001,49.889664,0.0636,86.2584,883.585552,804.0727063,60.103512,0.0631,797.327152,42.91036,43.568424,44.42101,46.794285,43.06086,43.675358,43.84548,43.070683,43.0805,42.449944,43.325947,43.930744,46.855488,47.002693,48.472977,46.263474,46.936214,47.115494,47.568172,48.109634,48.41878,48.700974,49.06844,51.75792,54.462475,54.761322,54.28032,54.81534,54.851154,54.765907,54.69666,55.014957,53.3993,827.12085,826.76306,827.0071,827.0966,827.78217,827.2705,826.2815,826.9355,826.5076,825.69183,825.5975,825.6959,825.1517,823.8512,823.4463,823.0888,822.7581,822.48865,821.70935,821.3369,820.93506,820.7021,820.1706,819.7217,819.3632,818.6654,819.281,818.5541,818.46716,818.38416,818.6249,818.3598,818.36523,28.524608984374936,28.166820898437436,28.410839453124936,28.500378027343686,29.185924902343686,28.674267187499936,27.685253515624936,28.339245214843686,27.911388769531186,27.095592871093686,27.001232519531186,27.099682226562436,26.555431738281186,25.254955664062436,24.850048437499936,24.492565527343686,24.161877050781186,23.892406835937436,23.113109960937436,22.740673437499936,22.338817968749936,22.105846777343686,21.574352636718686,21.125439062499936,20.766979589843686,20.069164648437436,20.684765234374936,19.957836523437436,19.870922460937436,19.787914648437436,20.028637304687436,19.763561621093686,19.768993749999936,wheat,corn,soybeans,corn,corn,corn,corn,other,corn,wheat,sorghum,corn,corn,corn,corn,corn,corn,1,2,1,1,1,1,1,0,0,1,1,1,1,1,1,1,1,1,0,1,0,1,1,1,1,1
grid237,-100.57654725091145,39.368574723845484,21,8,grid29,6,0.3157894736842105,797.6223837888721,52.925472,0.0601,86.2584,883.585552,804.0727063,60.103512,0.0631,797.327152,43.274296,43.18015,44.86141,47.023884,42.55856,43.028183,43.428448,43.468533,42.428913,41.845474,42.686054,45.3751,47.09534,46.319435,48.782322,47.96943,48.601032,48.60722,49.207066,49.784416,50.103542,50.393116,50.782677,51.306995,54.939568,55.130432,54.651432,55.18338,55.216843,55.25951,55.087975,55.431366,53.968483,826.22375,826.04724,826.1932,826.36774,827.008,826.119,825.5939,826.1723,825.6736,825.0605,824.94775,824.45215,824.46375,822.79205,822.62555,822.0025,821.5839,821.3817,820.50635,820.1104,819.6689,819.50653,818.8972,818.4583,818.4897,817.83215,818.7143,817.82404,817.7545,817.7193,817.9086,817.63715,817.6023,28.60137109394043,28.42485742206543,28.57079248065918,28.74535302753418,29.38561181659668,28.49663476581543,27.97148828144043,28.54991845722168,28.05120019550293,27.43810205097168,27.32537011737793,26.82976464862793,26.84136132831543,25.16966943378418,25.00316552753418,24.38011865253418,23.96153955097168,23.75933007831543,22.88396386737793,22.48802880878418,22.04650048847168,21.88414697284668,21.27483300800293,20.83592919940918,20.86730126972168,20.20976953144043,21.09191064472168,20.20165185565918,20.13213281269043,20.09691552753418,20.28624658222168,20.01476220722168,19.97991113300293,fallow,wheat,corn,fallow,wheat,corn,sorghum,corn,sorghum,fallow,wheat,corn,corn,corn,corn,fallow,wheat,0,4,0,0,0,0,0,1,0,0,0,0,0,0,0,0,1,1,0,1,0,1,0,0,0,1
grid238,-100.57650514252605,39.37582193480035,21,9,grid29,1,0.05263157894736842,797.0148673833841,55.348632,0.0558,82.9056,882.2659086,798.3715102,74.295,0.0561,799.3603086,46.075928,46.216896,47.701664,47.178772,45.680176,46.04936,46.41748,46.595856,43.753864,44.94661,44.015713,45.00281,46.41891,48.565067,48.013348,48.140797,48.792423,48.990124,49.452034,50.018326,50.338593,50.630924,51.033195,51.556896,55.396942,55.485096,56.411324,55.540462,55.571316,56.968285,55.46833,55.835056,53.669777,825.28796,825.4627,825.33923,825.8266,826.42706,825.71857,825.1899,825.499,825.0766,824.7256,824.5111,823.95996,823.71826,822.3198,821.4565,821.29364,820.78436,820.5298,819.6866,819.271,818.75964,818.6856,818.02576,817.5447,817.7034,817.09717,817.80804,817.07904,817.03503,816.81885,817.1792,816.90656,816.57385,28.273096483803442,28.447840136147192,28.324366015053442,28.811731737709692,29.412195604897192,28.703699511147192,28.175012987709692,28.484156054115942,28.061731737709692,27.710718554115942,27.496241015053442,26.945093554115942,26.703394335365942,25.304956835365942,24.441614550209692,24.278772753334692,23.769495409584692,23.514917772865942,22.671717089272192,22.256128710365942,21.744776171303442,21.670740526772192,21.010889452553442,20.529810350990942,20.688562792397192,20.082300585365942,20.793177050209692,20.064173143959692,20.020166796303442,19.803980272865942,20.164331835365942,19.891687792397192,19.558985155678442,fallow,wheat,corn,sorghum,corn,fallow,corn,wheat,wheat,corn,wheat,corn,corn,corn,corn,wheat,corn,0,5,0,0,1,0,0,0,0,0,0,0,0,0,1,0,0,0,0,0,0,0,0,0,0,0
grid239,-100.57646303414062,39.3830691457552,21,10,grid28,0,0.0,797.04165644436,59.548776000000004,0.054,82.9056,882.2659086,798.3715102,74.295,0.0561,799.3603086,46.220955,46.75324,47.937504,47.003223,46.16685,46.518986,46.96146,46.764503,44.456516,45.311073,44.680744,45.11699,46.620403,49.293465,47.678818,48.978844,49.666416,49.871277,50.555088,50.892067,51.227165,51.506294,51.93302,52.4421,55.78402,55.78584,56.644554,55.82327,55.868088,57.27988,55.814873,56.2179,54.010017,824.5465,825.1843,824.64886,825.1589,826.11884,825.4787,824.98376,824.854,824.9751,824.4612,824.53876,823.27075,823.25714,822.237,820.8907,821.12476,820.5465,820.22815,819.4832,818.9599,818.4922,818.4171,817.704,817.1746,816.92725,816.384,817.20325,816.41583,816.4027,816.26227,816.5424,816.26825,815.91254,27.5048523447025,28.142669727515,27.60720830173375,28.11721806735875,29.07717900485875,28.43704228610875,27.9421082040775,27.81234746189,27.93344121189,27.419525196265,27.49710087985875,26.229095508765,26.21548466892125,25.19534306735875,23.84902959079625,24.083099415015,23.5048523447025,23.1864929697025,22.44155888767125,21.91824345798375,21.45053105564,21.3754578134525,20.6623230478275,20.13296513767125,19.88558964939,19.34231572360875,20.1615906259525,19.37417607517125,19.3610535165775,19.22061162204625,19.50076298923375,19.22659306735875,18.87088017673375,wheat,corn,fallow,wheat,fallow,wheat,corn,fallow,wheat,fallow,wheat,fallow,wheat,corn,corn,other,wheat,1,7,0,0,0,0,0,0,0,0,0,0,0,0,0,0,0,0,0,0,0,0,0,0,0,0
grid240,-100.5764209257552,39.390316356710066,21,11,grid28,16,0.8421052631578947,797.5579784180641,67.17792,0.0558,82.9056,882.2659086,798.3715102,74.295,0.0561,799.3603086,45.733303,46.89494,47.475685,47.157562,46.308407,46.639404,47.092804,46.388428,45.570206,45.365627,45.771996,46.515236,48.057106,49.256115,49.08578,50.320404,49.834206,50.068027,51.874763,51.098545,51.451824,51.71383,52.152267,52.661694,55.940372,55.907818,55.361965,55.93932,55.98291,56.209003,55.939785,56.348152,55.55549,824.21,824.55975,824.0617,824.60364,825.47485,824.9738,824.49036,824.33826,824.5618,823.98535,824.2896,822.9553,823.04364,821.8066,820.63055,820.82556,820.0001,819.6854,819.06396,818.3791,817.89594,817.8824,817.10846,816.5334,816.2823,815.8785,816.845,815.91174,815.92474,815.9818,816.0513,815.77765,815.8033,26.652043554592183,27.001774999904683,26.503728124904683,27.045659277248433,27.916875097560933,27.415837499904683,26.932378027248433,26.780278417873433,27.003850195217183,26.427373144435933,26.731633398342183,25.397343847560933,25.485661718654683,24.248601171779683,23.072575781154683,23.267583105373433,22.442143652248433,22.127446386623433,21.505986425685933,20.821110937404683,20.337956640529683,20.324406835842183,19.550481054592183,18.975407812404683,18.724309179592183,18.320500585842183,19.286992285060933,18.353764745998433,18.366765234279683,18.423833105373433,18.493291113185933,18.219670507717183,18.245305273342183,other,corn,wheat,corn,corn,corn,corn,sorghum,wheat,corn,sorghum,corn,corn,corn,corn,corn,corn,1,2,1,1,1,1,1,1,0,1,1,1,1,0,1,1,1,0,1,1,1,1,1,1,1,1
grid241,-100.57637881736979,39.39756356766493,21,12,grid28,18,0.9473684210526315,798.371510155488,74.295,0.0561,82.9056,882.2659086,798.3715102,74.295,0.0561,799.3603086,45.51426,46.737167,47.334217,47.27652,46.097145,46.54532,46.991676,46.242367,45.667255,45.20141,45.85223,46.999847,48.19447,49.525303,50.258068,50.393776,49.550785,49.819744,51.98287,50.84807,51.19889,51.473267,51.90389,52.435764,56.067028,56.003304,56.900154,56.031796,56.07466,57.611797,56.039986,56.451977,55.73163,823.90155,824.0039,823.5867,824.169,824.8788,824.5342,824.06793,823.8815,824.2046,824.06036,824.07166,822.65393,822.9791,821.7027,820.07513,820.4092,819.5577,819.3175,818.52997,817.91003,817.5243,817.4755,816.63495,816.016,815.8883,815.5346,815.9699,815.5533,815.5866,815.229,815.7001,815.4206,815.3524,25.530040137480796,25.632396094512046,25.215159766387046,25.797496192168296,26.507274024199546,26.162669532012046,25.696421973418296,25.509959571074546,25.833079688262046,25.688853614043296,25.700145117949546,24.282420508574546,24.607615821074546,23.331187598418296,21.703624121855796,22.037669532012046,21.186168067168296,20.945994727324546,20.158458106230796,19.538524024199546,19.152781836699546,19.104014746855796,18.263438574980796,17.644481055449546,17.516795508574546,17.163096778105796,17.598399512480796,17.181773535918296,17.215098731230796,16.857493750762046,17.328563086699546,17.049083106230796,16.980906836699546,corn,corn,corn,corn,corn,corn,corn,other,corn,corn,corn,corn,corn,corn,corn,corn,corn,1,0,1,1,1,1,1,1,1,1,1,1,1,1,1,1,1,0,1,1,1,1,1,1,1,1
grid242,-100.57633670898437,39.40481077861979,21,13,grid28,19,1.0,799.27902685404,78.769464,0.0535,82.9056,882.2659086,798.3715102,74.295,0.0561,799.3603086,45.891426,46.632034,47.831783,47.09029,45.995136,46.414135,46.855984,46.78665,44.093174,45.11459,44.570007,46.74435,48.160477,49.44743,50.23195,50.44659,49.549408,49.828762,52.061954,50.857307,51.2071,51.475,51.913124,52.448593,57.524532,57.439137,56.845318,57.438667,57.48059,57.560318,57.40812,57.830814,55.83376,823.5603,823.77045,823.214,823.80786,824.5757,824.37054,823.936,823.4747,824.01117,823.98224,824.05865,822.30786,822.84937,821.5367,819.729,820.27167,819.3412,819.20233,818.2867,817.6604,817.3024,817.32416,816.40265,815.7373,815.8429,815.5181,815.9982,815.5339,815.5727,815.3343,815.6771,815.37915,815.096,24.281275880334988,24.491419923303738,23.934962403772488,24.528834474084988,25.296656739709988,25.091517579553738,24.656947267053738,24.195643556116238,24.732142579553738,24.703211915491238,24.779627931116238,23.028834474084988,23.570338380334988,22.257655274866238,20.449977052209988,20.992640626428738,20.062159669397488,19.923304688928738,19.007655274866238,18.381373536584988,18.023402345178738,18.045130860803738,17.123622071741238,16.458277833459988,16.563868653772488,16.239100587366238,16.719203126428738,16.254847657678738,16.293666017053738,16.055262696741238,16.398097169397488,16.100123536584988,15.816981446741238,corn,corn,corn,corn,corn,corn,corn,other,corn,corn,corn,corn,corn,corn,corn,corn,corn,1,0,1,1,1,1,1,1,1,1,1,1,1,1,1,1,1,1,1,1,1,1,1,1,1,1
grid243,-100.57629460059896,39.412057989574656,21,14,grid28,8,0.42105263157894735,799.944226561992,80.019144,0.0505,73.152,869.7090631,798.1449938,82.515456,0.0567,796.5570631,45.394077,46.437958,47.287727,46.94917,45.81164,46.19443,46.62525,46.295845,44.08858,44.985725,44.523445,46.467266,47.91786,48.88439,50.044605,50.08422,49.5018,49.782944,51.59526,50.81041,51.15545,51.417793,51.86142,52.401978,57.417088,57.35363,56.762135,57.355183,57.399345,57.475716,57.32606,57.74206,55.47912,823.59045,823.7189,823.1346,823.6176,824.40015,824.34216,823.9577,823.3217,823.8526,824.0022,824.0036,821.76685,822.7461,821.3696,819.5055,820.255,819.3928,819.23975,818.2069,817.6873,817.36456,817.4762,816.4719,815.76526,815.9848,815.5868,816.2262,815.7164,815.7399,815.62933,815.83936,815.5029,814.9212,23.646227539570532,23.774645508320532,23.190355957539282,23.673388184101782,24.455919922383032,24.397936523945532,24.013476074726782,23.377489746601782,23.908373535664282,24.057970703633032,24.059374512226782,21.822619141133032,22.801867188008032,21.425402344258032,19.561266602070532,20.310778320820532,19.448595703633032,19.295519531758032,18.262682617695532,17.743090332539282,17.420336426289282,17.531969727070532,16.527697266133032,15.821032227070532,16.040575684101782,15.642565430195532,16.281969727070532,15.772143066914282,15.795702637226782,15.685106934101782,15.895128906758032,15.558703125508032,14.976977051289282,wheat,corn,corn,corn,corn,corn,fallow,sorghum,sorghum,sorghum,sorghum,corn,sorghum,corn,other,corn,corn,1,1,0,0,0,0,1,0,1,1,0,1,0,0,0,0,0,0,1,1,1,0,1,1,0,0
grid244,-100.57625249221354,39.419305200529514,21,15,grid28,19,1.0,800.3284511722561,81.037176,0.0508,73.152,869.7090631,798.1449938,82.515456,0.0567,796.5570631,44.486015,45.72476,46.231606,46.570827,45.048107,45.40288,45.8401,45.112602,43.967587,44.00695,44.36873,46.304462,47.70547,48.679718,49.79018,49.990265,49.404507,49.65834,51.47133,50.70312,51.039608,51.29833,51.744396,52.291485,57.26096,57.22972,57.299995,57.228275,57.275608,57.888866,57.198452,57.605103,55.223457,824.1684,824.06067,823.3956,823.74524,824.5871,824.6441,824.31665,823.4473,824.0112,824.4452,824.2379,821.78827,823.0104,821.61774,819.63586,820.56036,819.69995,819.5389,818.50146,817.98456,817.70087,817.8985,816.83124,816.0938,816.4084,816.052,816.3946,816.1392,816.1306,815.87805,816.221,815.8365,815.116,23.83994482383764,23.73221777305639,23.06717871055639,23.41678808555639,24.25864599571264,24.31565283165014,23.98819921836889,23.11887548790014,23.68277929649389,24.11673925743139,23.90946386680639,21.45981787071264,22.68192480430639,21.28928564415014,19.30741308555639,20.23191259727514,19.37149999961889,19.21042822227514,18.17301367149389,17.65610693321264,17.37241552696264,17.57004736290014,16.50278662071264,15.76535986290014,16.07993505821264,15.72355078086889,16.06614111290014,15.81077001915014,15.80216406211889,15.54960058555639,15.89255712852514,15.50803564415014,14.78757665977514,corn,corn,corn,corn,corn,corn,corn,corn,other,corn,corn,corn,corn,corn,corn,corn,corn,1,0,1,1,1,1,1,1,1,1,1,1,1,1,1,1,1,1,1,1,1,1,1,1,1,1
grid245,-100.57621038382813,39.42655241148437,21,16,grid27,0,0.0,801.0255062993521,81.71992800000001,0.0557,72.5424,873.5228166,799.6970479,72.652128,0.0607,800.9804166,45.153156,45.667156,46.778866,46.28737,44.98877,45.31603,45.738823,45.71748,44.009407,43.843967,44.205666,46.235485,47.457615,48.4397,49.495663,49.76696,49.107845,49.3381,51.129475,50.342052,50.654396,51.012016,51.319065,51.961853,55.521313,55.417637,56.033447,56.667496,56.73164,56.64115,56.643116,57.02652,54.694145,824.8505,824.5903,823.8941,823.9693,824.9901,825.20447,824.92566,823.86005,824.39343,825.0975,824.71796,822.1833,823.5406,822.1627,820.09686,821.0794,820.22125,820.0154,819.05817,818.5228,818.2786,818.5065,817.4421,816.68823,817.04913,816.69525,816.9617,816.8702,816.82196,816.52545,816.8942,816.46826,815.6045,23.82501860299169,23.56476469674169,22.86859770455419,22.94379301705419,23.96460600533544,24.17896147408544,23.90015288033544,22.83454008736669,23.36792631783544,24.07196684517919,23.69245024361669,21.15778227486669,22.51508207955419,21.13721342721044,19.07135649361669,20.05390043892919,19.19574614205419,18.98987456002294,18.03266020455419,17.49732084908544,17.25311918892919,17.48096342721044,16.41657133736669,15.66272612252294,16.02362700142919,15.66974516549169,15.93616362252294,15.84467192330419,15.79645414986669,15.49994536080419,15.86871977486669,15.44275541939794,14.57898588814794,wheat,fallow,wheat,wheat,wheat,wheat,other,fallow,wheat,fallow,wheat,corn,corn,corn,corn,fallow,wheat,1,8,0,0,0,0,0,0,0,0,0,0,0,0,0,0,0,0,0,0,0,0,0,0,0,0
grid246,-100.57620724694443,39.47719494486111,21,23,grid26,0,0.0,806.3080489758,80.701896,0.0529,57.912,863.4665253,810.3881162,103.817928,0.0659,805.5545253,41.320232,40.60914,42.91766,43.783943,40.132687,40.127472,40.352863,40.413597,39.72352,40.43515,39.93919,41.045567,41.0931,41.89615,42.533394,43.83067,41.626343,41.925823,42.435806,42.632057,42.81828,43.082882,43.242344,43.828617,48.350334,48.169933,48.198936,48.307137,48.321075,48.36438,48.14958,48.377396,45.35249,829.31726,829.86554,829.2992,827.0833,830.03516,830.11523,829.7623,828.9886,829.4938,829.00104,829.2148,828.6502,828.40155,827.35614,827.02374,825.9574,825.48114,825.08466,824.5733,824.1901,824.0776,823.7387,823.5157,822.90234,822.7801,822.61926,822.5248,822.39923,822.2506,822.0496,822.32556,822.1208,821.59235,23.009211766387466,23.557490574981216,22.991145360137466,20.775264012481216,23.727107274199966,23.807185399199966,23.454280125762466,22.680537449981216,23.185725438262466,22.692988621856216,22.906733739043716,22.342158543731216,22.093501317168716,21.048091160918716,20.715693699981216,19.649348485137466,19.173091160918716,18.776606785918716,18.265254246856216,17.882075535918716,17.769526707793716,17.430659520293716,17.207637059356216,16.594294774199966,16.472041356231216,16.311213719512466,16.216731297637466,16.091181981231216,15.942561375762466,15.741572606231216,16.017512547637466,15.812739598418716,15.284297215606216,fallow,wheat,corn,fallow,wheat,fallow,wheat,corn,fallow,wheat,corn,corn,fallow,wheat,corn,corn,corn,0,5,0,0,0,0,0,0,0,0,0,0,0,0,0,0,0,0,0,0,0,0,0,0,0,0
grid247,-100.57619819749999,39.46995487958334,21,22,grid26,17,0.8947368421052632,804.271726758384,70.786752,0.0495,57.912,863.4665253,810.3881162,103.817928,0.0659,805.5545253,41.8404,41.130035,43.527935,44.224995,40.628536,40.649845,40.9045,41.863403,40.91677,41.976402,41.08843,42.275238,42.314632,43.158745,43.820736,44.158657,41.998947,42.34763,43.66575,43.073822,43.305428,43.539234,43.723904,44.299038,49.187946,49.264492,49.28032,49.38374,49.415073,49.559826,49.26298,49.509613,46.54274,828.86804,829.28796,828.6243,826.6686,829.4705,829.53925,829.2002,828.37915,828.90924,828.5509,828.6922,827.8632,827.823,826.7449,826.18164,825.4048,824.85583,824.46173,823.9544,823.4975,823.33307,823.0941,822.7594,822.12604,822.0846,821.8762,821.7528,821.6948,821.5432,821.3164,821.5987,821.3454,820.74084,24.596315233803466,25.016237108803466,24.352601854897216,22.396852343178466,25.198793261147216,25.267518847084716,24.928468554115966,24.107423632240966,24.637513964272216,24.279176561928466,24.420472948647216,23.591493456459716,23.551271288490966,22.473146288490966,21.909913866615966,21.133058397865966,20.584108202553466,20.190004198647216,19.682679979897216,19.225770800209716,19.061342089272216,18.822389452553466,18.487672655678466,17.854310839272216,17.812867968178466,17.604493944740966,17.481080858803466,17.423097460365966,17.271486132240966,17.044679491615966,17.326967089272216,17.073671190834716,16.469117968178466,corn,wheat,corn,wheat,corn,corn,wheat,corn,corn,soybeans,wheat,corn,sorghum,wheat,other,corn,corn,1,5,1,1,1,1,1,1,1,1,1,1,1,1,0,1,1,1,1,1,1,1,1,1,0,1
grid248,-100.57618914805556,39.462714814305556,21,21,grid26,1,0.05263157894736842,803.391538622904,69.491352,0.0517,57.912,863.4665253,810.3881162,103.817928,0.0659,805.5545253,42.401962,41.689674,44.12356,44.676533,41.160107,41.210968,41.497025,42.512688,41.502518,42.32117,41.669758,42.66829,42.654007,43.493572,44.267918,45.36377,43.20917,43.769753,44.169678,44.31819,44.5973,44.81503,45.02587,45.603542,50.79409,50.830383,50.814716,50.900555,50.931625,51.115475,50.814426,51.053883,47.338326,828.2959,828.6158,827.8528,826.2283,828.81915,828.8765,828.5604,827.6775,828.2355,828.00684,828.09546,826.9641,827.16797,826.0464,825.1855,824.7246,824.1247,823.7237,823.1917,822.6973,822.54517,822.3722,821.9013,821.24335,821.2941,821.1071,821.0627,821.0834,820.934,820.6729,820.97296,820.6655,819.90826,24.904359814595978,25.224245068502228,24.461244580220978,22.836732861470978,25.427614209127228,25.484987256002228,25.168886181783478,24.285951611470978,24.843935009908478,24.615297314595978,24.703920361470978,23.572572705220978,23.776430127095978,22.654848095845978,21.793947216939728,21.333070752095978,20.733156201314728,20.332155224752228,19.800172802877228,19.305788037252228,19.153627392720978,18.980653759908478,18.509767529439728,17.851808545064728,17.902589795064728,17.715578076314728,17.671144482564728,17.691835400533478,17.542482373189728,17.281373974752228,17.581422802877228,17.273988720845978,16.516725537252228,wheat,other,wheat,wheat,corn,corn,wheat,corn,fallow,wheat,corn,fallow,wheat,corn,fallow,wheat,corn,1,7,0,0,1,0,0,0,0,0,0,0,0,0,0,0,0,1,0,0,0,0,0,0,0,0
grid249,-100.57618009861109,39.45547474902778,21,20,grid27,0,0.0,802.9801590819361,70.7898,0.0559,75.5904,873.5228166,799.6970479,72.652128,0.0607,797.9324166,41.871056,42.28258,44.679028,45.153122,41.723396,41.80603,42.125546,42.27814,42.123417,41.749065,42.28561,43.08295,43.01161,43.846348,44.70505,45.784298,46.93088,47.124878,46.874832,47.997017,48.17907,48.52053,48.756714,49.359802,51.519978,51.45945,51.427086,51.512234,51.540257,51.930843,51.46572,51.743828,50.165176,827.70636,827.86646,827.01654,825.7537,828.0944,828.15,827.85626,826.7913,827.4965,827.42285,827.44214,825.9856,826.4553,825.282,824.1801,823.85626,823.2088,822.8279,822.20984,821.724,821.5613,821.4905,820.8759,820.1885,820.50287,820.1474,820.2759,820.38617,820.24164,819.94214,820.2642,819.89954,818.80304,24.726200781345142,24.886295996188892,24.036381445407642,22.773564062595142,25.114262304782642,25.169865332126392,24.876103125095142,23.811161718845142,24.516361914157642,24.442692480563892,24.461979589938892,23.005436621188892,23.475163183688892,22.301823339938892,21.199955664157642,20.876103125095142,20.228642187595142,19.847721777438892,19.229679785251392,18.743839941501392,18.581120214938892,18.510319433688892,17.895756445407642,17.208317480563892,17.522709570407642,17.167240820407642,17.295719824313892,17.406010351657642,17.261479101657642,16.961979589938892,17.284062109470142,16.919377050876392,15.822880468845142,other,other,other,other,other,other,other,other,other,other,other,other,other,other,other,other,other,17,0,0,0,0,0,0,0,0,0,0,0,0,0,0,0,0,0,0,0,0,0,0,0,0,0
grid250,-100.57617104916666,39.44823468375,21,19,grid27,2,0.10526315789473684,802.7815107416161,71.182992,0.0599,75.5904,873.5228166,799.6970479,72.652128,0.0607,797.9324166,43.234604,43.545235,45.215004,45.615746,42.99203,43.18358,43.458965,43.55518,42.684223,42.833508,42.857674,44.485,44.493248,45.359707,46.75844,46.950996,47.385796,47.628048,48.233078,48.526314,48.762234,49.066868,49.3311,49.91849,52.488705,52.465874,52.93489,52.561886,52.599586,53.342377,52.50853,52.80207,52.238983,826.84973,826.82477,826.20337,825.2915,827.0573,827.14307,826.863,825.9485,826.4947,826.71545,826.5416,824.6602,825.46466,824.22534,822.73083,823.1044,822.4489,822.08636,821.3602,820.9062,820.6937,820.74884,820.0017,819.28784,819.5708,819.2878,819.46515,819.6743,819.5394,819.1891,819.54535,819.1334,817.9296,24.068220703696397,24.043257324790147,23.421858399008897,22.509993164633897,24.275801270102647,24.361555664633897,24.081465332602647,23.166975586508897,23.713179199790147,23.933943359946397,23.760115234946397,21.878706543540147,22.683149902915147,21.443831055258897,19.949324219321397,20.322859375571397,19.667402832602647,19.304854004477647,18.578718750571397,18.124678223227647,17.912214844321397,17.967329590415147,17.220198242758897,16.506331055258897,16.789290039633897,16.506270020102647,16.683638184165147,16.892805664633897,16.757917969321397,16.407576172446397,16.763838379477647,16.351912109946397,15.148115723227647,other,other,other,other,other,other,other,other,other,sorghum,other,other,other,wheat,sorghum,sorghum,corn,12,1,0,0,0,0,0,0,1,0,0,0,0,1,0,0,0,0,0,0,0,0,0,0,0,0
grid251,-100.57616827544271,39.43379962243923,21,17,grid27,5,0.2631578947368421,801.7439182625761,79.269336,0.0605,72.5424,873.5228166,799.6970479,72.652128,0.0607,800.9804166,44.572018,45.026516,46.263958,46.52966,44.38005,44.67076,45.05687,45.087257,43.474815,43.524773,43.67808,45.764664,45.729992,46.613884,47.67737,49.17661,48.722893,48.9156,50.487003,49.899094,50.185654,50.556507,50.84081,51.499287,54.770756,54.780693,55.777206,54.890926,54.948627,56.277584,54.878593,55.245167,54.00107,825.55347,825.3368,824.6541,824.4191,825.6508,825.7907,825.5297,824.53143,825.054,825.5938,825.25696,822.8655,824.12115,822.7746,820.8237,821.7468,820.94336,820.6178,819.79285,819.28314,818.97095,819.26733,818.26495,817.5187,817.8792,817.5612,817.837,817.89844,817.8115,817.494,817.85266,817.4048,816.2375,23.80954853429887,23.59287372961137,22.91019550695512,22.67521015539262,23.90689960851762,24.04679218664262,23.78580585851762,22.78751484289262,23.31009785070512,23.84989277258012,23.51303974523637,21.12156025304887,22.37723652258012,21.03067890539262,19.07981220617387,20.00290790929887,19.19944111242387,18.87387958898637,18.04892841711137,17.53922382726762,17.22702900304887,17.52341572179887,16.52103535070512,15.77475849523637,16.13529316320512,15.81729999914262,16.09305683508012,16.15451923742387,16.06760517492387,15.75010029211137,16.10874287023637,15.66086689367387,14.49356953039262,fallow,wheat,wheat,wheat,corn,fallow,wheat,wheat,corn,fallow,wheat,wheat,wheat,corn,corn,corn,corn,0,8,0,1,0,0,0,0,0,0,1,0,0,0,0,0,0,1,0,1,0,1,0,0,1,0
grid252,-100.57616199972222,39.440994618472224,21,18,grid27,15,0.7894736842105263,802.35184394436,74.328528,0.062,72.5424,873.5228166,799.6970479,72.652128,0.0607,800.9804166,44.004333,44.382107,45.74606,46.077133,43.76645,44.01546,44.364925,44.44946,43.470737,43.654354,43.655853,45.32105,45.33717,46.228638,47.175934,47.927784,47.85559,48.14723,49.25596,49.072716,49.325085,49.630882,49.92389,50.494926,54.268738,54.353806,55.322994,54.478504,54.540215,55.67483,54.448128,54.785847,52.66287,826.18915,826.04095,825.40515,824.83905,826.30975,826.43774,826.1766,825.218,825.7495,826.1706,825.8838,823.7041,824.76166,823.4676,821.7695,822.4597,821.67926,821.3383,820.6095,820.0781,819.7835,819.9952,819.11584,818.3768,818.78186,818.5639,818.7038,818.97266,818.8542,818.4332,818.86615,818.42053,817.10205,23.837304004858765,23.689110645483765,23.053307422827515,22.487206348608765,23.957909473608765,24.085900196265015,23.824730762671265,22.866173633765015,23.397667774390015,23.818749317358765,23.531945118140015,21.352257618140015,22.409813770483765,21.115746387671265,19.417626270483765,20.107872852515015,19.327416309546265,18.986473926733765,18.257653125952515,17.726281055640015,17.431664356421265,17.643334278296265,16.764000782202515,16.024926075171265,16.430016407202515,16.212059864233765,16.351952442358765,16.620812305640015,16.502343067358765,16.081383594702515,16.514305957983765,16.068688282202515,14.750206836890015,fallow,soybeans,corn,corn,corn,soybeans,corn,corn,corn,corn,corn,corn,soybeans,corn,corn,corn,corn,0,0,1,1,1,0,1,1,1,0,0,0,1,1,1,1,1,1,0,1,1,1,1,1,1,1
grid253,-100.56732022065103,39.35407242361979,22,6,grid29,0,0.0,797.703755565168,52.206144,0.0671,78.6384,871.7051686,792.5985416,63.943992,0.0511,793.0667686,42.110188,44.081837,43.795773,47.370766,43.544735,43.819866,44.285107,43.093204,42.3304,43.428066,42.63228,43.56053,44.05447,46.57083,45.390705,45.530952,46.112556,46.231773,46.60634,47.161266,47.420414,47.71306,48.051823,48.524593,52.358887,52.65216,53.69793,52.707508,52.720367,53.967,52.52624,52.81563,50.125187,826.26074,826.33234,826.2491,826.416,827.25586,826.4729,825.9194,825.8245,825.2603,825.19073,824.06006,824.8241,824.1831,822.59106,822.48706,822.07336,821.83606,821.49713,820.87354,820.5127,820.0566,819.8813,819.4371,819.03546,818.906,818.3298,818.1565,817.95685,817.87524,817.4408,817.9436,817.7087,817.4945,28.556986622332033,28.628580860613283,28.545328907488283,28.712260059832033,29.552103809832033,28.769144825457033,28.215616993425783,28.120768360613283,27.556559376238283,27.486979298113283,26.356303028582033,27.120341114519533,26.479349903582033,24.887308887957033,24.783304981707033,24.369608692644533,24.132304005144533,23.793375782488283,23.169779591082033,22.808939747332033,22.352824024675783,22.177531055925783,21.733317188738283,21.331705860613283,21.202250294207033,20.626017384050783,20.452738575457033,20.253092579363283,20.171488575457033,19.737040333269533,20.239847950457033,20.004923634050783,19.790751270769533,sorghum,sorghum,fallow,wheat,sorghum,corn,fallow,wheat,corn,fallow,wheat,fallow,wheat,corn,fallow,wheat,corn,0,5,0,0,0,0,0,0,0,0,0,0,0,0,0,0,0,0,0,0,0,0,0,0,0,0
grid254,-100.56727822570312,39.36131819710937,22,7,grid29,3,0.15789473684210525,796.1400556638721,53.053488,0.0636,78.6384,871.7051686,792.5985416,63.943992,0.0511,793.0667686,43.49877,44.660698,45.226074,46.675217,44.08838,44.449104,44.87583,43.494007,42.8261,43.83568,43.10897,43.584507,44.39466,46.81847,45.83211,45.919937,46.543617,46.681774,47.131985,47.66863,47.936073,48.23922,48.596317,49.09644,52.909195,53.078358,54.08108,53.10904,53.11971,54.480797,52.95406,53.270763,50.8884,825.27747,825.5683,825.3079,825.217,826.4858,825.71246,825.017,824.9929,824.554,824.26764,823.51166,823.77625,823.392,821.8951,821.5871,821.1414,820.8743,820.49286,819.8684,819.4819,819.04456,818.8381,818.3533,817.93616,817.9072,817.3401,817.337,817.0429,816.97473,816.5391,817.0417,816.80634,816.5289,29.13741015644041,29.42824267597166,29.16786669940916,29.07692431659666,30.34572314472166,29.57240771503416,28.87697314472166,28.85286425800291,28.41396044940916,28.12758349628416,27.37160205097166,27.63618945331541,27.25197314472166,25.75502490253416,25.44704150409666,25.00136279315916,24.73427294940916,24.35280322284666,23.72835253925291,23.34181689472166,22.90450000019041,22.69801806659666,22.21321582050291,21.79610156269041,21.76717089862791,21.20003222675291,21.19691943378416,20.90285205097166,20.83467578144041,20.39906787128416,20.90163134784666,20.66627978534666,20.38881396503416,other,other,other,corn,corn,corn,other,wheat,other,sorghum,corn,corn,corn,corn,corn,corn,corn,5,1,0,0,0,0,0,0,1,0,0,0,0,0,1,0,1,0,0,0,0,0,0,0,0,0
grid255,-100.5672362307552,39.368563970598956,22,8,grid29,0,0.0,795.243589452744,54.815232,0.0583,86.2584,877.4987456,792.706535,69.320664,0.0591,791.2403456,43.30393,43.52387,44.84799,46.869843,42.855774,44.23783,44.646713,43.63314,42.61546,43.232616,42.891735,44.663906,44.73687,46.778446,46.962162,46.28221,46.945312,47.639282,47.621918,48.1415,48.906857,48.72874,49.10347,49.597534,53.41561,53.48079,54.45427,53.50246,53.510822,54.978157,53.3736,53.716297,51.62656,824.5187,824.78125,824.42487,824.60547,825.67316,824.9397,824.4409,824.5866,824.3166,823.76385,823.4439,823.5799,822.6441,821.21356,821.03815,820.3137,819.99445,819.9228,818.95715,818.5458,818.33746,817.8947,817.3716,816.92554,816.9188,816.44794,816.5604,816.1855,816.13745,815.7107,816.19904,815.9687,815.63715,29.275087305068496,29.537660547255996,29.181276269912246,29.361879297255996,30.429567285537246,29.696107812880996,29.197328516005996,29.343019433974746,29.072999902724746,28.520265527724746,28.200319238662246,28.336305566787246,27.400514551162246,25.969972558974746,25.794557519912246,25.070131250380996,24.750856348037246,24.679201074599746,23.713563867568496,23.302186914443496,23.093873926162246,22.651124902724746,22.127992578505996,21.681947656630996,21.675233789443496,21.204347558974746,21.316835351943496,20.941896387099746,20.893861719130996,20.467103906630996,20.955446191787246,20.725099512099746,20.393556543349746,other,other,other,other,other,other,other,other,other,other,other,other,other,other,other,other,other,17,0,0,0,0,0,0,0,0,0,0,0,0,0,0,0,0,0,0,0,0,0,0,0,0,0
grid256,-100.56719423580729,39.37580974408854,22,9,grid29,18,0.9473684210526315,794.4170166492,53.577744,0.0529,86.2584,877.4987456,792.706535,69.320664,0.0591,791.2403456,43.95977,46.54715,45.552345,47.1042,45.959442,46.3078,46.739845,44.03712,44.11445,45.191856,44.395016,46.028465,46.21357,49.178646,48.49541,48.61375,49.24198,49.426685,50.0485,50.39772,50.724277,50.99799,51.403206,51.919395,53.92063,53.873062,54.812263,54.060997,54.06807,55.469368,53.960625,54.33043,53.232895,823.7579,823.859,823.744,823.8943,824.7827,824.1016,823.59625,823.8261,823.5609,823.01,822.87384,822.35443,821.6669,820.6854,819.8474,819.59515,819.21796,818.885,818.203,817.6822,817.2724,817.0629,816.4656,815.96814,816.0574,815.61835,816.1315,815.41266,815.3913,815.256,815.4481,815.22565,814.5195,29.340856885956214,29.441992139862464,29.327001905487464,29.477270460174964,30.365698194549964,29.684606885956214,29.179235792206214,29.409094190643714,29.143896436737464,28.592993116424964,28.456823682831214,27.937414503143714,27.249853467987464,26.268408155487464,25.430395460174964,25.178137159393714,24.800939893768714,24.467993116424964,23.785986280487464,23.265173292206214,22.855383253143714,22.645910596893714,22.048559522674964,21.551122999237464,21.640356397674964,21.201330518768714,21.714453077362464,20.995642042206214,20.974279737518714,20.838964796112464,21.031103467987464,20.808630323456214,20.102453565643714,other,corn,corn,soybeans,corn,corn,corn,corn,corn,soybeans,corn,corn,soybeans,corn,corn,corn,corn,1,0,1,1,1,1,1,1,1,1,1,1,1,1,1,1,1,1,1,1,1,0,1,1,1,1
grid257,-100.56715224085937,39.38305551757812,22,10,grid28,18,0.9473684210526315,794.273230077744,55.635144000000004,0.0516,86.2584,877.4987456,792.706535,69.320664,0.0591,791.2403456,44.303154,46.75197,45.975117,47.32399,46.15844,46.49281,46.941723,44.412632,44.368977,45.28132,44.63586,46.29052,46.415005,49.16032,48.819355,49.558426,49.45862,49.668476,51.028946,50.662437,50.99166,51.268253,51.68581,52.20028,54.290497,54.14298,55.093323,54.25644,54.27584,55.84636,54.216316,54.62081,54.968018,822.92285,823.0708,822.94977,823.22144,824.016,823.3527,822.8376,823.1061,822.93286,822.344,822.3247,821.57184,821.0661,820.051,819.16223,818.9984,818.432,818.137,817.4848,816.8502,816.4691,816.2338,815.593,815.05927,815.153,814.6775,815.41034,814.64685,814.6607,814.5783,814.71387,814.5028,814.25024,28.64962148475604,28.79757070350604,28.67653798866229,28.94820546913104,29.74276113319354,29.07949209022479,28.56435537147479,28.83284902381854,28.65963125038104,28.07076406288104,28.05147695350604,27.29860830116229,26.79287099647479,25.77779531288104,24.88900136756854,24.72518300819354,24.15877675819354,23.86379384803729,23.21157216834979,22.57698964881854,22.19588613319354,21.96059560584979,21.31978750038104,20.78603505897479,20.87978505897479,20.40426015663104,21.13710927772479,20.37362050819354,20.38747548866229,20.30507802772479,20.44063710975604,20.22957753944354,19.97701406288104,fallow,corn,corn,corn,soybeans,corn,corn,sorghum,sorghum,wheat,corn,other,corn,corn,other,corn,corn,2,1,1,1,1,1,1,1,1,1,1,1,1,1,1,1,1,1,1,1,0,1,1,1,1,1
grid258,-100.56711024591146,39.39030129106771,22,11,grid28,19,1.0,794.787580077744,67.028568,0.0555,86.2584,877.8887333,793.465205,81.527904,0.0601,791.6303333,44.61913,46.93144,46.385483,47.540302,46.33315,46.64982,47.113525,44.76948,45.529915,45.359604,45.768055,46.556942,46.878452,49.46972,48.90634,50.17315,49.648514,49.889545,51.669857,50.895195,51.244682,51.5047,51.93389,52.4473,55.806824,55.6683,55.23189,55.688507,55.73108,56.029312,55.69649,56.105164,55.22714,822.01776,822.2096,822.0683,822.4737,823.1915,822.71747,822.1908,822.3168,822.3473,821.8038,821.98267,821.19543,820.97455,819.65265,818.4922,818.47656,817.7675,817.48016,816.8267,816.1471,815.73895,815.53827,814.85565,814.2873,814.5629,814.0636,814.4265,814.11694,814.1681,813.6988,814.21783,814.0352,813.58124,27.230181152724754,27.422014648818504,27.280718262099754,27.686113769912254,28.403948242568504,27.929888183974754,27.403215820693504,27.529192383193504,27.559709961318504,27.016191894912254,27.195085937881004,26.407854492568504,26.186968262099754,24.865068848037254,23.704607422256004,23.688982422256004,22.979937012099754,22.692583496474754,22.039141113662254,21.359514648818504,20.951372558974754,20.750688965224754,20.068071777724754,19.499712402724754,19.775347168349754,19.276018555068504,19.638933594131004,19.329363281631004,19.380510742568504,18.911211426162254,19.430254394912254,19.247637207412254,18.793657715224754,sorghum,corn,corn,soybeans,corn,corn,corn,sorghum,sorghum,wheat,corn,other,corn,corn,other,sorghum,corn,2,1,1,1,1,1,1,1,1,1,1,1,1,1,1,1,1,1,1,1,1,1,1,1,1,1
grid259,-100.56706825096354,39.39754706455729,22,12,grid28,17,0.8947368421052632,795.801397266768,77.836776,0.0568,86.5632,874.2653825,794.5014766,88.474296,0.0574,787.7021825,45.706726,47.049988,47.450882,46.919,46.450127,46.746334,47.22008,46.317795,45.667793,45.409866,45.888382,46.636765,46.68443,49.433075,50.102055,50.27395,49.81469,49.974945,51.81688,51.09969,51.457508,51.711006,52.15132,52.664375,55.994835,55.80847,56.78067,55.82486,55.865788,57.504787,55.843174,56.257618,55.442806,821.49817,821.60236,821.18463,821.92084,822.6207,822.24677,821.7109,821.6343,821.8992,821.4122,821.6634,820.61725,820.77716,819.2539,817.9805,818.00745,817.2297,816.91486,816.21063,815.5755,815.1728,814.9824,814.25793,813.65607,813.90466,813.46075,813.74493,813.4302,813.5158,813.1307,813.54565,813.37555,812.90735,25.69677167854445,25.8009586902632,25.3832340808882,26.1194401355757,26.81933027229445,26.4453678699507,25.9094791980757,25.83288007698195,26.09777265510695,25.6107731433882,25.8619938465132,24.8158512683882,24.9757633777632,23.45250898323195,22.1791325183882,22.20604902229445,21.4282780262007,21.1134586902632,20.4092350574507,19.7741032215132,19.3713932605757,19.18102460823195,18.45653730354445,17.8546696277632,18.10326581916945,17.6593571277632,17.9435368152632,17.62877851448195,17.7144108387007,17.3292790027632,17.74425703010695,17.5741520496382,17.10595136604445,other,corn,corn,wheat,corn,corn,corn,other,wheat,corn,sorghum,corn,corn,corn,corn,corn,corn,2,2,1,1,1,1,1,1,1,1,1,1,1,1,1,1,1,0,1,1,1,1,1,1,0,1
grid260,-100.56702625601562,39.40479283804687,22,13,grid28,0,0.0,796.9225381354801,83.50605600000002,0.0543,86.5632,874.2653825,794.5014766,88.474296,0.0574,787.7021825,45.673595,46.83522,47.51778,46.965137,46.183308,46.584232,47.049934,46.32305,44.306084,45.206356,44.788784,46.679188,48.11932,49.3713,50.178944,50.349136,49.485737,49.77636,51.927883,50.794052,51.139927,51.41391,51.844822,52.37901,56.137547,55.91615,56.7783,55.923973,55.964264,57.503094,55.950115,56.368584,55.593674,821.12585,821.09296,820.76965,821.5173,822.10657,821.85004,821.3171,821.21277,821.5659,821.46094,821.49316,820.19073,820.3261,819.00006,817.595,817.7266,816.86224,816.5748,815.7942,815.1835,814.801,814.6317,813.8575,813.2223,813.45184,813.0619,813.42096,813.0818,813.1865,812.8956,813.2023,813.0276,812.53265,24.203316356707433,24.170418407488683,23.847115184832433,24.594734813738683,25.184029247332433,24.927498485613683,24.394539501238683,24.290230419207433,24.643379833269933,24.538399364519933,24.570625927019933,23.268196727801183,23.403572704363683,22.077522899676183,20.672432567644933,20.804085399676183,19.939705516863683,19.652290966082433,18.871651317644933,18.260933544207433,17.878487255144933,17.709175731707433,16.934944774676183,16.299751903582433,16.529305126238683,16.139351512957433,16.498421337176183,16.159248973894933,16.263985302019933,15.973091747332433,16.279732372332433,16.105049755144933,15.610115673113683,fallow,fallow,fallow,other,fallow,fallow,other,other,fallow,fallow,fallow,fallow,fallow,fallow,wheat,corn,other,4,1,0,0,0,0,0,0,0,0,0,0,0,0,0,0,0,0,0,0,0,0,0,0,0,0
grid261,-100.5669922275,39.477192692916674,22,23,grid26,0,0.0,798.747003516768,70.558152,0.0478,57.912,863.4665253,810.3881162,103.817928,0.0659,805.5545253,40.816048,40.888565,42.415024,43.984028,40.40372,40.388264,40.630737,40.677563,40.786236,40.619865,40.98996,42.194798,42.307606,43.14273,43.714123,43.98572,41.632683,41.93787,43.745678,42.639294,42.83168,43.09958,43.252563,43.84294,47.312607,47.390327,47.398727,47.51344,47.496532,47.657288,47.352608,47.608482,46.29613,826.8684,827.7801,827.2402,824.8321,827.97455,827.9354,827.67303,826.4612,827.48535,826.6807,827.2118,826.6329,826.35547,825.2087,824.92523,823.4907,822.9569,822.5778,822.59424,821.6981,821.4855,821.1877,821.0108,820.3418,820.35767,820.2754,820.1957,820.13464,819.99835,819.7859,820.07513,819.8449,819.28,28.121404686356982,29.033086815263232,28.493169823075732,26.085088768388232,29.227544823075732,29.188421287919482,28.926031151200732,27.714178123856982,28.738348045731982,27.933721580888232,28.464788475419482,27.885870018388232,27.608465233231982,26.461675682450732,26.178228416825732,24.743719139481982,24.209905662919482,23.830816307450732,23.847234764481982,22.951116600419482,22.738470116044482,22.440679588700732,22.263799705888232,21.594793358231982,21.610662498856982,21.528387108231982,21.448675194169482,21.387640037919482,21.251348534013232,21.038885155106982,21.328130760575732,21.097906151200732,20.533025780106982,other,other,corn,corn,other,corn,wheat,other,corn,wheat,corn,corn,corn,wheat,corn,corn,corn,4,3,0,0,0,0,0,0,0,0,0,0,0,0,0,0,0,0,0,0,0,0,0,0,0,0
grid262,-100.5669851725,39.46995283375001,22,22,grid26,0,0.0,798.6792867195121,69.927216,0.0444,57.912,863.4665253,810.3881162,103.817928,0.0659,805.5545253,41.24671,41.42044,43.735806,44.42748,40.91,40.920223,41.193985,41.378796,41.394787,41.32679,41.592705,42.60262,42.662582,43.493015,44.159878,44.310635,42.00639,42.361153,44.233734,43.082718,43.32047,43.5575,43.73587,44.314316,48.067513,47.993572,47.98835,48.102097,48.083744,48.44002,47.980244,48.272194,47.062695,826.41626,827.0804,826.4645,824.39905,827.29047,827.265,826.9838,825.82556,826.83997,826.1638,826.61554,825.8262,825.71735,824.5777,824.0783,822.9432,822.34845,821.9622,821.9087,821.0159,820.7508,820.5461,820.263,819.58875,819.64264,819.5365,819.424,819.4257,819.2862,819.04785,819.336,819.0678,818.3665,27.736973046112894,28.401096581269144,27.785190819550394,25.719761132050394,28.611179589081644,28.585727928925394,28.304538964081644,27.146274803925394,28.160679100800394,27.484531639862894,27.936252831269144,27.146885155487894,27.038059471894144,25.898411034394144,25.399021385956644,24.263889550019144,23.669162987519144,23.282932518769144,23.229404686737894,22.336643456269144,22.071506737519144,21.866794823456644,21.583713768769144,20.909458397675394,20.963352440644144,20.857212303925394,20.744724510956644,20.746433495331644,20.606907128144144,20.368564842987894,20.656711815644144,20.388523339081644,19.687229393769144,other,fallow,other,other,other,other,other,other,other,other,other,other,other,other,other,other,other,16,0,0,0,0,0,0,0,0,0,0,0,0,0,0,0,0,0,0,0,0,0,0,0,0,0
grid263,-100.56698426106772,39.41203861153646,22,14,grid28,0,0.0,797.8377628907521,83.634072,0.0537,73.152,869.7090631,798.1449938,82.515456,0.0567,796.5570631,45.459404,46.08576,47.28322,47.10313,45.31646,45.729282,46.224712,46.247593,44.29275,44.172768,44.73644,46.655376,47.997795,49.259827,50.10195,50.372597,49.449818,49.742172,51.964077,50.76003,51.09697,51.37188,51.80729,52.345554,57.381577,57.299095,56.728703,57.28954,57.32952,57.431793,57.26536,57.669724,55.627907,821.1357,821.1562,820.7117,821.3126,822.06555,821.9207,821.429,821.07587,821.50336,821.7086,821.51904,820.02277,820.4052,819.0448,817.5246,817.7889,816.85626,816.67065,815.78784,815.16046,814.7083,814.6967,813.8654,813.1999,813.34766,812.99994,813.4698,813.08246,813.17456,813.01843,813.186,812.972,812.498,23.29791826159169,23.31842607409169,22.87390703112294,23.47485917956044,24.22778886706044,24.08295244127919,23.59125322252919,23.23810380846669,23.66559404284169,23.87085527331044,23.68128007799794,22.18500322252919,22.56744951159169,21.20703691393544,19.68683427721669,19.95111650377919,19.01849931627919,18.83289140612294,17.95007890612294,17.32269853502919,16.87055009752919,16.85895341784169,16.02765458971669,15.36212724596669,15.50989335924794,15.16217607409169,15.63202470690419,15.24469560534169,15.33679765612294,15.18066972643544,15.34821123034169,15.13422197252919,14.66022294909169,other,other,other,other,other,other,other,other,other,other,other,other,other,other,other,other,other,17,0,0,0,0,0,0,0,0,0,0,0,0,0,0,0,0,0,0,0,0,0,0,0,0,0
grid264,-100.5669781175,39.46271297458333,22,21,grid26,0,0.0,798.971436327744,68.372736,0.0471,75.5904,873.5228166,799.6970479,72.652128,0.0607,797.9324166,41.703598,41.97872,44.27592,44.879494,41.44058,41.47965,41.7859,41.933437,42.030125,41.61948,42.22168,43.025333,43.030006,43.85547,44.639446,44.66346,42.414597,42.823177,44.763706,43.566086,43.814167,44.056686,44.261826,44.827274,50.96126,50.946434,50.935055,51.01847,51.048954,51.269127,50.941532,51.187954,47.868576,825.8644,826.343,825.62964,823.9472,826.5793,826.5586,826.2731,825.1442,826.1546,825.5959,825.99164,824.96075,825.0462,823.89105,823.124,822.3054,821.6483,821.2665,821.1336,820.2488,819.99,819.8312,819.42957,818.74554,818.85126,818.7519,818.7116,818.7905,818.6542,818.37994,818.6775,818.3662,817.51306,26.89294355506854,27.37158125038104,26.65820234413104,24.97576826209979,27.60784834022479,27.58715742225604,27.30163496131854,26.17278974647479,27.18316572303729,26.62444990272479,27.02020185584979,25.98931806678729,26.07476728553729,24.91961591834979,24.15258710975604,23.33398359413104,22.67687910194354,22.29504316444354,22.16216962928729,21.27734296913104,21.01855390663104,20.85974043006854,20.45812910194354,19.77410810584979,19.87982099647479,19.78045576209979,19.74017255897479,19.81909101600604,19.68273847694354,19.40850751991229,19.70605390663104,19.39477460975604,18.54162519569354,other,other,other,other,other,other,other,other,other,other,other,other,other,other,other,other,other,17,0,0,0,0,0,0,0,0,0,0,0,0,0,0,0,0,0,0,0,0,0,0,0,0,0
grid265,-100.56697106249999,39.455473115416666,22,20,grid27,5,0.2631578947368421,799.484670116616,69.451728,0.052,75.5904,873.5228166,799.6970479,72.652128,0.0607,797.9324166,42.190487,43.354767,44.83736,45.354362,42.854374,42.867245,43.217667,42.52145,43.180656,41.928986,43.349506,44.17344,44.202133,45.056896,45.833893,45.955475,43.53203,43.92244,45.856567,44.735573,45.021107,45.263348,45.512142,46.075424,51.67771,51.542515,51.519295,51.60179,51.629333,52.045856,51.56317,51.845753,49.00899,825.2277,825.36914,824.75806,823.46783,825.62646,825.6527,825.37885,824.3907,825.0441,824.9857,824.96985,823.60754,823.97,822.7693,821.73553,821.3726,820.6686,820.2912,819.89636,819.2115,818.9565,818.87756,818.3428,817.6371,818.09033,817.9338,817.9745,818.14856,818.0177,817.70435,818.0136,817.658,816.46716,25.74305205135272,25.88447050838397,25.27338652400897,23.98316435604022,26.14179472713397,26.16803984432147,25.89417509822772,24.90601591854022,25.55945830135272,25.50104765682147,25.48517851619647,24.12287382869647,24.48530058650897,23.28461699275897,22.25086455135272,21.88794951229022,21.18390898494647,20.80652861385272,20.41169218807147,19.72681669979022,19.47181181697772,19.39289335994647,18.85810332088397,18.15241484432147,18.60566191463397,18.44910673885272,18.48981718807147,18.66388945369647,18.53303007869647,18.21967558650897,18.52894072322772,18.17334990291522,16.98249296932147,wheat,fallow,wheat,wheat,corn,fallow,wheat,corn,fallow,wheat,corn,fallow,wheat,sorghum,corn,fallow,wheat,0,7,0,0,0,1,0,0,0,0,0,1,0,1,0,0,0,1,0,0,0,0,0,0,1,1
grid266,-100.5669640075,39.448233256250006,22,19,grid27,16,0.8421052631578947,799.78987939596,70.765416,0.0567,75.5904,873.5228166,799.6970479,72.652128,0.0607,797.9324166,44.615,43.943363,45.37464,45.813164,43.411823,43.464115,43.849857,44.706184,43.803432,44.15807,43.9706,44.5917,44.570644,45.41982,46.292374,48.283062,46.12313,46.421474,49.51348,47.32946,47.635174,47.857517,48.145355,48.70497,52.648003,52.576324,52.48468,52.657936,52.7211,53.098026,52.657475,52.96004,52.47956,824.038,824.57794,823.9275,823.0079,824.88257,824.92,824.6439,823.68134,824.3043,823.95667,824.2962,822.68555,823.2482,822.0067,820.73865,820.7996,820.0894,819.6127,819.0931,818.56335,818.2557,818.28406,817.63214,816.9126,817.20575,817.0269,817.2326,817.5175,817.39825,817.0434,817.3643,816.9697,815.60126,24.248145506383707,24.788062498571207,24.137610838414957,23.217994139196207,25.092688963414957,25.130103514196207,24.854041502477457,23.891456053258707,24.514441893102457,24.166785643102457,24.506324217321207,22.895667479039957,23.458350584508707,22.216834471227457,20.948768064977457,21.009742186071207,20.299537107946207,19.822791502477457,19.303199217321207,18.773475096227457,18.465796873571207,18.494178221227457,17.842261717321207,17.122718260289957,17.415870115758707,17.237037107946207,17.442725584508707,17.727637693883707,17.608374998571207,17.253516600133707,17.574439451696207,17.179847166539957,15.811377928258707,other,other,corn,wheat,corn,corn,other,corn,corn,wheat,corn,sorghum,corn,fallow,corn,other,corn,4,2,1,0,1,1,1,1,1,1,1,1,1,1,0,1,1,0,1,1,0,1,1,1,1,1
grid267,-100.56695695249999,39.44099339708334,22,18,grid27,18,0.9473684210526315,799.697047852896,72.652128,0.0607,75.5904,873.5228166,799.6970479,72.652128,0.0607,797.9324166,45.18971,45.384266,45.904053,46.268883,44.867577,44.98065,45.357754,45.34761,44.412735,44.52072,44.578785,46.07917,46.106743,46.99701,47.9117,48.688587,47.952126,47.35086,50.050888,49.183975,48.75869,49.757633,50.041897,50.614273,54.401165,54.349678,55.397015,54.431805,54.494026,55.77424,54.394047,54.72992,53.268177,823.3125,823.76337,823.12225,822.56384,824.1509,824.1908,823.8953,823.0091,823.61664,823.3271,823.66473,821.7579,822.5059,821.2227,819.73975,820.0963,819.22266,818.8533,818.2949,817.63965,817.40845,817.40955,816.64197,815.9179,816.5005,816.31506,816.61926,817.00226,816.89276,816.4993,816.82776,816.3994,814.776,23.61545214710395,24.0663188463227,23.4252055650727,22.86679492054145,24.45383105335395,24.49374804554145,24.1982768541352,23.3120463853852,23.9195903306977,23.6300395494477,23.9676860338227,22.0608256822602,22.8088725572602,21.5256694322602,20.04269824085395,20.39926562366645,19.52560839710395,19.15622363147895,18.59787402210395,17.94260058460395,17.71139941272895,17.71249804554145,16.94491992054145,16.2208598619477,16.80344042835395,16.61801562366645,16.92221484241645,17.3052104478852,17.1957133775727,16.8022807603852,17.13071093616645,16.70236620960395,15.078953123666452,corn,corn,corn,corn,corn,corn,corn,sorghum,sorghum,corn,corn,corn,sorghum,corn,corn,wheat,corn,0,1,1,1,1,1,1,1,1,1,1,1,1,1,1,1,1,1,1,1,1,0,1,1,1,1
grid268,-100.56694226611978,39.41928438502604,22,15,grid28,15,0.7894736842105263,798.14499375,82.51545600000001,0.0567,73.152,869.7090631,798.1449938,82.515456,0.0567,796.5570631,44.739918,45.735584,46.376495,46.717403,44.98934,45.36535,45.8385,45.23257,44.15364,43.976044,44.499672,46.253754,47.84754,49.104618,49.91988,49.899406,49.34919,49.50191,51.393166,50.647354,50.972363,51.2477,51.684418,52.229,57.223328,57.168022,56.624916,57.16347,57.2072,57.280437,57.138187,57.53423,55.03645,821.5992,821.51556,821.0086,821.4473,822.26184,822.2118,821.78455,821.2111,821.73517,822.0116,821.8176,819.94165,820.7622,819.3977,817.78564,818.0604,817.2022,816.9459,816.05975,815.5052,815.1069,815.1609,814.2764,813.5866,813.8707,813.5993,813.9594,813.74524,813.7923,813.5707,813.7975,813.52026,812.76605,23.454188378906224,23.370570214843724,22.863612207031224,23.302332910156224,24.116847070312474,24.066798242187474,23.639552148437474,23.066126855468724,23.590174707031224,23.866602929687474,23.672633203124974,21.796656640624974,22.617213281249974,21.252711328124974,19.640650781249974,19.915431054687474,19.057215722656224,18.800929101562474,17.914759667968724,17.360194238281224,16.961878808593724,17.015894921874974,16.131434472656224,15.441615136718724,15.725733789062474,15.454310449218724,15.814417871093724,15.600245507812474,15.647303613281224,15.425684960937474,15.652491601562474,15.375269921874974,14.621058496093724,sorghum,corn,corn,corn,corn,corn,corn,wheat,sorghum,corn,corn,sorghum,sorghum,sorghum,sorghum,corn,corn,0,1,1,1,1,1,1,1,1,1,1,1,1,1,1,1,1,1,1,1,1,1,0,0,0,0
grid269,-100.56690027117187,39.426530158515625,22,16,grid27,9,0.47368421052631576,798.718986620808,81.24444000000001,0.0614,77.724,871.1058077,797.1699835,77.629512,0.0589,793.3818077,45.39523,45.869537,46.935066,46.425175,45.17897,45.491653,45.93701,45.869995,43.806553,43.960197,44.325886,46.178528,46.150066,47.070835,48.19284,49.66248,47.89666,48.29627,51.036476,49.179047,50.01592,49.86791,50.189404,50.84025,55.735405,55.499138,56.494812,55.486412,55.533607,57.089634,55.457287,55.871037,54.496838,822.3447,822.0999,821.58514,821.6958,822.6938,822.7951,822.43164,821.6684,822.1962,822.59045,822.34326,820.38104,821.2373,819.885,818.09155,818.6223,817.8245,817.4829,816.6765,816.15247,815.7547,815.9034,815.01355,814.30566,814.62897,814.38995,814.6907,814.6921,814.68567,814.3715,814.6761,814.3381,813.33417,23.625739941692018,23.380927929973268,22.866157422160768,22.976814160442018,23.974800000285768,24.076118359660768,23.712654004192018,22.949409375285768,23.477241406535768,23.871467480754518,23.624275097942018,21.662055859660768,22.518318066692018,21.166023144817018,19.372566113567018,19.903327832317018,19.105537304973268,18.763923535442018,17.957527051067018,17.433479199504518,17.035713086223268,17.184394726848268,16.294563183879518,15.586677441692018,15.909980664348268,15.670966992473268,15.971687207317018,15.973091015910768,15.966682324504518,15.652534375285768,15.957099804973268,15.619087109660768,14.615180859660768,corn,corn,corn,corn,other,corn,corn,corn,other,sorghum,corn,corn,sorghum,corn,wheat,corn,corn,2,1,1,1,1,1,1,1,1,1,0,0,0,1,1,1,0,0,0,0,1,0,1,0,1,0
grid270,-100.56685827622397,39.433775932005204,22,17,grid27,19,1.0,799.2781710945121,77.248512,0.0628,72.5424,873.5228166,799.6970479,72.652128,0.0607,800.9804166,44.81677,45.238068,46.42504,46.721924,44.58087,44.847992,45.255596,45.25156,43.685394,43.638065,43.89275,45.81791,45.825493,46.75423,47.812237,48.015152,45.911316,46.295933,49.404026,47.2395,47.614067,47.883537,48.185844,48.773834,55.38886,55.22202,55.740562,55.2106,55.262936,56.2486,55.17044,55.56744,52.891357,823.0055,822.8084,822.27936,822.0685,823.271,823.4015,823.0819,822.2225,822.70013,823.1176,822.88544,821.00055,821.8546,820.539,818.79407,819.2183,818.47015,818.1134,817.34314,816.833,816.5956,816.6104,815.76355,815.0403,815.4846,815.2753,815.55194,815.7503,815.692,815.3218,815.6599,815.2713,813.9431,23.727322069550382,23.530239550019132,23.001186815644132,22.790310350800382,23.992824999237882,24.123318163300382,23.803738085175382,22.944302050019132,23.421963182831632,23.839443651581632,23.607265917206632,21.722378221894132,22.576443163300382,21.260830370331632,19.515896288300382,19.940151659394132,19.191982714081632,18.835232225800382,18.064968553925382,17.554836717987882,17.317409960175382,17.332241503144132,16.485378710175382,15.762112108612882,16.206448046112882,15.997158495331632,16.273769823456632,16.472134081269132,16.413845507050382,16.043606249237882,16.381741014862882,15.993130175019132,14.664944139862882,corn,corn,corn,corn,corn,corn,corn,corn,corn,wheat,corn,other,corn,corn,corn,other,corn,2,1,1,1,1,1,1,1,1,1,1,1,1,1,1,1,1,1,1,1,1,1,1,1,1,1
grid271,-100.55800897361978,39.35406454530382,23,6,grid29,6,0.3157894736842105,794.525828612424,63.310008,0.0674,78.6384,871.7051686,792.5985416,63.943992,0.0511,793.0667686,42.974976,43.72624,43.371273,47.14381,43.199284,43.446297,44.242077,42.82547,42.36931,43.54867,42.69851,43.193275,43.409595,46.879845,45.49587,45.578136,46.072006,45.777573,46.130566,47.04833,46.93405,47.2111,47.538246,48.022865,52.005733,52.370674,53.452274,52.41768,52.428234,53.63976,52.22472,52.49033,49.427887,824.63513,824.4038,824.3826,824.55,825.2607,824.6015,824.3006,824.03217,824.23645,823.45593,822.84045,822.86395,822.3895,821.24976,820.4303,820.0374,819.8181,819.5252,818.97943,818.5241,818.2604,817.98035,817.5824,817.1405,816.99915,816.5951,816.3181,816.14026,816.07666,815.6498,816.0891,815.8762,815.63116,30.109303223513507,29.877979981326007,29.856800782107257,30.024159180544757,30.734852539919757,30.075672852419757,29.774769532107257,29.506336914919757,29.710621582888507,28.930104004763507,28.314625489138507,28.338124024294757,27.863697754763507,26.723927246951007,25.904469239138507,25.511585938357257,25.292286621951007,24.999378907107257,24.453602539919757,23.998280274294757,23.734547364138507,23.454518067263507,23.056568848513507,22.614674317263507,22.473316895388507,22.069264161013507,21.792286621951007,21.614430176638507,21.550831543826007,21.123951661013507,21.563282715701007,21.350392090701007,21.105335938357257,other,corn,fallow,wheat,corn,corn,fallow,wheat,corn,fallow,wheat,corn,corn,corn,corn,corn,corn,1,3,0,0,0,0,0,1,0,0,1,0,0,0,1,0,0,0,0,1,0,1,0,0,0,1
grid272,-100.55796709210938,39.361308881328114,23,7,grid29,0,0.0,793.9506451166161,61.74028800000001,0.0618,78.6384,871.7051686,792.5985416,63.943992,0.0511,793.0667686,43.58173,44.790268,44.484432,47.4755,44.29056,43.713745,44.955116,43.412403,42.85266,43.96602,43.151012,43.797062,44.019196,47.498634,46.078434,46.167168,46.81948,46.937325,47.453747,47.847084,48.11425,48.39443,48.749733,49.248035,52.562595,52.790253,53.883522,52.82309,52.831306,54.198547,52.656883,52.949806,50.21082,823.74097,823.82733,823.8559,823.7902,824.7342,824.1717,823.4856,823.2364,823.5687,822.6376,822.3136,822.50494,821.35004,820.12646,820.0627,819.6078,819.3252,818.98047,818.5169,817.9378,817.6132,817.302,816.85474,816.3989,815.92,815.4507,815.37994,815.15063,815.1014,814.6693,815.11346,814.9048,814.60986,29.7903216802589,29.87668642635265,29.90525087947765,29.83957705135265,30.78354677791515,30.22104677791515,29.5349505865089,29.28574404354015,29.6180804693214,28.6869281255714,28.3629535161964,28.55429873104015,27.39939150447765,26.1758197271339,26.11203798885265,25.6571429693214,25.3745501958839,25.0298236333839,24.56626162166515,23.98716005916515,23.66257509822765,23.3513568365089,22.9040912115089,22.4482806646339,21.96933779354015,21.5000384771339,21.42929873104015,21.1999896490089,21.15073427791515,20.7186664068214,21.16281923885265,20.9541400396339,20.6592181646339,corn,fallow,wheat,corn,fallow,wheat,corn,fallow,corn,fallow,wheat,corn,corn,corn,corn,fallow,wheat,0,4,0,0,0,0,0,0,0,0,0,0,0,0,0,0,0,0,0,0,0,0,0,0,0,0
grid273,-100.55792521059895,39.36855321735243,23,8,grid29,18,0.9473684210526315,793.5235828109761,60.088271999999996,0.0562,78.6384,871.7051686,792.5985416,63.943992,0.0511,793.0667686,43.30006,44.174774,44.78678,46.756516,43.556686,43.922565,44.319504,43.211918,43.514675,43.046967,43.80525,44.329258,44.375385,47.795494,46.602795,46.643387,47.268337,47.444225,48.06308,48.374393,48.690144,48.941807,49.314106,49.80469,53.091652,53.200127,54.196922,53.212994,53.218704,54.636562,53.073215,53.391506,50.958622,822.7183,822.7439,822.55023,822.64685,823.57935,822.92694,822.4444,822.6146,822.70856,821.6891,821.72473,821.55963,820.5639,819.5039,819.08356,818.6401,818.43787,818.0856,817.4989,816.98456,816.60706,816.3286,815.8477,815.36774,814.933,814.46924,814.69446,814.14276,814.11414,813.9438,814.1193,813.9223,813.6221,29.19473994293014,29.22031367339889,29.02664912261764,29.12326777496139,30.05576289214889,29.40335810699264,28.92081416168014,29.09104121246139,29.18497431793014,28.16550410308639,28.20114863433639,28.03604853668014,27.04032099761764,25.98032343902389,25.55997431793014,25.11649287261764,24.91428339996139,24.56198847808639,23.97531855621139,23.46097529449264,23.08347285308639,22.80503047027389,22.32413447418014,21.84415400543014,21.40940058746139,20.94565547027389,21.17087519683639,20.61917841949264,20.59055293121139,20.42020381011764,20.59574091949264,20.39871943511764,20.09848750152389,fallow,corn,corn,corn,corn,corn,corn,corn,corn,corn,corn,corn,corn,corn,corn,corn,soybeans,0,0,1,1,1,1,1,1,1,1,1,0,1,1,1,1,1,1,1,1,1,1,1,1,1,1
grid274,-100.55788332908854,39.37579755337674,23,9,grid29,19,1.0,792.7021631848321,55.64124,0.0525,86.2584,877.4987456,792.706535,69.320664,0.0591,791.2403456,43.7225,44.696346,45.267517,47.009308,44.06268,44.427795,44.858536,43.64918,44.161003,43.323452,44.430027,47.183205,47.40013,48.07996,48.550858,47.721592,47.706394,47.957977,49.26062,48.88893,49.230724,49.47527,49.864525,50.347713,53.610657,53.603245,54.518814,53.6327,53.635902,55.0734,53.521034,53.866253,54.099304,821.8235,821.8785,821.692,821.9023,822.74274,822.15485,821.6527,821.81744,821.98505,820.9952,821.1802,820.84875,820.5402,818.9125,818.4539,818.14905,817.5848,817.1982,816.9537,816.0745,815.68604,815.3988,814.88635,814.38153,813.99475,813.54254,813.9103,813.3077,813.306,813.1661,813.30365,813.12317,813.14264,29.121323143292898,29.176315819074148,28.989853416730398,29.200119530011648,30.040573631574148,29.452683006574148,28.950546776105398,29.115280662824148,29.282883201886648,28.293015037824148,28.478012596417898,28.146591697980398,27.838058983136648,26.210312401105398,25.751755272199148,25.446884666730398,24.882614647199148,24.496017967511648,24.251511131574148,23.372360740949148,22.983871971417898,22.696640526105398,22.184189354230398,21.679367576886648,21.292587791730398,20.840378319074148,21.208115135480398,20.605515037824148,20.603867088605398,20.463913475324148,20.601486717511648,20.421005760480398,20.440475975324148,fallow,corn,corn,corn,corn,corn,corn,corn,corn,corn,corn,corn,corn,corn,corn,soybeans,corn,0,0,1,1,1,1,1,1,1,1,1,1,1,1,1,1,1,1,1,1,1,1,1,1,1,1
grid275,-100.55784144757813,39.383041889401035,23,10,grid28,19,1.0,792.434533008384,56.531256,0.054,86.2584,877.4987456,792.706535,69.320664,0.0591,791.2403456,44.108856,46.745678,45.721256,47.25016,46.1471,46.46501,46.919582,44.062485,45.236294,45.25025,45.52973,46.30835,46.434223,48.83723,48.443428,49.88793,49.24998,49.455227,51.26436,50.429913,50.74424,51.027805,51.435337,51.95553,55.328423,55.252785,54.815693,55.254044,55.267868,55.474606,55.18626,55.57271,54.56274,820.9507,820.9195,820.84204,821.18176,821.8349,821.31537,820.7927,821.0503,820.89,820.2935,820.3017,819.9225,819.72235,818.2172,817.4866,816.92017,816.409,816.0657,815.5629,814.8442,814.4761,814.16156,813.59485,813.05505,813.4396,812.9679,813.08453,812.8066,812.84216,812.3849,812.8353,812.6909,812.10065,28.51615058536595,28.4849616205222,28.40750800724095,28.74722968692845,29.4003668939597,28.8808356439597,28.35819160099095,28.61575996036595,28.45548164005345,27.8589850580222,27.8671637689597,27.48795234317845,27.2878180658347,25.7826911127097,25.05203925724095,24.48563300724095,23.9744635736472,23.63114081974095,23.1283942377097,22.4096442377097,22.04154121036595,21.7270270502097,21.16031562442845,20.62052070255345,21.00504218692845,20.53336249942845,20.6500006830222,20.3720465814597,20.40763007755345,19.95035468692845,20.40079414005345,20.25638496036595,19.6661139642722,fallow,corn,corn,corn,other,corn,corn,corn,sorghum,sorghum,corn,soybeans,corn,corn,corn,corn,soybeans,1,0,1,1,1,1,1,1,1,1,1,1,1,1,1,1,1,1,1,1,1,1,1,1,1,1
grid276,-100.5577995660677,39.39028622542535,23,11,grid28,14,0.7368421052631579,792.70653501048,69.32066400000001,0.0591,86.2584,877.8887333,793.465205,81.527904,0.0601,791.6303333,44.482628,46.951942,46.176537,47.49509,46.34511,46.648354,47.120632,44.47802,45.453953,45.347332,45.726074,46.437065,46.53381,49.356026,48.56716,50.02166,49.457897,49.696922,51.45697,50.684013,51.01222,51.287884,51.70686,52.22476,55.737038,55.56252,55.108288,55.557518,55.56863,55.8684,55.510063,55.913624,54.85975,820.0463,820.01953,819.9452,820.4378,821.0206,820.5766,820.0225,820.2672,820.2162,819.70874,819.7812,819.1877,819.0295,817.4579,816.7234,816.23193,815.648,815.31146,814.72876,814.04156,813.55334,813.3329,812.74164,812.1774,812.5439,812.1061,812.2688,811.99646,812.0722,811.6449,812.0492,811.9314,811.3375,27.339790673113725,27.312996239519975,27.238655419207475,27.731270165301225,28.314094872332475,27.870064110613725,27.315986962176225,27.560676903582475,27.509651512957475,27.002205223894975,27.074653954363725,26.481148094988725,26.322944969988725,24.751350731707475,24.016853661394975,23.525398583269975,22.941475243426225,22.604927391863725,22.022224755144975,21.335029930926225,20.846809716082475,20.626350731707475,20.035103173113725,19.470894188738725,19.837349266863725,19.399544091082475,19.562263817644975,19.289924950457475,19.365669579363725,18.938362450457475,19.342659325457475,19.224861473894975,18.630989403582475,corn,corn,corn,soybeans,corn,corn,sorghum,corn,wheat,corn,corn,corn,corn,corn,corn,corn,corn,0,1,1,1,1,1,1,1,1,1,1,0,0,1,1,1,1,1,0,0,1,1,1,1,1,0
grid277,-100.55777720805555,39.47719044097223,23,23,grid26,17,0.8947368421052632,793.1865367174801,64.40424,0.0441,57.912,863.4665253,810.3881162,103.817928,0.0659,805.5545253,40.088066,41.21625,40.412117,41.49753,40.71678,40.69258,40.95624,40.103035,40.953487,39.711548,41.169216,42.296658,42.410225,43.23823,43.82456,44.130894,41.617634,41.924976,43.714436,42.621475,42.81802,43.09071,43.23628,43.831326,46.431873,46.31645,46.3728,46.482327,46.456276,46.854305,46.338722,46.623558,46.172714,824.4562,825.4624,825.1116,823.4737,825.69385,825.55634,825.34766,824.00903,825.2226,824.33905,824.9535,824.3694,824.0746,822.90466,822.63116,821.0718,820.4897,820.02924,820.2713,819.26404,819.0452,818.6846,818.56415,817.84235,818.0645,818.12823,818.0669,818.0496,817.94073,817.7092,817.94214,817.6826,816.87494,31.269640040332433,32.27586562626993,31.925035548144933,30.287157130176183,32.50731093876993,32.36979873173868,32.16111953251993,30.822496485644933,32.03605849736368,31.152513575488683,31.766954493457433,31.182848048144933,30.888048243457433,29.718126368457433,29.444627833301183,27.885240626269933,27.303148341113683,26.842699122363683,27.084764552051183,26.077501368457433,25.858690333301183,25.498033595019933,25.377611231738683,24.655809473926183,24.877977442676183,24.941698145801183,24.880357813769933,24.863084864551183,24.754198145801183,24.522691798144933,24.755601954394933,24.496080470019933,23.688402247363683,wheat,corn,corn,corn,corn,corn,corn,corn,sorghum,wheat,corn,corn,sorghum,sorghum,other,other,other,3,2,1,1,1,0,1,1,1,1,1,1,1,1,1,1,1,1,1,0,1,0,1,1,1,1
grid278,-100.55777214749999,39.46995078791667,23,22,grid26,18,0.9473684210526315,794.034658594512,68.394072,0.0424,75.5904,873.5228166,799.6970479,72.652128,0.0607,797.9324166,41.586582,41.739124,43.905903,44.61606,41.215435,41.216022,41.51098,41.65229,41.553375,41.51624,41.763805,42.698708,42.761566,43.58501,44.264637,44.456295,41.994953,42.352768,44.20682,43.06921,43.311333,43.55301,43.72407,44.30628,47.9901,47.909294,47.908737,48.0234,48.00188,48.341995,47.89743,48.190807,46.935238,823.95416,824.7661,824.1976,822.1873,825.0118,824.89056,824.6547,823.36096,824.611,823.746,824.37866,823.62854,823.4608,822.3034,821.84344,820.5127,819.88025,819.4054,819.60675,818.5784,818.30676,818.03534,817.81165,817.0984,817.1431,817.14484,817.0356,817.0759,816.95154,816.708,816.99915,816.7191,815.9726,29.919504003144198,30.731454686737948,30.162912206269198,28.152658300019198,30.977121190644198,30.855905370331698,30.620065526581698,29.326303319550448,30.576364354706698,29.711313085175448,30.344003514862948,29.593881444550448,29.426156835175448,28.268747167206698,27.808786229706698,26.478036717987948,25.845590428925448,25.370736913300448,25.572091893769198,24.543771581269198,24.272104100800448,24.000680760956698,23.776986913300448,23.063730077362948,23.108468846894198,23.110177831269198,23.000924901581698,23.041269139862948,22.916879491425448,22.673349217987948,22.964486913300448,22.684457616425448,21.937936620331698,wheat,corn,corn,corn,sorghum,other,other,other,other,other,other,other,other,corn,corn,corn,sorghum,8,1,1,1,0,0,1,1,1,1,1,0,1,1,1,1,1,1,1,1,1,1,1,1,1,1
grid279,-100.55776708694444,39.46271113486112,23,21,grid26,0,0.0,795.373069922256,67.668648,0.0458,75.5904,873.5228166,799.6970479,72.652128,0.0607,797.9324166,42.038265,42.286034,44.44316,45.067093,41.735924,41.76474,42.092297,42.19376,42.178223,41.806843,42.3829,43.11443,43.124443,43.94295,44.73694,44.806767,42.40512,42.817383,44.73886,43.554996,43.80726,44.0548,44.252552,44.82092,49.6094,49.49884,49.504787,49.61433,49.60017,49.970005,49.5126,49.827328,47.73476,823.4072,824.0213,823.3616,821.7231,824.2959,824.1848,823.9295,822.719,823.95557,823.1672,823.7693,822.83405,822.8107,821.6497,820.95856,819.8759,819.1956,818.71704,818.8622,817.824,817.5574,817.32306,816.98834,816.28015,816.5191,816.5184,816.4821,816.5877,816.4631,816.2027,816.4714,816.1653,815.1408,28.034156640243964,28.648231347275214,27.988502343368964,26.350013573837714,28.922828515243964,28.811744530868964,28.556434472275214,27.345924218368964,28.582496483993964,27.794105370712714,28.396217187118964,27.460975487900214,27.437660058212714,26.276649316025214,25.585487206650214,24.502845605087714,23.822547753525214,23.343971093368964,23.489112694931464,22.450904687118964,22.184303124618964,21.949989159775214,21.615272362900214,20.907081444931464,21.146034081650214,21.145301659775214,21.109046776962714,21.214637597275214,21.090003808212714,20.829627831650214,21.098304589462714,20.792213280868964,19.767738183212714,other,other,other,other,other,other,other,other,other,other,other,other,other,other,other,other,other,17,0,0,0,0,0,0,0,0,0,0,0,0,0,0,0,0,0,0,0,0,0,0,0,0,0
grid280,-100.55776202638889,39.45547148180556,23,20,grid27,0,0.0,796.3577167972561,71.30796,0.0503,75.5904,873.5228166,799.6970479,72.652128,0.0607,797.9324166,44.19685,43.561867,45.00037,45.538284,43.044365,43.055935,43.422256,44.167244,42.836456,43.881042,43.035027,43.550446,43.50495,44.318306,45.196194,46.227238,43.957954,44.367065,45.26166,45.17883,45.4536,45.66492,45.922504,46.463924,50.371662,50.13266,50.126293,50.234013,50.218346,50.793766,50.174778,50.523773,48.583096,822.5151,823.1142,822.49115,821.2386,823.4276,823.358,823.0983,822.1052,823.2629,822.3394,823.1272,821.99854,822.12573,820.9463,820.08527,819.2035,818.4959,818.01,818.11945,817.0661,816.7898,816.60767,816.1663,815.434,815.7392,815.67303,815.70715,815.89575,815.7792,815.4796,815.75635,815.4188,814.2769,26.157358886337647,26.756479980087647,26.133433105087647,24.880869628525147,27.069895507431397,27.000254394150147,26.740610839462647,25.747507812118897,26.905161620712647,25.981699706650147,26.769480468368897,25.640818358993897,25.768015624618897,24.588572265243897,23.727549316025147,22.845774413681397,22.138193847275147,21.652292968368897,21.761729003525147,20.708384276962647,20.432078124618897,20.249949218368897,19.808604003525147,19.076304198837647,19.381479980087647,19.315317870712647,19.349436523056397,19.538035155868897,19.421458007431397,19.121897460556397,19.398630858993897,19.061106444931397,17.919199706650147,other,other,other,other,other,other,other,other,other,other,other,other,other,other,other,other,other,17,0,0,0,0,0,0,0,0,0,0,0,0,0,0,0,0,0,0,0,0,0,0,0,0,0
grid281,-100.55775768455729,39.39753056144965,23,12,grid28,19,1.0,793.46520497904,81.527904,0.0601,86.2584,877.8887333,793.465205,81.527904,0.0601,791.6303333,45.841812,46.9928,47.60643,47.707253,46.399742,46.70205,47.18655,46.186234,45.63676,45.381664,45.890797,46.540825,46.612633,49.338226,48.68169,50.14517,49.646816,49.82986,51.636482,50.913544,51.18799,51.521744,51.951614,52.46718,55.892536,55.711117,56.705273,55.72253,55.76034,57.398502,55.743313,56.143684,55.141262,819.3043,819.27466,819.1858,819.78766,820.38776,820.0097,819.41626,819.5146,819.6644,819.29767,819.3471,818.5765,818.43555,816.95325,815.9824,815.6205,814.9622,814.5844,813.9427,813.32086,812.8796,812.57855,811.9709,811.3849,811.38275,811.06573,811.24,811.0252,811.151,810.7541,811.11487,811.0269,810.61456,25.83911631002252,25.80945322408502,25.72058603658502,26.32245371236627,26.92255136861627,26.54449961080377,25.95105478658502,26.04938242330377,26.19922373189752,25.83246347799127,25.88190195455377,25.11127207174127,24.97034189596002,23.48804209127252,22.51721689596002,22.15527841939752,21.49701425924127,21.11920664205377,20.47748300924127,19.85565683736627,19.41437265767877,19.11334726705377,18.50568125142877,17.91968271627252,17.91754648580377,17.60052988424127,17.77478525533502,17.56000254049127,17.68579599752252,17.28888437642877,17.64966318502252,17.56171152486627,17.14935800924127,corn,corn,corn,corn,corn,corn,corn,corn,corn,corn,corn,corn,corn,corn,corn,corn,corn,0,0,1,1,1,1,1,1,1,1,1,1,1,1,1,1,1,1,1,1,1,1,1,1,1,1
grid282,-100.55775696583335,39.44823182875001,23,19,grid27,0,0.0,797.3896662121441,76.114656,0.0543,75.5904,873.5228166,799.6970479,72.652128,0.0607,797.9324166,44.767418,44.13858,45.531864,45.991207,43.590473,43.641705,44.043423,44.802765,43.974476,44.242867,44.150883,44.691998,44.676544,45.519394,46.402016,48.288494,45.954185,46.2962,46.372257,47.151035,47.50465,47.686893,47.964077,48.529007,51.440098,51.25344,51.187054,51.386738,51.408775,51.96285,51.374447,51.749157,49.70508,821.7976,822.3127,821.66656,820.78094,822.68854,822.6294,822.3498,821.4365,822.09076,821.68365,822.0262,820.6346,820.97943,819.75464,818.6341,818.45166,817.75964,817.25995,816.79456,816.26074,815.94366,815.86383,815.3065,814.58777,814.8091,814.8119,814.99274,815.27094,815.176,814.833,815.1241,814.7664,813.2836,24.407941209730893,24.923016893324643,24.276898729262143,23.391278612074643,25.298871385512143,25.239728319105893,24.960126268324643,24.046857225355893,24.701093065199643,24.293988573012143,24.636517869887143,23.244916307387143,23.589764940199643,22.364972459730893,21.244428026137143,21.061993944105893,20.369977342543393,19.870282518324643,19.404889451918393,18.871075975355893,18.553998338637143,18.474164354262143,17.916852342543393,17.198102342543393,17.419415819105893,17.422223436293393,17.603070604262143,17.881268846449643,17.786359178480893,17.443341600355893,17.734418260512143,17.376752244887143,15.893964158949643,other,other,other,other,other,other,other,other,other,other,other,other,other,other,other,other,other,17,0,0,0,0,0,0,0,0,0,0,0,0,0,0,0,0,0,0,0,0,0,0,0,0,0
grid283,-100.55775190527778,39.44099217569445,23,18,grid27,16,0.8421052631578947,797.169983495808,77.629512,0.0589,77.724,871.1058077,797.1699835,77.629512,0.0589,793.3818077,45.333534,45.50166,46.054394,46.441414,44.968304,45.07609,45.46883,45.428413,43.989635,44.134914,44.18582,46.17618,46.237534,47.17078,48.0892,48.366676,46.175465,46.493145,48.411983,47.41549,47.735752,48.007866,48.301743,48.88621,53.046436,52.901875,55.201885,53.042522,53.061707,55.575596,52.986557,53.39052,51.468487,821.08795,821.47,820.87067,820.59424,821.9501,821.88965,821.57166,820.80133,821.4117,821.066,821.38684,820.11707,820.56946,819.3298,818.0499,817.73016,817.07477,816.5749,816.4159,815.50665,815.1934,815.12555,814.47644,813.7657,813.9537,813.94116,814.17944,814.4782,814.4052,814.0354,814.33154,813.97076,812.93536,23.91796816434828,24.29998720731703,23.70068300809828,23.42425478544203,24.78008974637953,24.71966494169203,24.40167177762953,23.63134707059828,24.24169863309828,23.89599550809828,24.21685732450453,22.94708193387953,23.39947451200453,22.15978945341078,20.87994326200453,20.56018007841078,19.90478457059828,19.40490664091078,19.24591005887953,18.33666933622328,18.02343691434828,17.95556582059828,17.30645693387953,16.59570253934828,16.78369082059828,16.77117861356703,17.00945986356703,17.30822695341078,17.23522890653578,16.86541689481703,17.16155947294203,16.80078066434828,15.76538027372328,wheat,wheat,other,other,other,other,other,other,other,corn,other,corn,corn,corn,sorghum,corn,wheat,8,3,0,1,1,1,1,1,1,0,1,0,1,1,1,1,1,1,0,1,1,1,1,1,1,1
grid284,-100.55771580304688,39.404774897473956,23,13,grid28,0,0.0,794.5014766103279,88.474296,0.0574,86.5632,874.2653825,794.5014766,88.474296,0.0574,787.7021825,45.5523,46.92037,47.281982,46.99116,46.345158,46.644203,47.136528,46.154583,45.780243,45.349884,46.017918,46.618717,46.66942,49.305157,48.758804,50.25773,49.731033,49.972496,51.80164,50.991222,51.32054,51.591717,52.030178,52.537865,56.131348,55.84806,56.736336,55.824955,55.83621,57.44627,55.777607,56.195732,55.367287,818.7024,818.60297,818.37616,819.2181,819.8313,819.50903,818.8783,818.94244,819.22925,818.9617,819.00543,818.0844,817.9453,816.52155,815.4319,815.1042,814.3968,813.9775,813.2288,812.7261,812.24255,811.94653,811.3298,810.7239,810.57715,810.3566,810.69354,810.3708,810.54083,810.30896,810.48083,810.4153,810.04205,24.200915967797073,24.101489698265823,23.874683057640823,24.716602002953323,25.329822217797073,25.007556592797073,24.376819288109573,24.440967237328323,24.727771436547073,24.460193311547073,24.503955518578323,23.582935010765823,23.443835889672073,22.020068799828323,20.930408155297073,20.602710401390823,19.895312940453323,19.476001417015823,18.727344190453323,18.224597608422073,17.741077100609573,17.445056592797073,16.828296338890823,16.222400342797073,16.075671827172073,15.855151807640823,16.192065870140823,15.869311963890823,16.039355909203323,15.807483350609573,15.979358350609573,15.913806592797073,15.540576612328323,other,fallow,fallow,fallow,fallow,other,corn,fallow,other,fallow,fallow,fallow,fallow,fallow,fallow,fallow,wheat,3,1,1,1,1,1,0,0,0,0,0,0,0,0,0,0,0,0,0,0,0,0,0,0,0,0
grid285,-100.55767392153646,39.41201923349826,23,14,grid28,0,0.0,795.689875390752,85.941408,0.0577,81.3816,873.8873254,793.6791082,81.09204,0.0611,792.5057254,44.795666,46.288948,46.346817,46.95501,45.50574,45.90543,46.424587,45.130074,44.73016,44.282455,45.18598,46.60264,46.64327,49.201714,48.735497,50.28542,48.036835,48.381218,51.84371,49.39413,49.80387,50.00135,50.447662,50.967133,56.131645,55.84954,56.6971,55.82663,55.840336,57.390423,55.78724,56.203922,55.42528,818.69446,818.4636,818.2748,819.0258,819.61884,819.3814,818.7824,818.837,819.26117,819.1105,819.14526,817.94684,817.95215,816.5485,815.3407,815.0421,814.27997,813.9436,813.0925,812.6019,812.206,811.87836,811.228,810.6027,810.6014,810.41626,810.73926,810.50684,810.6679,810.42194,810.5958,810.5038,809.9778,23.004582617060464,22.773747656122964,22.584904882685464,23.335942480341714,23.928960058466714,23.691533300654214,23.092534277216714,23.147099706904214,23.571294042841714,23.420598242060464,23.455388281122964,22.256962988154214,22.262273046747964,20.858647558466714,19.650822851435464,19.352238867060464,18.590092870966714,18.253728124872964,17.402653906122964,16.912053320185464,16.516118261591714,16.188481542841714,15.538151952997964,14.912846777216714,14.911504003779214,14.726384374872964,15.049382421747964,14.816960546747964,14.978032324091714,14.732060644404214,14.905949804560464,14.813908788935464,14.287907812372964,wheat,other,fallow,other,other,wheat,wheat,fallow,other,wheat,wheat,fallow,fallow,wheat,other,fallow,other,6,6,0,0,0,0,0,0,0,0,0,0,0,0,0,0,0,0,0,0,0,0,0,0,0,0
grid286,-100.55763204002604,39.41926356952257,23,15,grid28,0,0.0,795.703592381352,82.103976,0.0617,73.152,869.7090631,798.1449938,82.515456,0.0567,796.5570631,45.303223,45.897194,46.50828,46.685715,45.140896,45.50672,46.00065,45.61357,44.48668,44.071507,44.91287,46.440975,46.474205,47.685127,48.543636,48.59877,46.59902,48.82846,49.4113,48.032845,48.70113,48.685146,49.031128,49.598866,56.01071,55.75723,56.576694,55.736095,55.754875,57.214886,55.69851,56.109943,54.531853,819.21014,819.00604,818.6629,819.20844,819.93524,819.69604,819.1855,819.0662,819.71454,819.4177,819.59045,818.17944,818.4223,817.087,815.811,815.71136,814.9994,814.64,813.8672,813.3354,812.9697,812.75165,812.04913,811.3932,811.3275,811.0615,811.4774,811.3807,811.474,811.1897,811.4047,811.22174,810.5551,23.506551661616754,23.302450099116754,22.959310450679254,23.504842677241754,24.231649317866754,23.992452540523004,23.481893458491754,23.362630763179254,24.010946192866754,23.714132228023004,23.886861720210504,22.475850978023004,22.718709864741754,21.383382716304254,20.107381739741754,20.007772364741754,19.295797267085504,18.936422267085504,18.163595118648004,17.631795802241754,17.266134181148004,17.048055567866754,16.345540919429254,15.689596095210504,15.623922267085504,15.357931056148004,15.773824610835504,15.677083888179254,15.770406642085504,15.486104884273004,15.701131739741754,15.518148341304254,14.851522364741754,other,other,other,other,other,wheat,corn,other,other,other,other,other,other,other,other,other,other,15,1,0,0,0,0,0,0,0,0,0,0,0,0,0,0,0,0,0,0,0,0,0,0,0,0
grid287,-100.55759015851562,39.42650790554687,23,16,grid27,13,0.6842105263157895,796.360228270008,80.707992,0.0651,77.724,871.1058077,797.1699835,77.629512,0.0589,793.3818077,45.644547,46.31108,46.145733,46.54585,45.615395,45.926895,46.394234,46.01675,44.115326,44.42955,44.348743,46.183964,46.236988,47.442715,48.255577,48.277496,46.201485,46.391705,48.70771,47.569176,47.74521,48.225296,48.55292,49.144173,55.643738,55.386597,56.442104,55.385242,55.429752,57.01779,55.35674,55.75864,52.295544,819.8023,819.69196,819.1485,819.3859,820.436,820.34766,819.9227,819.39484,819.9818,820.0736,819.9676,818.6349,819.049,817.7382,816.41156,816.2408,815.55206,815.17554,814.68695,813.9113,813.493,813.4483,812.7244,812.0441,812.22864,811.9829,812.32666,812.3677,812.3965,812.08167,812.32794,812.0672,811.3215,23.4420788588983,23.3317272963983,22.7882702651483,23.0256970229608,24.0757458510858,23.98742797999205,23.56250122217955,23.0346081557733,23.62158325342955,23.71338012842955,23.6073620620233,22.27465942530455,22.6887829604608,21.3779919448358,20.0513317885858,19.8805554213983,19.1918347182733,18.81530883936705,18.3267224135858,17.5510876479608,17.1327526870233,17.0880749526483,16.3641979995233,15.683900147960799,15.868409425304549,15.622681886242049,15.966431886242049,16.00744751124205,16.03625610499205,15.721436769054549,15.967713624523299,15.706971437023299,14.961243897960799,other,soybeans,corn,soybeans,corn,sorghum,fallow,corn,sorghum,other,sorghum,corn,corn,fallow,corn,corn,corn,2,0,1,1,1,1,1,1,1,1,1,0,1,1,1,1,1,0,0,1,1,0,1,0,0,1
grid288,-100.55754827700521,39.43375224157118,23,17,grid27,18,0.9473684210526315,796.811903026296,79.028544,0.0634,77.724,871.1058077,797.1699835,77.629512,0.0589,793.3818077,45.9016,46.120605,46.574142,46.20159,45.55164,45.699924,46.129017,46.04177,44.519897,44.45153,44.715786,46.5315,46.55804,47.40189,48.498142,48.694084,46.63338,47.00527,48.901917,47.942436,48.297108,48.55197,48.867813,49.437084,55.289062,55.1025,56.29413,55.100357,55.150215,56.800743,55.05947,55.444584,52.23023,820.23535,820.5339,819.9503,819.7572,821.13763,821.14594,820.78357,820.0528,820.61316,820.40436,820.68854,819.31647,819.793,818.5261,817.11017,816.9732,816.2995,815.9022,815.52747,814.68884,814.4306,814.28235,813.58185,812.87683,813.1113,812.9041,813.14264,813.3335,813.3064,812.95386,813.2301,812.91016,811.9726,23.423448536203978,23.721971485422728,23.138414356516478,22.945299122141478,24.325731251047728,24.334032032297728,23.971666309641478,23.240892383860228,23.801256153391478,23.592454883860228,23.876634571360228,22.504564258860228,22.981126758860228,21.714220020578978,20.298265430735228,20.161302540110228,19.487596485422728,19.090318653391478,18.715562794016478,17.876939747141478,17.618700001047728,17.470445606516478,16.769945118235228,16.064928028391478,16.299425098703978,16.092210743235228,16.330736133860228,16.521593067453978,16.494493458078978,16.141954395578978,16.418199512766478,16.098253223703978,15.160692188547728,corn,corn,corn,corn,corn,corn,corn,corn,sorghum,corn,other,corn,sorghum,corn,corn,corn,corn,1,0,1,1,1,1,1,1,1,1,1,0,1,1,1,1,1,1,1,1,1,1,1,1,1,1
grid289,-100.54869772658853,39.35405666698785,24,6,grid29,0,0.0,791.854028905488,76.181712,0.0645,78.6384,871.7051686,792.5985416,63.943992,0.0511,793.0667686,42.53778,42.868546,43.430904,46.906906,42.363293,42.600952,43.05046,42.285576,41.170124,42.183,41.527233,42.80346,43.057064,45.30467,44.248302,44.04754,44.486813,44.915646,45.367573,45.464657,45.980217,46.19795,46.53698,46.980206,48.605965,48.812283,48.641685,48.88899,48.84992,49.144123,48.654083,48.949318,47.98559,822.73596,822.73535,822.6689,822.5907,823.5334,823.0145,822.47656,822.0215,822.11444,821.7153,820.6067,820.7966,820.3273,819.7547,819.1493,818.7266,818.6262,818.51556,818.1538,817.32983,817.33026,817.0107,816.6543,816.17834,815.16724,814.8818,814.821,814.36346,814.3135,814.2049,814.2718,814.08124,814.18427,30.881933008574492,30.881322657011992,30.814855371855742,30.736669336699492,31.679357324980742,31.160497461699492,30.622533594511992,30.167455469511992,30.260412012480742,29.861242090605742,28.752660547636992,28.942540918730742,28.473241602324492,27.900670801543242,27.295263086699492,26.872594629668242,26.772191797636992,26.661535059355742,26.299779688261992,25.475805078886992,25.476232324980742,25.156652246855742,24.800267969511992,24.324315821074492,23.313207422636992,23.027745996855742,22.966954981230742,22.509435449980742,22.459447657011992,22.350866114043242,22.417760645293242,22.227208887480742,22.330236231230742,wheat,corn,corn,soybeans,corn,soybeans,corn,fallow,wheat,corn,corn,wheat,corn,corn,corn,corn,corn,0,3,0,0,0,0,0,0,0,0,0,0,0,0,0,0,0,0,0,0,0,0,0,0,0,0
grid290,-100.54865595851562,39.361299565546865,24,7,grid29,2,0.10526315789473684,792.702981737424,72.91425600000001,0.0587,78.6384,871.7051686,792.5985416,63.943992,0.0511,793.0667686,42.40619,43.48285,44.05604,47.244827,42.93731,43.279114,43.614323,42.200146,42.42567,42.759396,42.775814,43.452255,43.690403,45.924747,45.617264,45.69244,45.2495,45.43852,46.94854,46.28626,46.535038,46.785683,47.1423,47.57644,52.22372,52.508022,52.284794,52.520535,52.52627,52.636017,52.341396,52.61004,49.694283,821.8924,821.9641,821.84546,821.8217,822.73883,822.2227,821.76794,821.1848,821.5069,820.9978,820.2663,820.545,820.10785,818.6232,818.4352,817.94653,817.94507,817.55566,817.0386,816.57776,816.2157,815.91956,815.53076,815.03326,813.995,813.62775,813.6252,813.1782,813.14404,812.9757,813.1098,812.91797,813.2105,29.18941328210724,29.26112959070099,29.14247724695099,29.11873457116974,30.03584882898224,29.51973554773224,29.06496259851349,28.48183271570099,28.80391523523224,28.29482099695099,27.56331464929474,27.84200117273224,27.40486738366974,25.92024824304474,25.73219892663849,25.24355146570099,25.24208662195099,24.85268232507599,24.33559248132599,23.87477705163849,23.51271650476349,23.21657392663849,22.82777998132599,22.33028242273224,21.29201337976349,20.92476484460724,20.92220136804474,20.47524091882599,20.44106123132599,20.27272627038849,20.40682050866974,20.21498701257599,20.50752851648224,wheat,corn,corn,soybeans,corn,soybeans,corn,fallow,wheat,corn,corn,wheat,corn,corn,corn,corn,corn,0,3,0,0,0,0,1,0,0,0,0,0,0,0,1,0,1,0,0,0,0,0,0,0,0,0
grid291,-100.54861419044269,39.3685424641059,24,8,grid29,18,0.9473684210526315,792.8506936512961,69.012816,0.0536,78.6384,871.7051686,792.5985416,63.943992,0.0511,793.0667686,43.186493,44.20821,44.695835,46.633926,43.59199,43.97002,44.348988,42.956333,43.134495,43.135876,43.459503,43.90188,44.07928,46.24546,46.121952,46.127125,45.706036,45.955437,47.52338,46.823498,47.12294,47.344124,47.71772,48.143234,52.757942,52.92133,53.88989,52.925323,52.92862,54.219055,52.773705,53.068703,50.53668,821.024,821.1869,820.9827,820.77386,821.93726,821.41785,820.9379,820.4398,820.69073,820.18256,819.6627,819.7018,819.29224,817.9285,817.5511,817.0345,817.0103,816.6091,816.09076,815.5757,815.15295,814.8863,814.46857,813.952,812.964,812.5867,812.70233,812.19684,812.18036,812.0477,812.14056,811.96405,812.2444,28.17329316511018,28.33619599714143,28.13203339948518,27.92317109479768,29.08656220807893,28.56715302839143,28.08723359479768,27.58912568464143,27.84004121198518,27.33186250104768,26.81202607526643,26.85108857526643,26.44154267682893,25.07783418073518,24.70039277448518,24.18379121198518,24.15962129011018,23.75837617292268,23.24006562604768,22.72498994245393,22.30226045026643,22.03559785261018,21.61787324323518,21.10133271589143,20.11329560651643,19.73597627057893,19.85163789167268,19.34614472761018,19.32966523542268,19.19703584089143,19.28987031354768,19.11335664167268,19.39369111432893,soybeans,corn,corn,corn,corn,corn,corn,soybeans,other,soybeans,corn,corn,soybeans,corn,corn,corn,corn,1,0,1,1,1,1,1,1,1,1,1,1,1,1,1,1,1,1,1,0,1,1,1,1,1,1
grid292,-100.54857242236979,39.375785362664935,24,9,grid29,18,0.9473684210526315,792.598541602896,63.943992,0.0511,78.6384,871.7051686,792.5985416,63.943992,0.0511,793.0667686,43.484993,44.521275,44.98331,46.898926,43.892666,44.25788,44.656307,43.259743,43.811375,43.34761,44.113464,44.50607,44.5779,46.472343,46.656292,46.553787,45.73027,46.06782,48.0884,46.963993,47.263966,47.494198,47.87098,48.32189,54.55241,54.64449,54.22092,54.658085,54.672188,54.670616,54.558304,54.90338,51.41321,819.99493,819.96484,819.75867,820.01483,820.73303,820.2407,819.7459,819.903,819.9324,818.9973,819.0928,819.0095,818.6222,816.8566,816.62866,816.1562,815.5842,815.0907,815.149,814.10675,813.66284,813.4023,812.9308,812.39185,812.2953,811.943,811.8429,811.648,811.65967,811.2045,811.61816,811.4775,811.3715,27.396392479135216,27.366302147103966,27.160125389291466,27.416289940072716,28.134490623666466,27.642181053353966,27.147369041635216,27.304473533822716,27.333831443978966,26.398772850228966,26.494231834603966,26.410979881478966,26.023650779916466,24.258086815072716,24.030120506478966,23.557647361947716,22.985686912728966,22.492156639291466,22.550445213510216,21.508208885385216,21.064300193978966,20.803741111947716,20.332244529916466,19.793304100228966,19.696746483041466,19.344451561166466,19.244353904916466,19.049468651010216,19.061126365853966,18.605987205697716,19.019622459603966,18.878936424447716,18.772979393197716,sorghum,corn,corn,soybeans,corn,corn,corn,corn,corn,sorghum,corn,corn,corn,corn,sorghum,corn,corn,0,0,1,1,1,1,1,1,1,1,1,1,1,1,1,1,1,1,1,1,1,0,1,1,1,1
grid293,-100.54853065429687,39.38302826122395,24,10,grid28,16,0.8421052631578947,792.4661341786081,64.72428000000001,0.0547,89.3064,874.5738659,792.4795535,73.642728,0.0603,785.2674659,43.903374,44.063812,45.45932,47.152122,43.340336,43.695324,44.174717,43.69993,42.390278,42.407127,42.978767,46.15503,46.30828,45.62236,48.283585,46.537685,46.103,46.48734,48.10242,47.404648,47.722805,47.950806,48.342022,48.78748,54.99651,54.979786,54.52782,54.97608,54.987576,55.08779,54.897846,55.261333,51.627296,819.11383,819.146,818.8881,819.27295,819.9526,819.5079,818.9919,819.11383,819.04486,818.4212,818.51086,817.9477,817.64386,816.166,815.3862,814.9729,814.58844,814.20087,813.8444,813.05597,812.7061,812.3133,811.8215,811.2657,811.30096,810.95276,810.96313,810.76355,810.8063,810.3688,810.7501,810.63654,810.29846,26.64769638779819,26.67986191514194,26.42198837998569,26.80681504014194,27.48644150498569,27.04173935654819,26.52574814561069,26.64769638779819,26.57872666123569,25.95506943467319,26.04473007920444,25.48155869248569,25.17772568467319,23.69988144639194,22.92009629014194,22.50676621201694,22.12230576279819,21.73473252061069,21.37828720811069,20.58983505967319,20.23998154404819,19.84715927842319,19.35533798936069,18.79955185654819,18.83483017686069,18.48662461045444,18.49700058701694,18.29741562607944,18.34014023545444,17.90264023545444,18.28398789170444,18.17040146592319,17.83232773545444,fallow,corn,corn,corn,soybeans,corn,corn,other,other,wheat,corn,corn,corn,corn,corn,corn,corn,2,1,1,1,1,1,1,1,1,1,1,0,1,1,0,1,1,1,1,1,1,1,1,1,1,0
grid294,-100.54848888622396,39.39027115978298,24,11,grid28,19,1.0,792.479553516768,73.642728,0.0603,85.344,874.5738659,792.4795535,73.642728,0.0603,789.2298659,44.125214,44.38809,45.75009,47.410492,43.693153,44.08086,44.594505,44.121685,42.93245,42.603764,43.47666,46.29462,46.419147,45.84167,48.417755,46.84065,46.398235,46.78658,48.507492,47.72682,48.07229,48.273014,48.679245,49.11209,55.421326,55.290337,54.831482,55.292004,55.300777,55.498898,55.235207,55.616676,52.199203,818.2872,818.34686,818.06287,818.49646,819.2788,818.8945,818.33215,818.1131,818.2882,818.0031,817.8815,817.2096,816.901,815.5452,814.6166,814.1791,813.90875,813.5135,812.9039,812.3228,811.91876,811.53326,811.02747,810.45734,810.35187,809.9498,810.10474,809.90125,809.9831,809.5795,809.9085,809.8263,809.4607,25.807616893388285,25.867309276200785,25.583312694169535,26.016906444169535,26.799255076982035,26.414916698075785,25.852599803544535,25.633544627763285,25.808654491044535,25.523559276200785,25.401916209794535,24.730041209794535,24.421447459794535,23.065673534013285,22.137023631669535,21.699523631669535,21.429198924638285,21.033935252763285,20.424316112138285,19.843261424638285,19.439208690263285,19.053710643388285,18.547912303544535,17.977782909013285,17.872314159013285,17.470275584794535,17.625182811357035,17.421691600419535,17.503539744950785,17.099975291825785,17.428954784013285,17.346740428544535,16.981139842607035,corn,corn,corn,soybeans,corn,corn,sorghum,corn,wheat,corn,corn,corn,corn,corn,corn,corn,corn,0,1,1,1,1,1,1,1,1,1,1,1,1,1,1,1,1,1,1,1,1,1,1,1,1,1
grid295,-100.54844711815103,39.39751405834201,24,12,grid28,19,1.0,792.49190625,82.655664,0.0627,83.82,875.0277014,792.4919063,82.655664,0.0627,791.2077014,44.442852,44.755672,46.132004,47.879204,44.050278,44.414104,44.950882,44.47307,44.536392,42.793797,45.04688,46.403667,46.504826,47.721577,48.54026,48.55679,49.32497,49.5472,50.17627,50.513287,50.83782,51.103073,51.518227,52.031387,55.77458,55.54421,56.447453,55.52954,55.537704,57.08135,55.461296,55.858746,53.81296,817.429,817.38135,817.1815,817.9806,818.46173,818.0318,817.4213,817.4595,817.67096,817.3197,817.27515,816.52625,816.1776,814.8895,813.8971,813.4709,812.9203,812.476,812.00543,811.2975,810.8787,810.4608,809.94995,809.37354,809.09534,808.7507,809.1601,808.7393,808.8741,808.75323,808.79016,808.7348,808.6795,24.937109863281194,24.889441406249944,24.689612304687444,25.488684570312444,25.969824707031194,25.539893066406194,24.929419433593694,24.967566406249944,25.179053222656194,24.827795898437444,24.783240234374944,24.034338867187444,23.685706054687444,22.397620117187444,21.405188476562444,20.978979980468694,20.428381835937444,19.984106933593694,19.513525878906194,18.805579101562444,18.386816894531194,17.968909179687444,17.458044921874944,16.881628906249944,16.603430664062444,16.258765136718694,16.668188964843694,16.247412597656194,16.382178222656194,16.261328613281194,16.298254882812444,16.242895996093694,16.187598144531194,corn,corn,corn,corn,soybeans,corn,corn,corn,sorghum,corn,corn,corn,corn,corn,corn,corn,corn,0,0,1,1,1,1,1,1,1,1,1,1,1,1,1,1,1,1,1,1,1,1,1,1,1,1
grid296,-100.54840535007813,39.40475695690104,24,13,grid28,17,0.8947368421052632,793.2202710945121,87.456264,0.062,83.5152,875.3854014,793.2202711,87.456264,0.062,791.8702014,45.901505,46.867153,47.354355,48.04375,46.244034,46.53902,47.029533,46.0607,44.77466,45.20283,45.25161,46.49767,46.577698,47.74206,48.641884,48.71025,49.47257,49.70954,50.394638,50.696686,51.019756,51.291023,51.715233,52.225613,55.92406,55.654465,56.636696,55.624123,55.63209,57.30497,55.570515,55.970272,54.078274,816.61176,816.38684,816.3126,817.17255,817.63873,817.3002,816.636,816.87476,817.02454,816.8064,816.75714,816.02576,815.612,814.3336,813.3881,812.77374,812.1498,811.7807,811.0761,810.505,810.11456,809.5959,809.096,808.50977,808.3397,808.06024,808.3521,808.0887,808.2739,808.05255,808.15594,808.1464,807.87494,23.39148427658165,23.1665697258004,23.0923509758004,23.95227529220665,24.41846181564415,24.0798998039254,23.4157152336129,23.6544847648629,23.8042650383004,23.5861253898629,23.53687001876915,22.8054857414254,22.39172841720665,21.1133470695504,20.16785146408165,19.55347158126915,18.9295091789254,18.56042958908165,17.85583974533165,17.2847337883004,16.89429189376915,16.37561513595665,15.87573720626915,15.2894945304879,15.1194505851754,14.83997060470665,15.13184072189415,14.86841298751915,15.0536546867379,14.83228017501915,14.93567372970665,14.92615224533165,14.65466787033165,corn,corn,corn,corn,corn,soybeans,corn,sorghum,corn,corn,corn,corn,corn,corn,corn,corn,corn,0,0,1,1,1,1,1,1,1,1,1,0,1,1,0,1,1,1,1,1,1,1,1,1,1,1
grid297,-100.54836358200521,39.41199985546007,24,14,grid28,18,0.9473684210526315,793.679108202744,81.09204000000001,0.0611,81.3816,873.8873254,793.6791082,81.09204,0.0611,792.5057254,45.759228,46.176388,47.307045,46.879322,45.47972,45.77713,46.30957,45.955875,44.702026,44.309544,45.165928,46.492203,46.562454,47.82304,48.6291,48.6107,46.628624,47.101646,48.946747,48.062225,48.463238,48.72555,49.065662,49.623245,55.933258,55.66556,56.607635,55.63955,55.649887,57.26451,55.59452,55.993965,52.63961,816.42786,816.2675,816.1643,816.88947,817.49554,817.19604,816.55554,816.7524,816.96173,816.7407,816.7643,815.9008,815.58795,814.325,813.3014,812.7644,812.1376,811.75616,810.97516,810.4915,810.07965,809.624,809.0998,808.4953,808.37695,808.1089,808.3783,808.19324,808.37274,808.13367,808.24255,808.2108,807.7433,22.748748242568468,22.588408887099718,22.485198437880968,23.210357129287218,23.816436230849718,23.516936719130968,22.876433789443468,23.073272168349718,23.282622754287218,23.061614453505968,23.085174023818468,22.221709668349718,21.908843457412218,20.645904004287218,19.622283398818468,19.085296094130968,18.458465039443468,18.077056348037218,17.296050488662218,16.812407910537218,16.400542676162218,15.944915234755968,15.420684277724718,14.816192090224718,14.697844922255968,14.429778516005968,14.699187695693468,14.514129101943468,14.693633496474718,14.454558789443468,14.563445508193468,14.531707226943468,14.064177930068468,other,corn,corn,corn,corn,corn,corn,corn,other,corn,sorghum,corn,corn,corn,corn,corn,corn,2,0,1,1,1,1,1,1,1,1,1,1,1,1,1,1,1,0,1,1,1,1,1,1,1,1
grid298,-100.54832181393229,39.419242754019095,24,15,grid28,0,0.0,793.870426758384,76.03236,0.0613,81.3816,873.8873254,793.6791082,81.09204,0.0611,792.5057254,45.447937,45.85762,47.111557,46.717773,45.187466,45.444206,45.954594,45.678448,44.45519,44.136738,44.889404,46.32459,46.3878,47.60677,48.424618,48.494648,46.342293,46.787113,48.876705,47.7379,48.110382,48.390095,48.71855,49.293922,55.815907,55.582245,56.48946,55.55358,55.569195,57.09269,55.510128,55.90525,52.414764,816.9569,816.98663,816.76855,817.1218,818.00104,817.7588,817.21277,817.16705,817.4337,817.15674,817.3196,816.25055,816.18585,814.9043,813.82874,813.38245,812.7917,812.3908,811.7213,811.16,810.72473,810.4346,809.8572,809.2278,809.1386,808.88544,809.1625,809.0988,809.2067,808.9252,809.0847,808.9564,808.4236,23.086482421303458,23.116206542397208,22.898127929115958,23.251399413490958,24.130610839272208,23.888362304115958,23.342341796303458,23.296626464272208,23.563289061928458,23.286311522865958,23.449153319740958,22.380122558022208,22.315425292397208,21.033870116615958,19.958308593178458,19.512019530678458,18.921260253334708,18.520381347084708,17.850886718178458,17.289546386147208,16.854304686928458,16.564143554115958,15.986750975990958,15.357356444740958,15.268184081459708,15.015010253334708,15.292048827553458,15.228389159584708,15.336299315834708,15.054744140053458,15.214290038490958,15.085994140053458,14.553157225990958,fallow,wheat,other,wheat,fallow,wheat,fallow,wheat,fallow,wheat,fallow,wheat,corn,wheat,wheat,fallow,wheat,1,9,0,0,0,0,0,0,0,0,0,0,0,0,0,0,0,0,0,0,0,0,0,0,0,0
grid299,-100.54828004585937,39.42648565257812,24,16,grid27,0,0.0,794.0187339832321,76.1238,0.0611,77.1144,866.9341453,794.5284703,79.927704,0.0598,789.8197453,45.49945,46.212532,46.87879,46.61034,45.577038,45.77841,46.25709,45.58498,44.60097,44.586494,44.832863,46.078636,46.160297,47.37298,48.146996,48.713375,46.634613,47.037853,48.460796,47.969585,48.307446,48.595642,48.928062,49.506668,55.618656,55.433147,56.361706,55.452812,55.473484,56.906124,55.409115,55.798527,51.82127,817.3394,817.66547,817.23785,817.51764,818.49524,818.2935,817.8383,817.41156,818.10754,817.5804,818.001,816.6971,816.8085,815.5498,814.4266,814.19196,813.6302,813.28894,812.5095,812.02325,811.6072,811.40204,810.8192,810.1558,809.97943,809.7936,809.99054,810.0466,810.09094,809.77356,809.97473,809.7648,809.1072,23.320682520674154,23.646732325361654,23.219120020674154,23.498905176924154,24.476505274580404,24.274784083174154,23.819583887861654,23.392826075361654,24.088809962080404,23.561649317549154,23.982242579267904,22.678348536299154,22.789737696455404,21.531070704267904,20.407840723799154,20.173221583174154,19.611454005049154,19.270206446455404,18.490787501142904,18.004520411299154,17.588443751142904,17.383304590986654,16.800479883955404,16.137088770674154,15.960697169111654,15.774845118330404,15.971805567549154,16.027835840986654,16.072208399580404,15.754825587080404,15.955997462080404,15.746036524580404,15.088443751142904,fallow,other,other,corn,other,other,other,other,other,other,other,other,other,other,other,other,other,15,0,0,0,0,0,0,0,0,0,0,0,0,0,0,0,0,0,0,0,0,0,0,0,0,0
grid300,-100.54823827778647,39.43372855113715,24,17,grid27,0,0.0,794.5284703109761,79.927704,0.0598,77.1144,866.9341453,794.5284703,79.927704,0.0598,789.8197453,46.032883,46.222878,46.701946,46.976826,45.639397,45.8052,46.250507,46.10504,44.256035,44.508236,44.490967,45.81778,45.921825,47.12889,47.850433,48.488808,46.258163,46.611343,48.03951,47.536907,47.878372,48.148174,48.463337,49.05868,52.234417,51.796093,54.104897,51.837517,51.834934,54.762936,51.84225,52.261,51.19784,818.0686,818.2815,817.77924,818.02374,818.94666,818.839,818.4551,817.8936,818.76556,818.1312,818.7356,817.3376,817.5492,816.3155,815.12585,814.9164,814.36914,813.93024,813.28564,812.7958,812.5237,812.24207,811.6748,810.994,810.7119,810.6543,810.85254,811.0113,811.0016,810.6652,810.90265,810.63605,809.84106,23.540133204648896,23.753023829648896,23.250765528867646,23.495272364805146,24.418184962461396,24.310518946836396,23.926607814023896,23.365145411680146,24.237093653867646,23.602755274961396,24.207125392148896,22.809115138242646,23.020724024961396,21.787020411680146,20.597384181211396,20.387911524961396,19.840670314023896,19.401766505430146,18.757174220273896,18.267306056211396,17.995211329648896,17.713595118711396,17.146334376523896,16.465548243711396,16.183443751523896,16.125826564023896,16.324068751523896,16.482821192930146,16.473116603086396,16.136751856992646,16.374178614805146,16.107577052305146,15.312594142148896,other,corn,corn,other,soybeans,corn,other,sorghum,corn,sorghum,corn,corn,sorghum,wheat,corn,sorghum,wheat,3,2,0,0,0,0,0,0,0,0,0,0,0,0,0,0,0,0,0,0,0,0,0,0,0,0
grid301,-100.53938647955728,39.354048788671875,25,6,grid29,18,0.9473684210526315,789.7255076659679,79.345536,0.0613,73.152,859.0715097,790.1720479,78.556104,0.0609,785.9195097,42.46034,42.41179,42.99098,46.67905,41.922344,42.1366,42.559555,42.23968,40.64323,41.89582,41.03166,42.42104,42.712227,44.954193,43.566452,43.57602,44.072556,44.46304,44.898922,44.98485,45.473408,45.718857,46.041637,46.498013,48.056534,48.379265,48.18473,48.445793,48.40391,48.524242,48.186623,48.452763,47.248806,821.2074,820.74805,820.70416,820.6913,821.45,821.0292,820.52386,820.58514,820.13245,819.74664,818.5866,818.7865,818.32477,817.7962,817.1601,816.7567,816.72955,816.527,816.31775,815.4723,815.4385,815.16516,814.8515,814.3418,813.1715,813.08185,812.90375,812.4714,812.43896,812.3468,812.36957,812.17847,812.2927,31.48188979496956,31.02253920903206,30.97865493168831,30.96577651371956,31.72450454106331,31.30366713871956,30.79835708012581,30.85963637700081,30.40693862309456,30.02113540043831,28.86110122075081,29.06099135746956,28.59926040043831,28.07069594731331,27.43458754887581,27.03120620121956,27.00404555668831,26.80146987309456,26.59224135746956,25.74678237309456,25.71296889653206,25.43965346684456,25.12599379887581,24.61628920903206,23.44600112309456,23.35634047856331,23.17823989262581,22.74586684575081,22.71345717778206,22.62129409184456,22.64406020512581,22.45295913090706,22.56721694340706,corn,corn,corn,corn,corn,corn,corn,corn,corn,corn,corn,wheat,corn,corn,corn,corn,corn,0,1,1,1,1,1,1,1,1,1,1,0,1,1,1,1,1,1,1,1,1,1,1,1,1,1
grid302,-100.53934482492187,39.36129024976562,25,7,grid29,0,0.0,791.394894141768,80.336136,0.0581,78.6384,871.7051686,792.5985416,63.943992,0.0511,793.0667686,43.14657,43.077835,43.635788,47.019234,42.501015,42.83684,43.153408,42.893047,41.30443,42.49341,41.677437,43.100254,43.375214,45.59357,44.182293,44.193317,44.846764,44.99733,45.46203,45.81928,46.058426,46.300983,46.640484,47.087772,48.882225,48.969135,49.835835,49.043457,49.00011,50.142384,48.824383,49.125248,48.057457,820.35834,820.0874,819.8938,819.92,820.71313,820.2464,819.8251,819.7408,819.6553,819.03015,818.3896,818.55334,818.112,816.66205,816.51263,816.00134,815.94885,815.535,815.2267,814.6211,814.3642,813.96576,813.6241,813.09406,812.0803,811.873,811.82477,811.39166,811.3683,811.2486,811.2975,811.1173,811.2141,28.963443260575787,28.692508201982037,28.498904686357037,28.525088768388287,29.318240623857037,28.851504784013287,28.430179100419537,28.345889549638287,28.260379295732037,27.635257225419537,26.994693260575787,27.158450584794537,26.717105369950787,25.267154198075787,25.117740135575787,24.606448631669537,24.553958397294537,24.140079002763287,23.831790428544537,23.226199608232037,22.969302635575787,22.570865135575787,22.229190330888287,21.699161034013287,20.685428123857037,20.478091698075787,20.429873924638287,19.996768455888287,19.973391991044537,19.853702049638287,19.902591209794537,19.722415428544537,19.819217186357037,sorghum,wheat,sorghum,sorghum,fallow,sorghum,sorghum,fallow,wheat,fallow,fallow,wheat,sorghum,corn,fallow,wheat,corn,0,4,0,0,1,0,1,0,0,0,0,0,0,0,0,0,0,0,0,0,0,0,0,0,0,0
grid303,-100.53930317028644,39.36853171085937,25,8,grid29,0,0.0,792.291732422256,79.27848000000002,0.0523,78.6384,871.7051686,792.5985416,63.943992,0.0511,793.0667686,42.814312,43.802624,44.296463,46.498344,43.2016,43.57765,43.94178,42.455845,41.637943,42.897526,42.256557,43.750526,43.916897,45.937965,45.788624,45.843853,45.3146,45.527676,47.12491,46.36989,46.660706,46.874283,47.230568,47.66857,50.427498,50.5468,50.37004,50.53496,50.504528,50.859924,50.35582,50.692505,49.923058,819.2089,819.24884,819.0482,818.91644,819.8706,819.41974,818.972,818.4091,818.8553,818.18463,817.8614,817.73444,817.305,815.93115,815.4605,814.90326,814.9904,814.55725,814.1374,813.59204,813.27264,812.898,812.53046,811.9864,811.09106,810.8146,810.8311,810.4036,810.39453,810.26263,810.32745,810.1684,810.2754,26.91719091758773,26.95710790977523,26.75648535118148,26.62471044883773,27.57887304649398,27.12800634727523,26.68025244102523,26.11738623008773,26.56355322227523,25.89289892540023,25.56965673790023,25.44270361290023,25.01326025352523,23.63941992149398,23.16877783165023,22.61152685508773,22.69868505821273,22.26551855430648,21.84565771446273,21.30030859336898,20.98091162071273,20.60627783165023,20.23872412071273,19.69465673790023,18.79933203086898,18.52284277305648,18.53938330040023,18.11189306602523,18.10279882774398,17.97090185508773,18.03572119102523,17.87666357383773,17.98365820274398,wheat,fallow,wheat,corn,fallow,wheat,corn,wheat,wheat,sorghum,fallow,wheat,sorghum,sorghum,fallow,wheat,sorghum,0,7,0,0,0,0,0,0,0,0,0,0,0,0,0,0,0,0,0,0,0,0,0,0,0,0
grid304,-100.53926151565103,39.37577317195313,25,9,grid29,18,0.9473684210526315,792.4810790041921,72.703944,0.0487,79.5528,869.8773017,792.4624941,70.094856,0.0514,790.3245017,43.395412,43.4078,43.636356,46.98871,42.713615,43.059856,43.48327,43.02836,42.41934,42.092453,42.95728,44.221603,44.33181,45.193413,46.33705,46.28312,45.77345,46.067646,47.705696,46.909653,47.228786,47.435738,47.808727,48.23753,54.200977,54.33556,53.89607,54.342976,54.354942,54.230278,54.22937,54.549732,50.80141,818.3348,818.26324,818.0133,818.38617,818.8823,818.41174,817.9455,817.5877,818.0178,817.1784,817.1672,816.87823,816.4543,814.8017,814.52203,813.98096,814.04645,813.5626,813.18506,812.5856,812.2478,811.8524,811.4619,810.9078,810.35266,809.99475,809.7807,809.6509,809.66235,809.2342,809.5835,809.4551,809.30426,25.85369882783914,25.78216562471414,25.53222665987039,25.90509042940164,26.40124521455789,25.93066415987039,25.46441660127664,25.10662851533914,25.53674326143289,24.69732675752664,24.68609628877664,24.39715585908914,23.97320566377664,22.32061777315164,22.04095468721414,21.49987802705789,21.56536874971414,21.08154306612039,20.70397958955789,20.10449228487039,19.76672373018289,19.37133798799539,18.98083505830789,18.42669687471414,17.87158212862039,17.51367197237039,17.29962167940164,17.16979990205789,17.18127451143289,16.75311289033914,17.10241708955789,16.97399912080789,16.82318124971414,corn,corn,corn,corn,corn,corn,corn,corn,corn,corn,corn,corn,corn,corn,corn,corn,corn,0,0,1,1,1,1,1,1,1,1,1,0,1,1,1,1,1,1,1,1,1,1,1,1,1,1
grid305,-100.53921986101562,39.38301463304687,25,10,grid28,9,0.47368421052631576,792.462494092416,70.09485600000001,0.0514,79.5528,869.8773017,792.4624941,70.094856,0.0514,790.3245017,42.836163,43.651367,44.15505,47.228542,42.984055,43.360325,43.83509,42.211845,42.40702,42.198875,42.981884,44.30373,44.409992,45.453,46.378254,46.314243,45.751915,46.053867,47.7858,46.970654,47.24408,47.491917,47.869167,48.316494,54.652218,54.688824,54.208153,54.667408,54.676983,54.65671,54.576412,54.915783,51.11905,817.4719,817.3788,817.0949,817.56714,818.05865,817.7123,817.21844,816.68604,816.988,816.5637,816.43896,815.95886,815.575,814.18634,813.4988,812.8674,812.8605,812.44556,811.9726,811.3428,811.0541,810.57446,810.1419,809.5744,809.3696,808.9513,808.9009,808.76764,808.8022,808.39276,808.7063,808.6056,808.32916,25.009429735708977,24.916290087271477,24.632415575552727,25.104644579458977,25.596160692740227,25.249786181021477,24.755950731802727,24.223541063833977,24.525481981802727,24.101226610708977,23.976470751333977,23.496368212271477,23.112518114615227,21.723846239615227,21.036285204458977,20.404876513052727,20.397979540396477,19.983062548208977,19.510101122427727,18.880279345083977,18.591583056021477,18.111968798208977,17.679412645865227,17.111907763052727,16.907134813833977,16.488799852896477,16.438384813833977,16.305145067740227,16.339690966177727,15.930267138052727,16.243804735708977,16.143096727896477,15.866668505240227,other,other,other,corn,corn,sorghum,corn,sorghum,corn,corn,corn,corn,corn,corn,corn,corn,corn,3,0,1,1,1,1,1,0,1,1,0,1,0,1,1,1,0,0,0,0,0,0,0,1,1,1
grid306,-100.5391782063802,39.390256094140625,25,11,grid28,19,1.0,792.1667912111279,75.236832,0.0558,81.6864,871.1834478,791.8689117,83.079336,0.0592,789.4970478,43.83692,44.083282,45.239178,47.44722,43.4039,43.771458,44.274536,43.49868,44.07128,42.432117,44.6318,46.122948,46.279114,47.50996,48.24535,48.19671,46.073936,46.43529,49.661366,47.350002,47.67563,47.8861,48.27584,48.716934,55.080933,55.00046,54.05019,54.987602,54.994774,54.704433,54.9188,55.276802,52.95626,816.6619,816.44116,816.2951,816.78656,817.23535,816.9115,816.37415,816.2632,816.24,815.8877,815.82153,815.19604,814.80334,813.5472,812.6859,812.1265,811.9921,811.54407,811.0998,810.43335,810.0543,809.6192,809.1758,808.6027,808.467,808.08545,808.206,807.94257,808.0072,807.76605,807.89185,807.8195,807.5369,24.49513505840332,24.27437089824707,24.12831376934082,24.61976884746582,25.06856035137207,24.74470781230957,24.20735429668457,24.09639238262207,24.07319902324707,23.72090410137207,23.65474199199707,23.02925371074707,22.63655351543457,21.38038896465332,20.51912187480957,19.95973466777832,19.82533525371582,19.37727617168457,18.93300126934082,18.26655839824707,17.88753007793457,17.45241044902832,17.00899003887207,16.43593095684082,16.30018876934082,15.91865800762207,16.03920244121582,15.77577470684082,15.84041093730957,15.59926103496582,15.72505449199707,15.65272783184082,15.37013505840332,sorghum,corn,corn,corn,corn,corn,corn,corn,wheat,corn,corn,corn,corn,corn,corn,corn,corn,0,1,1,1,1,1,1,1,1,1,1,1,1,1,1,1,1,1,1,1,1,1,1,1,1,1
grid307,-100.53913655174479,39.397497555234374,25,12,grid28,19,1.0,791.8689117195121,83.079336,0.0592,81.6864,871.1834478,791.8689117,83.079336,0.0592,789.4970478,44.17276,44.440777,45.644997,47.62892,43.751465,44.106792,44.6328,43.900387,44.33343,42.62796,44.85229,46.23257,46.36592,47.538685,48.36121,48.350426,46.364235,46.76533,49.878544,47.691284,48.01753,48.23982,48.64114,49.076916,55.49399,55.31316,56.155506,55.307194,55.31197,56.686832,55.260212,55.636852,53.27509,815.8241,815.5782,815.4688,816.07544,816.5104,816.1956,815.61444,815.6233,815.6401,815.3375,815.3042,814.6384,814.214,813.039,812.03827,811.45483,811.2201,810.78015,810.25366,809.63214,809.1742,808.7712,808.3233,807.7452,807.63654,807.2856,807.25934,807.1843,807.2849,806.89453,807.14935,807.1032,806.7799,23.955184960175416,23.709274315644166,23.599899315644166,24.206527733612916,24.641464257050416,24.326705956269166,23.745529198456666,23.754379296112916,23.771163964081666,23.468612694550416,23.435287499237916,22.769516014862916,22.345077538300416,21.170089745331666,20.169357323456666,19.585922264862916,19.351181053925416,18.911239647675416,18.384750389862916,17.763229393769166,17.305282616425416,16.902267479706666,16.454391503144166,15.876266503144166,15.767623925019166,15.416671776581666,15.390426659394166,15.315414452362916,15.416000389862916,15.025619530487916,15.280441307831666,15.234298729706666,14.910995507050416,corn,corn,corn,corn,soybeans,soybeans,corn,sorghum,corn,corn,corn,corn,corn,corn,corn,corn,corn,0,0,1,1,1,1,1,1,1,1,1,1,1,1,1,1,1,1,1,1,1,1,1,1,1,1
grid308,-100.53909489710938,39.40473901632812,25,13,grid28,19,1.0,791.8238540041921,82.91169599999999,0.0614,84.1248,871.4356531,791.6395676,74.215752,0.062,787.3108531,44.43199,46.65343,45.984867,47.76502,46.05144,46.328514,46.80647,44.232014,44.525333,45.08348,45.006317,46.305496,46.420822,47.541466,48.43171,48.478157,48.701027,46.666115,50.060307,49.972374,50.28003,50.593914,51.013283,51.40831,55.592686,55.376392,54.417847,55.344395,55.35197,55.202404,55.278656,55.658203,53.51059,815.1694,814.92267,814.8326,815.48596,815.9815,815.6671,815.0521,815.15295,815.2277,814.97784,814.95215,814.2442,813.8041,812.66846,811.6118,810.99133,810.65936,810.214,809.60156,809.05676,808.61237,808.1723,807.7205,807.1332,806.8724,806.58215,806.7893,806.5824,806.7116,806.4868,806.56433,806.5261,806.2546,23.34551855440168,23.09881445283918,23.00872656221418,23.66210790987043,24.15765234346418,23.84326025362043,23.22827001924543,23.32910009737043,23.40386816377668,23.15399023408918,23.12829443330793,22.42034765596418,21.98022314424543,20.84460302705793,19.78796240205793,19.16747900362043,18.83550878877668,18.39013525362043,17.77770849580793,17.23290869112043,16.78851171846418,16.34844824190168,15.896666015339179,15.309324706745429,15.048521484089179,14.758299316120429,14.965452636432929,14.758543456745429,14.887754882526679,14.662962402057929,14.740477050495429,14.702269042682929,14.430723632526679,corn,corn,corn,corn,soybeans,corn,corn,corn,sorghum,corn,corn,corn,corn,corn,corn,corn,corn,0,0,1,1,1,0,1,1,1,1,1,1,1,1,1,1,1,1,1,1,1,1,1,1,1,1
grid309,-100.53905324247397,39.41198047742188,25,14,grid28,19,1.0,791.6395675777441,74.21575200000001,0.062,84.1248,871.4356531,791.6395676,74.215752,0.062,787.3108531,45.585194,46.59756,47.061367,46.705116,46.005383,46.2576,46.733047,45.698402,44.58641,45.0588,45.03444,46.31267,46.418118,47.493065,48.437607,48.543507,46.160145,46.528942,48.58819,47.472565,47.851814,48.03161,48.457523,48.919987,55.6079,55.397846,54.48108,55.370476,55.38044,55.283646,55.313663,55.69399,51.991024,814.93304,814.77496,814.6459,815.1817,815.84753,815.53827,814.9344,815.0159,815.1678,814.9187,814.9444,814.1187,813.74634,812.64667,811.59143,810.9707,810.561,810.05853,809.4331,808.94995,808.50714,808.0918,807.6176,807.0265,806.79865,806.6139,806.8072,806.6631,806.7872,806.5428,806.6304,806.5696,806.11505,23.29347685584969,23.13539580116219,23.00630644569344,23.54213408241219,24.20796660194344,23.89870146522469,23.29481962928719,23.37636259803719,23.52821806678719,23.27913359413094,23.30482939491219,22.47914580116219,22.10677031288094,21.00709990272469,19.95186308631844,19.33113554725594,18.92140654334969,18.41896513709969,17.79353789100594,17.31038359413094,16.86757353553719,16.45222929725594,15.97804716834969,15.38692168006844,15.15907744178719,14.97432402381844,15.16762236366219,15.02351835975594,15.14760283241219,14.90321806678719,14.99080351600594,14.93001250038094,14.47548369178719,corn,corn,corn,corn,corn,corn,corn,corn,corn,corn,corn,corn,corn,corn,corn,corn,corn,0,0,1,1,1,1,1,1,1,1,1,1,1,1,1,1,1,1,1,1,1,1,1,1,1,1
grid310,-100.53901158783853,39.419221938515626,25,15,grid28,18,0.9473684210526315,791.598193358232,71.37806400000001,0.0604,84.1248,871.4356531,791.6395676,74.215752,0.062,787.3108531,45.350292,45.704395,46.92244,46.59985,45.03926,45.28435,45.792904,45.494987,44.3423,44.05481,44.784836,46.174084,46.2695,47.498074,48.269848,48.34856,46.01862,46.436607,48.552814,47.363113,47.732845,48.00995,48.31927,48.905205,55.552536,55.34818,54.475838,55.333313,55.34718,55.26471,55.280468,55.658813,51.871235,815.1812,815.1251,814.9613,815.24194,816.0711,815.7905,815.2572,815.2348,815.4013,815.13403,815.2485,814.3768,814.1561,812.9519,811.88416,811.2322,810.82745,810.3817,809.8195,809.2382,808.89166,808.45667,807.9641,807.3518,807.2126,807.01843,807.2584,807.19745,807.2836,807.0116,807.13086,807.00995,806.56244,23.583020020674212,23.526928712080462,23.363110352705462,23.643750001142962,24.472912598799212,24.192333985517962,23.659008790205462,23.636608887861712,23.803112794111712,23.535839844892962,23.650280762861712,22.778576661299212,22.557934571455462,21.353710938642962,20.285961915205462,19.633984376142962,19.229260255049212,18.783520508955462,18.221325684736712,17.640026856611712,17.293469239424212,16.858471680830462,16.365917969892962,15.753613282392962,15.614392090986712,15.420239258955462,15.660229493330462,15.599255372236712,15.685437012861712,15.413403321455462,15.532666016767962,15.411755372236712,14.964245606611712,sorghum,corn,corn,corn,corn,corn,corn,corn,corn,corn,corn,corn,corn,corn,corn,corn,corn,0,0,1,1,1,1,1,1,1,1,1,0,1,1,1,1,1,1,1,1,1,1,1,1,1,1
grid311,-100.53896993320313,39.426463399609375,25,16,grid27,0,0.0,791.8979146008,73.118472,0.058,77.1144,866.9341453,794.5284703,79.927704,0.0598,789.8197453,45.87987,47.00759,46.72775,46.666157,46.436485,46.614574,47.05164,45.995346,44.183968,45.360565,44.471737,45.957603,46.068325,47.28884,48.015587,48.249775,46.130264,46.545795,48.168922,47.457565,47.838898,48.080635,48.388226,48.97543,52.082478,51.7002,54.427227,51.73549,51.702282,55.18148,51.709198,52.116188,51.2827,815.855,815.906,815.5016,815.5995,816.7486,816.48004,816.0042,815.6463,815.9925,815.72565,815.8463,814.74835,814.66345,813.4712,812.3998,811.9822,811.55005,811.16455,810.42346,809.98676,809.64703,809.28455,808.78644,808.1506,807.8131,807.7014,807.96515,807.9913,808.02844,807.73444,807.88635,807.6924,807.152,23.95706586794995,24.00809125857495,23.60367231326245,23.70157270388745,24.8506815906062,24.5821269031062,24.1062968249812,23.7483866687312,24.0945780749812,23.8277323718562,23.94839887576245,22.8504374499812,22.76553754763745,21.57327680544995,20.50186567263745,20.08426313357495,19.65213422732495,19.26663618044995,18.52554731326245,18.0888407702937,17.7491190906062,17.38663129763745,16.8885233874812,16.2526591296687,15.91519575076245,15.80350141482495,16.0672343249812,16.0933573718562,16.13052778201245,15.8365214343562,15.98843793826245,15.79446821169995,15.25406293826245,other,other,other,other,other,other,other,other,other,other,other,other,other,other,other,other,other,17,0,0,0,0,0,0,0,0,0,0,0,0,0,0,0,0,0,0,0,0,0,0,0,0,0
grid312,-100.53892827856771,39.43370486070312,25,17,grid27,19,1.0,792.8719760735521,80.967072,0.0588,77.1144,866.9341453,794.5284703,79.927704,0.0598,789.8197453,45.652298,46.509853,46.867874,46.904556,45.965923,46.10148,46.50992,45.754887,43.79048,45.10581,44.076256,45.71375,45.845547,47.059486,47.745472,48.032387,45.76887,46.13642,47.77872,47.0461,47.391834,47.655613,47.946594,48.550377,51.939808,51.527782,51.730637,51.567642,51.561604,52.53661,51.557808,51.962475,50.6906,816.4233,816.63043,816.09,816.0482,817.34546,816.99854,816.59033,816.14716,816.5516,816.1771,816.3423,815.1699,815.16583,813.9958,813.02484,812.7289,812.2766,811.8061,811.1743,810.7436,810.45984,810.1027,809.6137,808.9596,808.5176,808.4327,808.68195,808.81903,808.8116,808.4837,808.69946,808.46155,807.7953,23.551302735041645,23.758456055354145,23.218050781916645,23.176241699885395,24.473482910822895,24.126559082697895,23.718355957697895,23.275179688166645,23.679598633479145,23.305147949885395,23.470309082697895,22.297945801447895,22.293856445979145,21.123812500666645,20.152865235041645,19.856905762385395,19.404635254572895,18.934115235041645,18.302340332697895,17.871615235041645,17.587862793635395,17.230746094416645,16.741732422541645,16.087618653010395,15.645602051447895,15.560702149104145,15.809969727229145,15.947054688166645,15.939608399104145,15.611727539729145,15.827486817072895,15.589571778010395,14.923312012385395,wheat,corn,corn,corn,corn,soybeans,corn,corn,sorghum,corn,corn,soybeans,corn,corn,soybeans,wheat,corn,0,2,1,1,1,1,1,1,1,1,1,1,1,1,1,1,1,1,1,1,1,1,1,1,1,1
grid313,-100.53007523252603,39.354040910355906,26,6,grid34,0,0.0,788.132321190168,68.086224,0.0615,73.152,859.0715097,790.1720479,78.556104,0.0609,785.9195097,42.009144,41.927933,42.528744,45.030266,41.45616,41.64803,42.041412,41.711056,40.093624,41.593296,40.5197,41.32403,41.589695,44.578476,43.285408,43.405415,43.63372,44.016964,44.402054,44.47543,44.97463,45.210224,45.515842,45.98614,47.516468,47.920254,47.702385,47.975197,47.930283,47.867958,47.688507,47.924583,46.46504,819.1836,818.6667,818.6291,818.8407,819.26215,818.9301,818.4645,818.4681,818.41986,817.69434,816.93353,817.53644,817.0783,815.7605,815.46466,815.0634,814.7454,814.5971,814.38434,813.53564,813.5954,813.234,812.963,812.41583,811.2195,811.19934,810.88214,810.4836,810.4709,810.39185,810.38983,810.1869,810.31274,31.051272559832,30.53436582155075,30.49676816530075,30.7083770520195,31.12982480592575,30.79779355592575,30.3321563488945,30.33575742311325,30.28753964967575,29.562014747332,28.80121152467575,29.40411679811325,28.94598691530075,27.628176856707,27.33233945436325,26.93109433717575,26.61310117311325,26.46478574342575,26.25201718873825,25.403323341082,25.46307675905075,25.1016875988945,24.8306915051445,24.28351132936325,23.087161231707,23.0670196301445,22.74981992311325,22.35126035280075,22.33856504030075,22.259524512957,22.25751035280075,22.0545684582695,22.180422950457,other,other,other,other,other,other,other,other,other,other,other,other,other,other,other,other,other,17,0,0,0,0,0,0,0,0,0,0,0,0,0,0,0,0,0,0,0,0,0,0,0,0,0
grid314,-100.53003369132813,39.36128093398437,26,7,grid34,19,1.0,790.1720478528961,78.556104,0.0609,73.152,859.0715097,790.1720479,78.556104,0.0609,785.9195097,42.71601,42.623116,43.19224,45.51565,42.063953,42.369778,42.666065,42.377712,40.430187,42.21197,41.06095,41.792946,42.002373,45.23726,43.784508,43.850506,44.4494,44.560467,44.993122,45.357433,45.56929,45.821465,46.14415,46.60439,48.33746,48.53678,49.3344,48.583244,48.537025,49.470364,48.338238,48.60954,47.287758,818.3882,818.0461,817.8516,818.0567,818.54266,818.17194,817.78973,817.6238,817.6196,816.97327,816.4367,816.6839,816.2299,814.64935,814.50885,814.0012,814.0193,813.58984,813.3624,812.7363,812.50946,812.0899,811.7909,811.2264,810.0621,810.0572,809.8348,809.4073,809.3971,809.3353,809.311,809.12195,809.2152,28.21613574085393,27.87403369007268,27.67957568226018,27.88465380726018,28.37061572132268,27.99988818226018,27.61768603382268,27.45173144397893,27.44758105335393,26.80121874866643,26.26465869007268,26.51185107288518,26.05787158069768,24.47730517444768,24.33680224476018,23.82917285022893,23.84723925647893,23.41779589710393,23.19037890491643,22.56428027210393,22.33741259632268,21.91785693226018,21.61884570179143,21.05433154163518,19.89002490101018,19.88514208851018,19.66272997913518,19.23523974476018,19.22504687366643,19.16327929554143,19.13892626819768,18.94990038929143,19.04316210804143,wheat,corn,corn,corn,corn,corn,corn,corn,corn,corn,corn,corn,corn,corn,corn,soybeans,corn,0,1,1,1,1,1,1,1,1,1,1,1,1,1,1,1,1,1,1,1,1,1,1,1,1,1
grid315,-100.5299921501302,39.368520957612844,26,8,grid34,0,0.0,791.708735448552,84.81060000000001,0.0534,73.152,859.0715097,790.1720479,78.556104,0.0609,785.9195097,43.46681,43.397373,43.898186,46.51684,42.81336,43.135227,43.4813,43.09057,41.27345,42.629066,41.861572,43.36991,43.56321,45.593212,45.292576,45.454502,44.9266,45.102142,46.641495,45.919174,46.16542,46.407215,46.74643,47.1968,50.16026,50.267086,49.88424,50.27861,50.243237,50.21199,50.085182,50.405148,49.23746,817.5427,817.2331,817.0199,817.2041,817.6974,817.3759,816.97015,816.7461,816.70856,816.11945,815.7638,815.88477,815.44604,813.91595,813.64984,813.1012,813.05505,812.59784,812.50946,811.69836,811.3369,811.0097,810.6859,810.1124,809.4904,809.2737,808.8271,808.7476,808.74396,808.34015,808.6545,808.5016,808.5345,25.833989160822966,25.524357813166716,25.311162012385466,25.495366113947966,25.988652246760466,25.667180078791716,25.261418360041716,25.037358301447966,24.999821680354216,24.410710352229216,24.055058496760466,24.176030176447966,23.737309473322966,22.207219141291716,21.941105860041716,21.392460840510466,21.346318262385466,20.889103906916716,20.800725000666716,19.989628809260466,19.628178613947966,19.300969141291716,18.977177637385466,18.403691309260466,17.781682031916716,17.564946192072966,17.118351953791716,17.038884180354216,17.035222070979216,16.631413477229216,16.945744531916716,16.792851465510466,16.825749414729216,other,corn,fallow,wheat,corn,fallow,wheat,corn,fallow,wheat,sorghum,sorghum,fallow,wheat,corn,fallow,wheat,1,5,0,0,0,0,0,0,0,0,0,0,0,0,0,0,0,0,0,0,0,0,0,0,0,0
grid316,-100.52995060893228,39.37576098124132,26,9,grid34,0,0.0,792.4625871082321,77.46492,0.0474,80.772,865.8687915,791.7097028,75.5904,0.0519,785.0967915,43.026695,43.044052,43.2913,46.767323,42.372547,42.70794,43.11713,42.3621,42.04806,41.88694,42.59863,43.828373,43.966816,44.904827,45.81777,45.870472,45.3954,45.674606,47.194195,46.47072,46.74666,46.981792,47.337463,47.77793,50.90667,50.846092,53.756496,50.876602,50.840286,54.012493,50.724815,51.076275,50.072052,816.63385,816.3644,816.10364,816.4527,816.80725,816.51074,816.0859,815.61914,815.8792,815.1835,815.13007,815.05383,814.6141,812.9086,812.66626,812.1058,812.1131,811.5589,811.531,810.68964,810.31116,809.96027,809.61444,809.0381,808.516,808.2317,808.04456,807.77704,807.7794,807.5863,807.67224,807.54626,807.5177,24.17126298942412,23.90179277458037,23.64105058708037,23.99011064567412,24.34466386833037,24.04815507926787,23.62328935661162,23.15655351676787,23.41662431754912,22.72088457145537,22.66747880973662,22.59124589958037,22.15148759879912,20.44604326286162,20.20367265739287,19.64318681754912,19.65051103629912,19.09631181754912,19.06841875114287,18.22704912223662,17.84857011833037,17.49767900504912,17.15185380973662,16.57549882926787,16.05340410270537,15.769102344892872,15.581968555830372,15.314451465986622,15.316831837080372,15.123716602705372,15.209654102705372,15.083677540205372,15.055113087080372,fallow,wheat,corn,fallow,wheat,corn,fallow,wheat,corn,fallow,wheat,corn,fallow,wheat,corn,fallow,wheat,0,6,0,0,0,0,0,0,0,0,0,0,0,0,0,0,0,0,0,0,0,0,0,0,0,0
grid317,-100.52990906773437,39.38300100486978,26,10,grid33,0,0.0,792.4661961901679,71.198232,0.0483,80.772,865.8687915,791.7097028,75.5904,0.0519,785.0967915,43.169716,43.331436,44.45405,46.995598,42.683136,43.03782,43.49972,42.65649,42.222088,42.013977,42.785595,44.27411,44.358574,45.19463,46.290104,46.30397,45.395485,45.66486,47.77175,46.55562,46.788944,47.06435,47.424473,47.88133,54.289413,54.382015,54.09997,54.355553,54.363644,54.485146,54.250595,54.566624,50.8691,815.8516,815.60724,815.4077,815.7116,816.1025,815.84326,815.3904,815.0547,815.0156,814.54205,814.47894,814.26636,813.8206,812.35583,811.80804,811.10535,811.01,810.4426,810.4965,809.5269,809.201,808.76074,808.3787,807.79944,807.53674,807.1545,807.24896,806.94,806.9555,806.81616,806.8328,806.73,806.68304,23.38542734498833,23.14104257936333,22.94151865358208,23.24541269655083,23.63628183717583,23.37706552858208,22.92418466920708,22.58849130983208,22.54942880983208,22.07585703248833,22.01274668092583,21.80016123170708,21.35442148561333,19.88963877076958,19.34184824342583,18.63915048951958,18.54381357545708,17.97643076295708,18.03032480592583,17.06072031373833,16.73479257936333,16.29454599733208,15.91252695436333,15.33324228639458,15.07054697389458,14.68828379030083,14.78276621217583,14.47380625123833,14.48930918092583,14.34996591920708,14.36662851686333,14.26378427858208,14.21684824342583,other,other,other,other,other,other,other,other,other,other,other,other,other,other,other,other,other,17,0,0,0,0,0,0,0,0,0,0,0,0,0,0,0,0,0,0,0,0,0,0,0,0,0
grid318,-100.52986752653646,39.39024102849826,26,11,grid33,11,0.5789473684210527,791.709702831936,75.5904,0.0519,80.772,865.8687915,791.7097028,75.5904,0.0519,785.0967915,43.5785,43.761837,44.921967,47.201576,43.101322,43.448784,43.9393,43.120865,43.85342,42.25312,44.41322,45.89584,46.061344,47.31484,47.952484,47.972717,45.718685,46.032898,49.338203,46.935806,47.221905,47.459694,47.831978,48.28212,54.703453,54.705578,53.804165,54.676952,54.683094,54.362144,54.594894,54.930107,52.415833,814.99146,814.73785,814.564,814.96387,815.3426,815.0893,814.5936,814.34937,814.26,813.88715,813.8515,813.3762,812.94226,811.73096,810.88184,810.13324,810.2029,809.63336,809.40497,808.67896,808.2707,807.87225,807.47833,806.9001,806.66455,806.32587,806.4018,806.1935,806.2262,806.007,806.08325,806.0027,805.7248,23.281752246188944,23.028151171970194,22.854323046970194,23.254164355563944,23.632887500095194,23.379591601657694,22.883925097751444,22.639662402438944,22.550306933688944,22.177443164157694,22.141798632907694,21.666517871188944,21.232557910251444,20.021254199313944,19.172133105563944,18.423536914157694,18.493178027438944,17.923658984470194,17.695265429782694,16.969252246188944,16.560988086032694,16.162550586032694,15.768629687595194,15.190382617282694,14.954847949313944,14.616163867282694,14.692091601657694,14.483778613376444,14.516493457126444,14.297316211032694,14.373549121188944,14.292982714938944,14.015089648532694,corn,fallow,wheat,other,soybeans,corn,corn,wheat,corn,corn,wheat,corn,corn,wheat,corn,sorghum,corn,1,4,1,1,1,1,1,1,0,0,1,0,0,0,0,0,1,0,1,1,1,1,1,1,1,1
grid319,-100.52982598533853,39.397481052126736,26,12,grid33,4,0.21052631578947367,790.689597655488,86.28888,0.0559,76.2,860.9469981,787.1582039,85.859112,0.0574,784.7469981,43.904762,46.395336,45.31523,47.363937,45.815998,46.097385,46.55655,43.5198,44.095352,44.93951,44.61506,46.04854,46.215202,47.338856,48.15748,48.11173,48.273582,46.3521,49.534565,49.45983,49.757504,50.07206,50.466087,50.866528,55.109047,55.0,54.134422,54.981144,54.985558,54.80758,54.920174,55.27387,52.705723,814.2376,813.9807,813.8348,814.30774,814.72626,814.46014,813.92114,813.78424,813.72833,813.42004,813.4013,812.7631,812.32117,811.29443,810.1631,809.4764,809.48987,808.9771,808.5933,807.94684,807.5934,807.1151,806.71484,806.1311,805.9803,805.59894,805.7742,805.58405,805.6371,805.4129,805.47675,805.4083,805.09155,23.54801220779325,23.291115235137,23.14518017654325,23.6181416023245,24.03665966873075,23.77054638748075,23.231544922637,23.09464306716825,23.03873486404325,22.7304462898245,22.71170849685575,22.07352490310575,21.6315693366995,20.604835938262,19.473488282012,18.78678173904325,18.8002705085745,18.28751416091825,17.90372509841825,17.25724072341825,16.9037861335745,16.4255146491995,16.025246094512,15.441505860137,15.29068798904325,14.90934033279325,15.084572266387,14.89444775466825,14.9474873054495,14.72330517654325,14.78714794998075,14.7187275398245,14.401955078887,corn,corn,fallow,wheat,corn,sorghum,corn,sorghum,corn,fallow,wheat,corn,corn,fallow,wheat,corn,corn,0,3,0,0,0,0,0,0,0,0,1,0,0,0,0,0,1,0,0,0,0,1,0,0,0,1
grid320,-100.52978444414063,39.404721075755205,26,13,grid33,0,0.0,789.66975293064,86.12124000000001,0.0593,76.2,860.9469981,787.1582039,85.859112,0.0574,784.7469981,44.15331,46.43826,45.641598,47.48061,45.85805,46.118004,46.58302,43.848293,44.264828,44.962738,44.74831,46.11495,46.26495,47.33692,48.223392,48.232895,48.388306,46.21095,49.707706,49.600246,49.90071,50.216614,50.6176,51.013554,55.235046,55.08245,54.188572,55.05885,55.066193,54.87831,54.980133,55.33951,52.93082,813.675,813.43634,813.30725,813.78564,814.29144,814.00793,813.4442,813.39484,813.3953,813.12,813.1271,812.42114,811.98236,811.00214,809.796,809.1231,809.0338,808.53467,808.04987,807.4771,807.129,806.6298,806.2182,805.6336,805.4133,805.0895,805.2719,805.11255,805.1812,804.9509,805.01166,804.9367,804.65393,24.005234862328734,23.766587401391234,23.637498045922484,24.115891600609984,24.621689940453734,24.338181639672484,23.774460936547484,23.725083495141234,23.725571776391234,23.450242186547484,23.457322264672484,22.751389647484984,22.312607909203734,21.332383299828734,20.126267577172484,19.453354979516234,19.364060545922484,18.864915038109984,18.380112792016234,17.807358885766234,17.459275389672484,16.960068846703734,16.548447752953734,15.963853026391234,15.743577147484984,15.419724608422484,15.602158690453734,15.442795897484984,15.511460448266234,15.281174803734984,15.341904784203734,15.266953612328734,14.984177733422484,corn,corn,wheat,other,fallow,wheat,other,sorghum,wheat,wheat,sorghum,wheat,wheat,corn,wheat,wheat,corn,2,8,0,0,0,0,0,0,0,0,0,0,0,0,0,0,0,0,0,0,0,0,0,0,0,0
grid321,-100.52974290294271,39.41196109938368,26,14,grid33,12,0.631578947368421,788.892200391768,78.510384,0.0622,77.4192,867.2560854,787.7099842,76.23048,0.0635,789.8368854,45.414974,46.40262,46.818485,46.53253,45.828964,46.05486,46.51842,45.452198,44.342323,44.944443,44.78422,46.003574,46.128506,47.292564,48.083313,48.309982,45.749863,46.0925,48.213085,46.99017,47.364624,47.534737,47.941753,48.41471,55.288273,55.117847,54.260777,55.098297,55.10799,54.973637,55.028996,55.390408,52.445293,813.3922,813.24133,813.0823,813.46594,814.1398,813.77313,813.21594,813.2401,813.31476,812.97943,813.0226,812.3633,811.9709,810.88104,809.90625,809.0824,808.90454,808.4144,807.9626,807.34186,806.99524,806.50946,806.0798,805.49615,805.31665,805.0715,805.2515,805.1406,805.2063,804.9539,805.0305,804.9327,804.5698,24.50001152229447,24.34913261604447,24.19007499885697,24.57374199104447,25.24757011604447,24.88093193245072,24.32374199104447,24.34791191291947,24.42255790901322,24.08723076057572,24.13038261604447,23.47108085823197,23.07868583870072,21.98884208870072,21.01404960823197,20.19019706916947,20.01234062385697,19.52222831916947,19.07038505745072,18.44965751838822,18.10303886604447,17.61726005745072,17.18757255745072,16.60395439338822,16.42444999885697,16.17927177620072,16.35932548713822,16.24842460823197,16.31409843635697,16.06171806526322,16.13831718635697,16.04047783088822,15.677623826981971,sorghum,wheat,corn,fallow,corn,corn,corn,wheat,corn,sorghum,other,corn,corn,corn,corn,corn,corn,1,2,0,0,0,0,0,0,0,0,0,0,0,1,0,1,1,1,1,1,1,1,1,1,1,1
grid322,-100.52970136174478,39.41920112301215,26,15,grid33,19,1.0,787.70998418064,76.23048,0.0635,77.4192,867.2560854,787.7099842,76.23048,0.0635,789.8368854,45.220924,46.40752,46.705914,47.041134,45.813046,46.033646,46.49853,45.288265,44.85822,44.771545,45.10995,46.007324,46.136147,47.375507,48.098892,48.946033,46.654,46.045227,48.218502,47.950516,48.313217,48.668354,48.969406,49.48144,52.01784,51.632477,54.274696,51.65925,51.620884,54.9838,51.62565,52.024338,51.240868,813.4022,813.49414,813.16034,813.4007,814.33856,814.0338,813.5202,813.26935,813.5932,813.23865,813.36664,812.4216,812.1218,811.00433,810.0557,809.50995,809.2575,808.74945,808.1048,807.7205,807.40533,806.9433,806.5102,805.9036,805.50903,805.3406,805.4489,805.4006,805.4435,805.16895,805.2731,805.1308,804.78534,25.69223749904745,25.78415644435995,25.4503551748287,25.6907116201412,26.6285778310787,26.32382929592245,25.8102184560787,25.5593639638912,25.8832165029537,25.52866328029745,25.6566540029537,24.7115856435787,24.41184199123495,23.2943493154537,22.3457409170162,21.7999645498287,21.5475231435787,21.0394665029537,20.3948131826412,20.0105358388912,19.6953502920162,19.2333141592037,18.8002086904537,18.1936413076412,17.79904902248495,17.63059199123495,17.7389293935787,17.6905895498287,17.73349726467245,17.45896113185995,17.56308710842245,17.4208141592037,17.0753551748287,other,corn,corn,corn,corn,corn,corn,sorghum,corn,corn,corn,corn,sorghum,corn,corn,corn,sorghum,1,0,1,1,1,1,1,1,1,1,1,1,1,1,1,1,1,1,1,1,1,1,1,1,1,1
grid323,-100.52965982054688,39.42644114664062,26,16,grid32,0,0.0,788.953015282584,76.34935200000001,0.0627,75.2856,863.5942469,785.9754668,76.196952,0.0663,788.3086469,45.79861,46.06167,46.550865,46.939964,45.483387,45.664547,46.10896,45.85491,44.054585,44.596943,44.355865,45.82418,45.964703,47.194027,47.88013,48.106205,45.8273,46.19163,47.881878,47.10731,47.4571,47.72417,48.0147,48.609806,51.69593,51.37435,54.254948,51.401676,51.3648,54.94333,51.3548,51.7438,50.7093,813.92694,813.9306,813.5448,813.528,814.6951,814.3773,813.9201,813.4991,813.84143,813.58545,813.6606,812.70325,812.49536,811.37964,810.4583,809.88873,809.61884,809.1392,808.4981,808.0993,807.7993,807.3563,806.92505,806.30475,805.8996,805.8249,805.9474,805.9576,805.97314,805.6854,805.81555,805.61847,805.20435,24.973925635384717,24.977587744759717,24.591784522103467,24.574999854134717,25.742114111947217,25.424304053353467,24.967089697884717,24.546069190072217,24.888415381478467,24.632433936165967,24.707568213509717,23.750231787728467,23.542346045540967,22.426623389290967,21.505297705697217,20.935717627572217,20.665820166634717,20.186205908822217,19.545092627572217,19.146288916634717,18.846301123665967,18.403307959603467,17.972033545540967,17.351733252572217,16.946581885384717,16.871874854134717,16.994372412728467,17.004565283822217,17.020129248665967,16.732409522103467,16.862536475228467,16.665453955697217,16.251330420540967,other,other,other,other,other,other,other,other,other,other,other,other,other,other,other,other,other,17,0,0,0,0,0,0,0,0,0,0,0,0,0,0,0,0,0,0,0,0,0,0,0,0,0
grid324,-100.52961827934897,39.4336811702691,26,17,grid32,0,0.0,790.785517383384,82.31124000000001,0.0642,75.2856,863.5942469,785.9754668,76.196952,0.0663,788.3086469,45.440205,46.54102,46.740532,46.78537,45.99441,46.12231,46.5344,45.4833,43.70865,45.108986,44.010353,44.152725,44.229877,45.38802,46.10502,46.56696,44.191376,44.675472,46.120068,45.492588,45.832535,46.06996,46.357826,46.927933,50.696445,50.14467,51.07043,51.288315,51.27903,51.880325,51.263233,51.65412,49.36835,814.4031,814.5139,814.0361,814.0179,815.204,814.86584,814.46686,813.9682,814.3064,814.0412,814.1444,813.2636,813.10657,811.9963,811.1156,810.5059,810.1343,809.73456,809.10077,808.65906,808.3862,807.9283,807.5423,806.88324,806.5658,806.56464,806.5337,806.616,806.5999,806.31726,806.4814,806.2527,805.658,23.61755878849101,23.72839863224101,23.25055439395976,23.23236591739726,24.41846210880351,24.08032734317851,23.68134052677226,23.18268330020976,23.52087910099101,23.25568134708476,23.35889179630351,22.47809345645976,22.32104999942851,21.21075947208476,20.33008320255351,19.72040302677226,19.34875996036601,18.94904072208476,18.31525165958476,17.87354023380351,17.60071308536601,17.14276630802226,16.75677997989726,16.09772236270976,15.78027851505351,15.77911884708476,15.74817402286601,15.83051044864726,15.81439716739726,15.53174335880351,15.69586689395976,15.46716816349101,14.87250263614726,wheat,fallow,wheat,fallow,wheat,fallow,wheat,sorghum,fallow,wheat,fallow,wheat,sorghum,corn,corn,fallow,wheat,0,7,0,0,0,0,0,0,0,0,0,0,0,0,0,0,0,0,0,0,0,0,0,0,0,0
grid325,-100.52076398549478,39.35403303203993,27,6,grid34,4,0.21052631578947367,786.0814324222561,58.04306400000001,0.0615,73.152,859.0715097,790.1720479,78.556104,0.0609,785.9195097,41.553734,41.520245,42.061295,44.761646,41.0623,41.17102,41.668407,41.189114,39.55093,41.54439,40.134583,40.93566,41.246124,44.991455,42.890514,43.047745,43.796013,43.846256,43.914783,44.624496,44.77949,45.044006,45.31364,45.754463,45.24352,45.519268,45.406876,45.59765,45.53172,45.74788,45.34314,45.552975,46.531715,817.1031,816.55475,816.51666,816.8389,817.05615,816.8767,816.465,816.3129,816.23157,815.7405,814.8931,815.52747,815.0842,813.11475,813.4205,813.0972,812.99304,812.53467,812.50464,811.86523,811.58,811.28284,811.062,810.47504,809.5003,809.6544,809.1784,808.83624,808.8522,808.80896,808.7967,808.56396,808.5709,31.021655956650193,30.473316112900193,30.435230175400193,30.757495800400193,30.974719921493943,30.795276562118943,30.383594433212693,30.231494823837693,30.150134960556443,29.659046093368943,28.811695019150193,29.446033398056443,29.002796093368943,27.033313671493943,27.339038769150193,27.015796581650193,26.911609569931443,26.453235546493943,26.423206249618943,25.783801952743943,25.498584667587693,25.201404491806443,24.980579296493943,24.393604198837693,23.418872753525193,23.572986523056443,23.096973339462693,22.754810253525193,22.770740429306443,22.727527538681443,22.715259472275193,22.482532421493943,22.489490429306443,fallow,wheat,sorghum,sorghum,soybeans,wheat,sorghum,sorghum,fallow,wheat,fallow,wheat,fallow,wheat,sorghum,sorghum,corn,0,5,0,0,0,0,0,1,0,0,0,0,0,1,1,0,0,0,0,0,0,0,0,0,0,1
grid326,-100.52072255773437,39.36127161820312,27,7,grid34,19,1.0,788.7970992195121,71.94804,0.0617,73.152,859.0715097,790.1720479,78.556104,0.0609,785.9195097,42.29543,42.181877,42.572784,45.254814,41.596527,41.87463,42.1373,41.88543,40.00031,41.800858,40.625465,41.410213,41.66457,45.32474,43.39616,43.499035,44.04318,44.094624,44.5134,44.88406,45.048534,45.32969,45.635376,46.108856,47.175766,46.85812,47.014503,47.236717,47.174923,47.322132,47.005707,47.278492,47.006535,816.44305,816.189,815.9514,816.13324,816.55505,816.2686,815.9161,815.55835,815.6144,815.1032,814.48,814.67346,814.23096,812.3908,812.4602,812.0177,812.0929,811.585,811.4945,810.863,810.5911,810.2305,809.9708,809.36774,808.388,808.56586,808.18146,807.8367,807.84607,807.8076,807.78314,807.5807,807.57654,27.64595497970663,27.39192665939413,27.15431679611288,27.33614052658163,27.75795449142538,27.47151650314413,27.11897744064413,26.76125038986288,26.81728066330038,26.30611122970663,25.68288124923788,25.87636269455038,25.43385781173788,23.59370888595663,23.66310585861288,23.22060097580038,23.29579628830038,22.78792275314413,22.69740761642538,22.06587685470663,21.79402626876913,21.43343056564413,21.17372597580038,20.57063759689413,19.59090126876913,19.76875771408163,19.38435830001913,19.03957070236288,19.04897011642538,19.01051796798788,18.98604287033163,18.78358925705038,18.77943886642538,sorghum,soybeans,corn,corn,soybeans,corn,corn,soybeans,corn,corn,corn,corn,corn,corn,corn,corn,soybeans,0,0,1,1,1,1,1,1,1,1,1,1,1,1,1,1,1,1,1,1,1,1,1,1,1,1
grid327,-100.52068112997395,39.368510204366316,27,8,grid34,0,0.0,791.096735596608,82.609944,0.0563,74.676,857.8317271,790.4369619,78.373224,0.0579,783.1557271,43.068516,42.998367,43.329136,46.282673,42.39464,42.69108,43.004547,42.608948,40.865643,42.247395,41.44954,42.98788,43.227432,45.14933,44.90552,45.08957,44.512955,44.646576,46.14264,45.43735,45.697556,45.90753,46.228806,46.69234,47.84718,47.858173,47.599323,47.881084,47.825603,48.110386,47.724174,48.01479,47.9039,815.6728,815.436,815.1701,815.2983,815.7318,815.5014,815.1323,814.69476,814.6864,814.2243,813.788,813.8649,813.43286,811.84485,811.5963,811.01404,811.06244,810.59155,810.58636,809.75806,809.45636,809.0829,808.80005,808.1914,807.63086,807.5327,807.15106,807.0334,807.0403,806.7829,806.9632,806.7836,806.54443,24.576054930735722,24.339238524485722,24.073369383860722,24.201543211985722,24.635075926829472,24.404668211985722,24.035588622141972,23.598027586985722,23.589665770579472,23.127568602610722,22.691289305735722,22.768193602610722,22.336125731516972,20.748113036204472,20.499577879954472,19.917302489329472,19.965703368235722,19.494817137766972,19.489629149485722,18.661321044016972,18.359624266673222,17.986150145579472,17.703313231516972,17.094670653391972,16.534123778391972,16.435979247141972,16.054326415110722,15.936650633860722,15.943547606516972,15.686162352610722,15.866460204173222,15.686894774485722,15.447697997141972,other,other,other,other,other,other,other,other,other,other,other,other,other,other,other,other,other,17,0,0,0,0,0,0,0,0,0,0,0,0,0,0,0,0,0,0,0,0,0,0,0,0,0
grid328,-100.52063970221353,39.375748790529514,27,9,grid34,17,0.8947368421052632,792.458345508384,78.85785600000001,0.0495,74.676,857.8317271,790.4369619,78.373224,0.0579,783.1557271,42.713997,43.7353,44.011974,46.532673,43.113926,43.42531,43.784348,41.95046,42.178276,42.655975,42.759712,43.45946,43.64372,45.50313,45.411037,45.519478,45.722,45.23347,46.711906,46.745167,47.014786,47.295864,47.633705,48.02525,48.666164,48.4948,49.54649,48.515404,48.45936,50.008347,48.402073,48.726986,49.327305,814.8686,814.7303,814.44635,814.58276,814.98615,814.8023,814.416,813.59753,813.9887,813.41534,813.32806,813.0121,812.57697,811.26544,810.55646,809.97253,810.27594,809.553,809.6261,808.91473,808.59674,808.21216,807.90686,807.2926,806.6813,806.46606,806.21423,806.09814,806.0967,805.84357,805.9941,805.8454,805.6334,22.410245800209736,22.271940136147236,21.988004589272236,22.124418163490986,22.527799511147236,22.343961620522236,21.957670116615986,21.139188671303486,21.530362987709736,20.956998729897236,20.869718456459736,20.553739452553486,20.118619823647236,18.807096386147236,18.098112011147236,17.514188671303486,17.817594433022236,17.094633007240986,17.167753124428486,16.456388378334736,16.138395214272236,15.753812694740986,15.448514843178486,14.834257030678486,14.222928905678486,14.007718944740986,13.755887890053486,13.639799022865986,13.638334179115986,13.385221386147236,13.535734081459736,13.387052440834736,13.175077343178486,sorghum,corn,soybeans,wheat,corn,soybeans,corn,corn,sorghum,wheat,corn,corn,corn,corn,soybeans,corn,corn,0,2,1,1,1,1,1,1,1,1,1,1,1,1,0,1,1,1,1,1,0,1,1,1,1,1
grid329,-100.52059827445312,39.382987376692704,27,10,grid33,0,0.0,792.470400586128,73.901808,0.0481,80.772,865.8687915,791.7097028,75.5904,0.0519,785.0967915,42.904797,43.899033,44.13595,46.75586,43.308537,43.647038,44.03168,42.26847,42.92892,42.832222,43.470333,43.917824,44.04774,45.84851,45.897274,45.96765,46.188652,45.26782,47.306633,47.29377,47.553104,47.87151,48.225113,48.601723,49.523205,49.09298,51.774254,49.173798,49.1174,52.35791,49.105583,49.46595,50.18206,814.15,813.93774,813.6453,813.8755,814.2179,814.0558,813.64435,813.09045,813.1366,812.5795,812.6327,812.2117,811.77136,810.68,809.6979,808.93744,809.28656,808.5798,808.6324,807.8545,807.6031,807.1113,806.78424,806.18536,805.77783,805.53894,805.4998,805.3095,805.3028,805.1475,805.17163,805.05524,804.7884,21.679623827934506,21.467343554497006,21.174924120903256,21.405087695122006,21.747494921684506,21.585385546684506,21.173947558403256,20.620053515434506,20.666196093559506,20.109128222465756,20.162289843559506,19.741269335747006,19.300961718559506,18.209592089653256,17.227475390434506,16.467038378715756,16.816159472465756,16.109372363090756,16.161984667778256,15.384091601372006,15.132687792778256,14.640927538872006,14.313840136528256,13.714963183403256,13.307431445122006,13.068539843559506,13.029416308403256,12.839108691215756,12.832394824028256,12.677121386528256,12.701230273247006,12.584836230278256,12.317990527153256,wheat,other,corn,fallow,wheat,corn,fallow,wheat,sorghum,fallow,wheat,sorghum,fallow,wheat,corn,corn,fallow,1,5,0,0,0,0,0,0,0,0,0,0,0,0,0,0,0,0,0,0,0,0,0,0,0,0
grid330,-100.5205568466927,39.3902259628559,27,11,grid33,5,0.2631578947368421,791.2358712888721,77.40396,0.0513,80.772,865.8687915,791.7097028,75.5904,0.0519,785.0967915,43.3024,44.382458,44.586483,46.93717,43.77692,44.09755,44.510345,42.725365,42.478035,43.10486,42.9787,45.606853,45.814598,45.169106,47.652084,46.34997,46.58577,45.637928,47.8178,47.758923,48.06389,48.358673,48.72637,49.08946,52.56077,52.371193,52.13118,52.368645,52.354355,52.841427,52.324776,52.64526,50.87535,813.2635,813.05444,812.78033,813.0798,813.44476,813.29736,812.8432,812.35474,812.2257,811.8866,811.8634,811.36676,810.93085,809.9591,808.8901,808.1564,808.4769,807.8244,807.76764,807.00085,806.70166,806.22235,805.8771,805.2894,805.0073,804.63336,804.72375,804.48254,804.47675,804.37866,804.3227,804.2226,803.9545,22.02761748065916,21.81857207050291,21.54446318378416,21.84390166034666,22.20889189472166,22.06149199237791,21.60732939472166,21.11886503925291,20.98983671894041,20.65072539081541,20.62753203144041,20.13088896503416,19.69497587909666,18.72323515644041,17.65420439472166,16.92050078144041,17.24105742206541,16.58853056659666,16.53176787128416,15.76498320331541,15.46578886737791,14.98647978534666,14.64120390644041,14.05355742206541,13.77145292987791,13.39749052753416,13.48788359394041,13.24667265644041,13.24087431659666,13.14279082050291,13.08682158222166,12.98672392597166,12.71865751972166,corn,fallow,wheat,corn,soybeans,corn,fallow,wheat,corn,fallow,wheat,corn,fallow,wheat,corn,corn,corn,0,4,0,0,0,0,0,0,0,0,1,0,0,0,0,0,0,0,0,1,0,1,1,0,0,1
grid331,-100.52051541893229,39.39746454901909,27,12,grid33,0,0.0,789.25496894436,85.219032,0.0549,76.2,860.9469981,787.1582039,85.859112,0.0574,784.7469981,43.621155,46.185707,44.969154,47.082443,45.628372,45.892517,46.339157,43.13083,43.83349,44.81743,44.352238,44.07031,44.190865,46.162373,46.03036,46.822357,47.976437,45.947166,48.220825,49.10649,49.38344,49.713886,50.09068,50.492165,53.01421,52.71872,52.47074,52.715397,52.699825,53.29826,52.693798,53.036285,51.536972,812.54266,812.29083,812.09607,812.44904,812.83435,812.6236,812.12964,811.84174,811.71954,811.39233,811.4184,810.87964,810.4274,809.55255,808.3839,807.607,807.7958,807.2514,807.0284,806.2974,805.9851,805.4948,805.13226,804.5502,804.44696,804.0806,804.1893,803.9736,803.9769,803.8457,803.80536,803.7065,803.33813,23.28769462985872,23.03586357517122,22.84110039157747,23.19406670017122,23.57938164157747,23.36862724704622,22.87466972751497,22.58676689548372,22.46457451267122,22.13736504001497,22.16342705173372,21.62466972751497,21.17246025485872,20.29758232517122,19.12894218845247,18.35202568454622,18.54080742282747,17.99643486423372,17.77341240329622,17.04245537204622,16.73013847751497,16.23984306735872,15.87729423923372,15.29520195407747,15.19199150485872,14.82565849704622,14.93430107517122,14.71860283298372,14.72195976657747,14.59073418063997,14.55038994235872,14.45151298923372,14.08316582126497,other,other,sorghum,fallow,wheat,corn,corn,sorghum,sorghum,fallow,wheat,corn,corn,fallow,wheat,corn,corn,2,3,0,0,0,0,0,0,0,0,0,0,0,0,0,0,0,0,0,0,0,0,0,0,0,0
grid332,-100.52047399117187,39.40470313518229,27,13,grid33,18,0.9473684210526315,787.158203905488,85.85911200000001,0.0574,76.2,860.9469981,787.1582039,85.859112,0.0574,784.7469981,43.872845,46.22496,45.293686,47.18912,45.665714,45.909813,46.362255,43.47338,43.99621,44.84172,44.480618,44.17662,44.27879,46.190998,46.14125,46.95817,48.086346,45.773952,48.41645,49.24005,49.509388,49.851513,50.234886,50.631226,53.095905,52.772453,52.456467,52.77218,52.759613,53.290405,52.73283,53.082077,51.804268,811.9995,811.7743,811.59906,811.9497,812.44403,812.1925,811.6708,811.4883,811.4269,811.1328,811.17444,810.5718,810.1241,809.29114,808.06177,807.331,807.40314,806.8691,806.54407,805.8969,805.5162,805.08276,804.70734,804.128,804.0121,803.68823,803.7764,803.60657,803.61743,803.4409,803.43585,803.32135,802.9478,24.841307813262006,24.616088086699506,24.440856153105756,24.791503125762006,25.285826856230756,25.034300977324506,24.512572461699506,24.330077344512006,24.268675977324506,23.974608594512006,24.016234571074506,23.413573438262006,22.965880567168256,22.132933789824506,20.903563672637006,20.172789746855756,20.244933301543256,19.710875684355756,19.385863477324506,18.738707715605756,18.357970410918256,17.924559766387006,17.549132520293256,16.969786817168256,16.853881055449506,16.530028516387006,16.618224317168256,16.448363477324506,16.459227735137006,16.282714063262006,16.277648145293256,16.163146192168256,15.789611035918256,sorghum,corn,corn,soybeans,corn,corn,sorghum,corn,soybeans,corn,corn,corn,corn,corn,corn,corn,soybeans,0,0,1,1,1,1,1,1,1,1,1,0,1,1,1,1,1,1,1,1,1,1,1,1,1,1
grid333,-100.52043256341146,39.411941721345485,27,14,grid33,15,0.7894736842105263,785.6623696291921,80.30565600000001,0.0604,76.5048,863.1469757,780.6646654,71.237856,0.059,786.6421757,45.241585,46.207497,46.573708,47.01056,45.651897,45.8715,46.324642,45.212734,44.79489,44.839077,45.046215,45.02751,45.109383,46.193363,47.013107,47.06791,44.42388,45.657814,46.954754,45.69146,46.05075,46.28634,46.67767,47.053806,53.23291,52.875538,54.03789,52.87868,52.86838,54.659893,52.85036,53.206448,50.26841,811.669,811.53107,811.334,811.9334,812.2737,811.9813,811.45734,811.316,811.5152,811.0536,811.24585,810.6313,810.2149,809.2144,808.1757,807.28455,807.2374,806.72577,806.4505,805.7392,805.3702,804.92584,804.5402,803.9625,803.8671,803.62506,803.61145,803.5853,803.5956,803.2728,803.4124,803.274,802.99335,26.006636718464165,25.868697265339165,25.671614745807915,26.271041015339165,26.611312011432915,26.318953612995415,25.794966796589165,25.653609374714165,25.852828124714165,25.391219237995415,25.583479980182915,24.968916991901665,24.552535155964165,23.552046874714165,22.513350585651665,21.622176269245415,21.575057128620415,21.063399413776665,20.788130859089165,20.076827148151665,19.707808593464165,19.263472655964165,18.877852538776665,18.300154784870415,18.204756835651665,17.962691405964165,17.949080566120415,17.922957519245415,17.933211425495415,17.610457519245415,17.750044921589165,17.611617187214165,17.330977538776665,fallow,corn,corn,corn,corn,corn,corn,wheat,wheat,corn,corn,wheat,other,sorghum,corn,corn,corn,1,3,1,1,1,1,1,1,1,1,1,0,1,1,1,1,1,1,0,1,1,1,0,1,1,0
grid334,-100.52039113565104,39.41918030750868,27,15,grid33,19,1.0,784.2789750000001,77.535024,0.0643,75.2856,863.5942469,785.9754668,76.196952,0.0663,788.3086469,45.093544,46.248306,46.49828,47.01603,45.66529,45.876034,46.333958,45.09843,44.768616,44.677128,45.01431,45.017136,45.094643,46.16718,46.99881,46.833725,44.40007,45.621384,46.802303,45.663593,46.018536,46.35212,46.6363,47.116333,51.586796,51.286083,50.926308,51.30776,51.2668,51.771896,51.25274,51.632965,50.008236,811.63477,811.744,811.3696,811.84503,812.47894,812.1554,811.6656,811.3436,811.65393,811.2674,811.4065,810.72894,810.36597,809.3422,808.40356,807.63086,807.522,806.9947,806.51324,806.0454,805.69916,805.2603,804.8794,804.28937,803.78723,803.7074,803.8368,803.7117,803.71155,803.5292,803.5324,803.35956,803.10486,27.35579062499994,27.46504355468744,27.09065390624994,27.56605673828119,28.19996787109369,27.87642050781244,27.38661337890619,27.06465292968744,27.37495566406244,26.98842001953119,27.12751914062494,26.44996787109369,26.08699179687494,25.06324912109369,24.12458945312494,23.35188437499994,23.24299765624994,22.71571494140619,22.23426962890619,21.76643515624994,21.42018271484369,20.98133994140619,20.60041953124994,20.01039267578119,19.50825644531244,19.42842246093744,19.55781699218744,19.43269492187494,19.43257285156244,19.25019980468744,19.25343466796869,19.08058310546869,18.82588339843744,sorghum,corn,corn,corn,corn,soybeans,corn,corn,corn,corn,corn,corn,corn,soybeans,corn,corn,corn,0,0,1,1,1,0,1,1,1,1,1,1,1,1,1,1,1,1,1,1,1,1,1,1,1,1
grid335,-100.52034970789063,39.42641889367187,27,16,grid32,0,0.0,785.9754667972561,76.19695200000001,0.0663,75.2856,863.5942469,785.9754668,76.196952,0.0663,788.3086469,45.711334,45.948242,46.377357,46.73921,45.376373,45.550156,45.991253,45.720257,44.525284,44.526627,44.78016,44.946896,45.037434,46.172237,46.92227,46.930042,44.54769,44.004257,46.75157,45.86204,46.20572,46.536224,46.813866,47.30263,50.46311,49.914413,50.51414,49.998577,49.958344,51.314423,49.94787,50.343998,49.81132,812.0527,812.0323,811.63885,811.6321,812.728,812.366,811.92456,811.4267,811.9244,811.52875,811.6985,810.9661,810.658,809.61774,808.7376,808.03046,807.82477,807.2424,806.8101,806.371,806.02655,805.6137,805.24054,804.6237,804.0931,804.09985,804.1826,804.22955,804.21295,803.9019,804.0547,803.8456,803.44635,26.077206542587646,26.056820800400146,25.663388183212646,25.656613280868896,26.752560546493896,26.390561034775146,25.949093749618896,25.451229980087646,25.948910644150146,25.553280761337646,25.723019530868896,24.990658691025146,24.682553222275146,23.642270019150146,22.762143066025146,22.054989745712646,21.849301269150146,21.266903808212646,20.834652831650146,20.395504882431396,20.051083495712646,19.638241698837646,19.265072753525146,18.648251464462646,18.117611816025146,18.124386718368896,18.207150390243896,18.254086425400146,18.237484862900146,17.926449706650146,18.079220702743896,17.870114257431396,17.470883300400146,fallow,wheat,fallow,wheat,fallow,wheat,fallow,wheat,fallow,wheat,fallow,wheat,fallow,wheat,corn,corn,fallow,0,7,0,0,0,0,0,0,0,0,0,0,0,0,0,0,0,0,0,0,0,0,0,0,0,0
grid336,-100.52030828013021,39.43365747983506,27,17,grid32,0,0.0,788.3208492195121,78.720696,0.0676,75.2856,863.5942469,785.9754668,76.196952,0.0663,788.3086469,45.396866,44.915264,46.21671,46.628864,44.34292,44.49197,44.95276,45.391853,43.596367,43.203186,43.893257,43.99653,44.0657,45.195393,45.918694,46.770157,44.23521,43.712704,45.853806,45.504494,45.8581,46.16756,46.428837,46.933838,49.551815,48.880516,48.7914,48.9204,48.8707,49.799362,48.880524,49.290974,48.895622,812.42,812.556,812.08417,811.8364,813.195,812.80145,812.4243,811.8349,812.59076,811.95337,812.3819,811.6629,811.35736,810.33167,809.5111,808.5424,808.2705,807.7175,807.3828,806.84515,806.5666,806.1236,805.7664,805.1254,804.77106,804.9417,805.0145,805.0478,805.0175,804.7277,804.8487,804.5965,803.7134,24.09913369064418,24.23518105392543,23.76331826095668,23.51557656173793,24.87415810470668,24.48060341720668,24.10346718673793,23.51405068283168,24.26991005783168,23.63251992111293,24.06104775314418,23.34205361251918,23.03651162033168,22.01081581955043,21.19025917892543,20.22157021408168,19.94965859298793,19.39668007736293,19.06196328048793,18.52430458908168,18.24574013595668,17.80274697189418,17.44556923751918,16.80457802658168,16.45020790939418,16.62086220626918,16.69367714767543,16.72694130783168,16.69666787033168,16.40687294845668,16.52784462814418,16.27564736251918,15.39252968673793,fallow,wheat,fallow,fallow,wheat,fallow,wheat,fallow,wheat,sorghum,fallow,wheat,corn,fallow,wheat,corn,corn,0,6,0,0,0,0,0,0,0,0,0,0,0,0,0,0,0,0,0,0,0,0,0,0,0,0
grid337,-100.51145273846353,39.35402515372396,28,6,grid34,0,0.0,782.688448827744,53.361336,0.0602,74.676,857.8317271,790.4369619,78.373224,0.0579,783.1557271,41.111057,41.096546,41.44591,44.499565,40.6435,40.691196,41.202843,40.697144,39.11264,41.281548,39.68732,40.09131,40.27484,44.76218,42.370857,42.4023,42.804626,42.94227,43.299973,43.631294,43.78346,44.0232,44.27751,44.718758,44.708206,45.1007,44.949814,45.161182,45.09123,45.118713,44.874214,45.0613,45.470436,815.04443,814.6231,814.54407,814.89166,815.03467,814.81586,814.3119,814.2119,814.2518,813.6961,812.9119,813.30383,812.83496,811.01794,811.4096,811.1266,811.10986,810.7226,810.61414,810.07983,809.8922,809.517,809.3333,808.6941,807.4361,807.73883,807.20483,806.9002,806.9414,806.90375,806.9085,806.648,806.81396,32.35598476600603,31.93465908241228,31.85561855506853,32.20321376991228,32.34621914100603,32.12740810584978,31.62344082069353,31.52346523475603,31.56332119178728,31.00765712928728,30.22347744178728,30.61538418006853,30.14651210975603,28.32949550819353,28.72115810584978,28.43813808631853,28.42141445350603,28.03414638709978,27.92568691444353,27.39138515663103,27.20376308631853,26.82857998084978,26.64486416053728,26.00564296913103,24.74764736366228,25.05038173866228,24.51638515663103,24.21175869178728,24.25295742225603,24.21529873084978,24.22005947303728,23.95956142616228,24.12551601600603,fallow,other,other,other,other,other,other,other,other,other,other,other,other,other,other,other,other,16,0,0,0,0,0,0,0,0,0,0,0,0,0,0,0,0,0,0,0,0,0,0,0,0,0
grid338,-100.51141142414062,39.36126230242186,28,7,grid34,8,0.42105263157894735,786.1423775388721,66.458592,0.0603,74.676,857.8317271,790.4369619,78.373224,0.0579,783.1557271,41.850372,41.74737,42.16595,44.97594,41.19049,41.47218,41.71099,41.383465,39.524975,41.56019,40.170864,40.604393,40.86801,44.42488,42.473766,42.57861,42.745094,43.634216,43.441025,43.58461,44.124577,44.062263,44.35179,44.75191,46.49114,46.740887,46.522003,46.8088,46.75035,46.65973,46.57633,46.80844,45.846245,814.3614,814.0918,813.84375,814.1126,814.3561,814.11334,813.7944,813.3924,813.56323,813.04535,812.48267,812.61523,812.17523,810.53235,810.4016,809.9573,810.10834,809.68256,809.50714,808.96545,808.79675,808.35364,808.1394,807.4743,806.61145,806.9516,806.233,806.1238,806.1559,805.927,806.11536,805.8832,805.6847,28.219011621284153,27.949419336127903,27.701372461127903,27.970232324409153,28.213701562690403,27.970964746284153,27.651995019721653,27.250017480659153,27.420854883002903,26.902971582221653,26.340288476752903,26.472856836127903,26.032854394721653,24.389971093940403,24.259233789252903,23.814897851752903,23.965959863471653,23.540178613471653,23.364763574409153,22.823076562690403,22.654375390815403,22.211260156440403,21.997026758002903,21.331926660346653,20.469072656440403,20.809221582221653,20.090593652534153,19.981401758002903,20.013506250190403,19.784624414252903,19.972978906440403,19.740801172065403,19.542314843940403,corn,corn,sorghum,corn,corn,fallow,wheat,corn,sorghum,fallow,wheat,corn,fallow,wheat,corn,sorghum,fallow,0,3,0,0,0,0,0,0,0,0,1,0,0,1,0,0,0,1,0,1,0,1,1,0,1,1
grid339,-100.5113701098177,39.36849945111979,28,8,grid34,4,0.21052631578947367,790.4369619138721,78.37322400000001,0.0579,74.676,857.8317271,790.4369619,78.373224,0.0579,783.1557271,41.720284,42.58352,42.93947,46.02847,42.008724,42.27987,42.569626,40.904224,40.949657,41.99941,41.561165,41.824112,42.03287,44.800415,43.64783,43.7143,44.87315,44.192772,44.718388,45.749413,45.942017,46.261757,46.566864,46.978115,47.32574,47.43519,47.096622,47.433388,47.374363,47.437206,47.244305,47.51067,47.84942,813.58234,813.4123,813.1257,813.2894,813.56836,813.4167,813.0871,812.21765,812.8103,812.18036,812.02496,811.8989,811.4581,809.9295,809.6179,809.0745,809.2973,808.7013,808.7579,808.0702,807.8266,807.422,807.1739,806.5133,805.59845,805.74536,805.15405,805.049,805.0639,804.85187,804.9981,804.79065,804.73175,23.145374511909154,22.975330566596654,22.688709472846654,22.852466797065404,23.131397461127904,22.979725097846654,22.650135254096654,21.780689453315404,22.373340820502904,21.743396972846654,21.588001465034154,21.461963867377904,21.021167968940404,19.492542480659154,19.180958008002904,18.637562011909154,18.860340332221654,18.264332031440404,18.320911621284154,17.633228515815404,17.389637207221654,16.985035156440404,16.736927246284154,16.076343750190404,15.161487793159154,15.308399414252904,14.717090820502904,14.612049316596654,14.626941894721654,14.414905761909154,14.561145996284154,14.353687500190404,14.294788574409154,corn,corn,corn,corn,other,corn,corn,sorghum,other,wheat,corn,corn,wheat,corn,corn,corn,corn,2,2,0,0,1,0,0,0,0,0,0,0,0,1,0,0,1,0,0,0,0,0,0,0,1,1
grid340,-100.51132879549479,39.375736599817714,28,9,grid34,10,0.5263157894736842,792.47799081936,80.674464,0.0512,74.676,857.8317271,790.4369619,78.373224,0.0579,783.1557271,42.382614,43.34789,43.646564,46.28076,42.756645,43.044098,43.382008,41.527805,41.751667,42.420143,42.322292,42.32945,42.481106,45.16603,44.205967,44.17624,45.333755,43.0725,45.329933,46.291843,46.515923,46.832317,47.15208,47.54853,48.184566,48.087173,50.983425,48.084568,48.025417,51.275326,47.94164,48.243298,48.71685,813.00116,812.81647,812.49554,812.62494,812.871,812.78046,812.44543,811.4844,811.8689,811.32947,811.2654,810.99164,810.5539,809.33716,808.615,807.9767,808.3332,807.8902,807.80615,807.02374,806.773,806.33734,806.06573,805.4253,804.788,804.69104,804.32874,804.1617,804.15454,804.0269,804.0572,803.88525,803.74896,20.523168848608748,20.338476465796248,20.017553614233748,20.146948145483748,20.392980860327498,20.302465723608748,19.967443750952498,19.006384180639998,19.390905665014998,18.851476954077498,18.787390040014998,18.513647364233748,18.075903223608748,16.859167383764998,16.136999415014998,15.498693750952498,15.855200098608748,15.412206934546248,15.328161524389998,14.545751856421248,14.295019434546248,13.859350489233748,13.587744043921248,12.947302149389998,12.310034082983748,12.213049219702498,11.850744532202498,11.683691309546248,11.676550196264998,11.548925684546248,11.579199122046248,11.407263086889998,11.270971582983748,fallow,other,soybeans,wheat,corn,corn,corn,corn,corn,corn,corn,corn,corn,corn,corn,sorghum,sorghum,1,1,0,1,1,1,1,1,1,0,0,0,1,1,0,1,0,1,1,1,0,1,0,0,1,0
grid341,-100.51128748117188,39.38297374851562,28,10,grid33,3,0.15789473684210525,792.572769531504,81.445608,0.0485,75.5904,861.4431125,791.7539792,82.228944,0.0525,785.8527125,42.636486,43.558712,43.812057,46.50528,42.995705,43.311985,43.679947,41.870964,42.543453,42.620724,43.075386,42.829674,42.92441,45.528744,44.73649,44.632812,45.78677,43.651546,45.934113,46.825157,47.06088,47.39286,47.727135,48.108574,49.014534,48.734573,51.415024,48.77389,48.715008,51.866745,48.680374,49.019165,49.628925,812.38556,812.16266,811.8207,811.9711,812.1884,812.1304,811.7783,811.0291,810.9493,810.4591,810.51215,810.1152,809.6841,808.75183,807.7018,806.92303,807.4178,806.8229,806.9049,806.0299,805.7102,805.3128,805.01886,804.4086,804.0297,803.7293,803.5748,803.4341,803.40125,803.27325,803.26636,803.13544,802.89905,19.812789550527214,19.589889159902214,19.247909179433464,19.398360839589714,19.615645995839714,19.557601562245964,19.205550780995964,18.456344238027214,18.376510253652214,17.886336913808464,17.939376464589714,17.542403808339714,17.111312499745964,16.179061523183464,15.129012695058464,14.350265136464714,14.845016113027214,14.250106445058464,14.332137695058464,13.457137695058464,13.137435546620964,12.740035644277214,12.446090331777214,11.835860839589714,11.456954589589714,11.156539550527214,11.002059570058464,10.861312499745964,10.828475585683464,10.700484863027214,10.693587890370964,10.562667480214714,10.326278320058464,corn,fallow,wheat,corn,corn,fallow,wheat,corn,fallow,wheat,sorghum,fallow,wheat,corn,corn,corn,corn,0,4,0,0,1,0,0,0,0,0,1,0,0,0,0,0,0,1,1,0,0,0,0,0,0,0
grid342,-100.51124616684896,39.39021089721354,28,11,grid33,14,0.7368421052631579,791.7539791985521,82.228944,0.0525,75.5904,861.4431125,791.7539792,82.228944,0.0525,785.8527125,43.01551,44.019485,44.2426,46.66959,43.439438,43.756382,44.152157,42.336624,43.2435,42.908806,43.740555,43.27871,43.32071,43.998657,45.208286,45.0513,46.204258,45.240448,46.495033,47.313774,47.57612,47.905075,48.253822,48.6202,51.978153,51.68622,51.790543,51.7435,51.722412,52.377777,51.704147,52.011143,49.749046,811.5678,811.3589,811.03754,811.2562,811.54755,811.4482,811.03644,810.424,810.2487,809.8446,809.917,809.43243,808.997,808.2089,806.994,806.1303,806.6288,806.0216,806.0547,805.1947,804.86945,804.4449,804.13055,803.54285,803.39374,803.01117,802.9519,802.8483,802.80615,802.63544,802.644,802.5274,802.15295,19.813830860041662,19.604907520197912,19.283557422541662,19.502246387385412,19.793567188166662,19.694201953791662,19.282458789729162,18.670032031916662,18.494739063166662,18.090625293635412,18.163012988947912,17.678454883479162,17.243030078791662,16.454944141291662,15.240039356135412,14.376330860041662,14.874804981135412,14.267627246760412,14.300708301447912,13.440722949885412,13.115466602229162,12.690906055354162,12.376575000666662,11.788867481135412,11.639758594416662,11.257190235041662,11.197925098322912,11.094348438166662,11.052173145197912,10.881457813166662,10.890002735041662,10.773425586604162,10.398974903010412,corn,corn,corn,soybeans,corn,corn,corn,corn,corn,corn,corn,corn,corn,corn,corn,corn,fallow,0,0,1,1,1,1,1,1,0,0,1,0,1,1,1,1,1,1,1,1,1,1,0,1,1,0
grid343,-100.51120485252603,39.39744804591145,28,12,grid33,0,0.0,788.571475780488,78.65364000000001,0.0545,75.5904,861.4431125,791.7539792,82.228944,0.0525,785.8527125,43.34164,42.91995,44.631992,46.773384,42.303055,42.607246,43.085953,42.772675,44.406803,41.246765,44.899357,44.804825,44.943108,46.01593,46.76604,46.65515,44.29559,45.517277,47.97843,45.52323,45.806076,46.10366,46.45186,46.800617,52.40725,52.010826,52.12659,52.08269,52.060715,52.830826,52.065758,52.394913,48.951614,810.8033,810.6109,810.3215,810.62756,810.9901,810.8305,810.3649,809.92035,809.81775,809.4641,809.5453,808.9916,808.5428,807.7897,806.55615,805.6982,806.07184,805.4619,805.3663,804.6329,804.2948,803.8503,803.52216,802.9423,802.88525,802.5243,802.51807,802.4314,802.3944,802.1709,802.2164,802.0859,801.68005,22.231807910918292,22.039425098418292,21.749996387480792,22.056087696074542,22.418636524199542,22.259029590605792,21.793453418730792,21.348873340605792,21.246273242949542,20.892635547637042,20.973812305449542,20.420101367949542,19.971309864043292,19.218197071074542,17.984676563262042,17.126705371855792,17.500362598418292,16.890438282012042,16.794796192168292,16.061397754668292,15.723324024199542,15.278804981230792,14.950679981230792,14.370845996855792,14.313778125762042,13.952816211699542,13.946590625762042,13.859920703887042,13.822933399199542,13.599422657012042,13.644893848418292,13.514400684355792,13.108577930449542,other,other,other,other,other,other,other,other,other,other,other,other,other,other,other,other,other,17,0,0,0,0,0,0,0,0,0,0,0,0,0,0,0,0,0,0,0,0,0,0,0,0,0
grid344,-100.51116353820312,39.40468519460937,28,13,grid33,0,0.0,783.5696787604801,73.41108,0.0534,76.5048,863.1469757,780.6646654,71.237856,0.059,786.6421757,43.60491,46.02422,44.96233,46.65605,45.483013,45.71377,46.154667,43.136387,44.502144,44.72639,44.764744,44.8249,44.95028,46.048214,46.804184,46.78501,44.213573,45.316425,48.16729,45.42062,45.772068,46.016434,46.38585,46.76091,52.488945,52.057487,53.147255,52.138012,52.119884,53.90644,52.10456,52.44084,48.799335,810.25116,810.0432,809.82086,810.41064,810.57886,810.3536,809.8547,809.5812,809.677,809.1863,809.3812,808.83527,808.39514,807.5161,806.41077,805.38824,805.629,805.11426,804.82056,804.1883,803.91766,803.3917,803.05475,802.48773,802.57135,802.2529,802.2788,802.15765,802.12177,801.90576,801.9299,801.775,801.35645,26.681480907488663,26.473534130144913,26.251183055926163,26.840965770769913,27.009178661394913,26.783897899676163,26.284996532488663,26.011497997332413,26.107323192644913,25.616600536394913,25.811546825457413,25.265587352801163,24.825462841082413,23.946434520769913,22.841087841082413,21.818565868426163,22.059349559832413,21.544579052019913,21.250877880144913,20.618614696551163,20.347984813738663,19.822044872332413,19.485069774676163,18.918053173113663,19.001671337176163,18.683250927019913,18.709129833269913,18.587975048113663,18.552086376238663,18.336082958269913,18.360191844988663,18.205345653582413,17.786766552019913,wheat,corn,fallow,wheat,sorghum,fallow,wheat,sorghum,fallow,wheat,corn,fallow,wheat,corn,fallow,other,corn,1,5,0,0,0,0,0,0,0,0,0,0,0,0,0,0,0,0,0,0,0,0,0,0,0,0
grid345,-100.51112222388021,39.411922343307296,28,14,grid33,17,0.8947368421052632,781.098964452744,69.820536,0.0545,76.5048,863.1469757,780.6646654,71.237856,0.059,786.6421757,45.081005,44.7548,46.346043,46.714573,44.12937,44.378796,44.871426,45.002583,44.565277,43.006203,44.822353,44.86418,44.979073,46.063,46.828987,46.906364,44.129986,43.723904,46.636898,45.333767,45.691517,45.925327,46.298122,46.67394,52.647316,52.178253,52.031265,52.25774,52.241886,52.94869,52.23656,52.580914,49.658447,809.8832,809.7971,809.521,810.1484,810.3983,810.118,809.6174,809.39215,809.60046,809.11206,809.3197,808.7361,808.3143,807.3946,806.27655,805.3232,805.4426,804.9575,804.72797,804.00476,803.73676,803.21204,802.8612,802.29895,802.387,802.1534,802.1683,802.0996,802.06537,801.8047,801.87427,801.69415,801.365,28.784214258193515,28.698154687881015,28.422031641006015,29.049412012099765,29.299350976943515,29.019016504287265,28.518406152724765,28.293186426162265,28.501499414443515,28.013096094131015,28.220737695693515,27.637119531631015,27.215305566787265,26.295627832412265,25.177585840224765,24.224216699599765,24.343662500381015,23.858555078506015,23.629001855849765,22.905796289443515,22.637790918349765,22.113071680068515,21.762241601943515,21.199985742568515,21.288059473037265,21.054416894912265,21.069309473037265,21.000644922256015,20.966404199599765,20.705723047256015,20.775303125381015,20.595188379287265,20.266025781631015,sorghum,other,other,corn,corn,corn,corn,corn,corn,corn,other,sorghum,corn,wheat,corn,corn,wheat,3,2,1,1,1,1,1,1,1,1,1,1,1,1,1,1,1,1,0,1,1,0,1,1,1,1
grid346,-100.5110809095573,39.41915949200521,28,15,grid33,19,1.0,780.6646653812879,71.23785600000001,0.059,76.5048,863.1469757,780.6646654,71.237856,0.059,786.6421757,44.96837,44.668694,46.295975,46.737328,44.04484,44.268154,44.75654,44.92412,44.58459,42.961742,44.836323,44.878937,44.98669,46.05742,46.841194,46.679626,44.1082,43.92938,46.50624,45.308846,45.65879,45.994534,46.260067,46.73923,50.0743,49.40263,49.316982,49.48768,49.411682,50.34827,49.46628,49.86097,49.053703,809.7768,809.7648,809.4833,810.0382,810.40393,810.0612,809.5813,809.37,809.6678,809.16626,809.40485,808.7746,808.38654,807.4407,806.44,805.62994,805.68567,805.2034,804.6862,804.2672,804.0161,803.494,803.14825,802.581,802.5132,802.38904,802.44415,802.39764,802.3605,802.0858,802.1869,801.97894,801.46924,29.112129052305818,29.100105126524568,28.818610985899568,29.373542626524568,29.739265282774568,29.396552880430818,28.916633446837068,28.705329735899568,29.003120263243318,28.501594384337068,28.740180810118318,28.109931786680818,27.721870263243318,26.776008446837068,25.775337060118318,24.965278466368318,25.021003564024568,24.538764794493318,24.021552880430818,23.602546532774568,23.351447899962068,22.829353173399568,22.483589013243318,21.916328271055818,21.848518212462068,21.724372704649568,21.779487450743318,21.732978661680818,21.695808251524568,21.421150048399568,21.522224267149568,21.314277489805818,20.804572899962068,fallow,corn,corn,soybeans,corn,corn,corn,soybeans,wheat,soybeans,corn,corn,wheat,corn,corn,corn,corn,0,2,1,1,1,1,1,1,1,1,1,1,1,1,1,1,1,1,1,1,1,1,1,1,1,1
grid347,-100.51103959523438,39.426396640703125,28,16,grid32,0,0.0,781.7919826166161,71.97852,0.0627,73.152,852.5709695,784.2168393,72.45096,0.0647,779.4189695,45.617718,45.16012,46.200092,46.71332,44.578392,44.763218,45.240337,45.588154,43.62528,43.343086,43.866867,43.801353,43.84975,44.903328,45.686485,45.6147,43.18147,43.682926,45.410034,44.37122,44.69887,45.021732,45.25909,45.740482,50.114983,49.411427,49.322037,49.473576,49.419174,50.240208,49.432686,49.811737,47.71681,810.0387,810.06165,809.59076,810.0039,810.70764,810.30804,809.8761,809.2583,810.32996,809.4298,810.05615,809.48724,809.04254,808.1063,807.3131,806.514,806.4864,805.3569,805.42773,805.08105,804.81256,804.28064,803.9647,803.4081,802.66,802.6939,802.6951,802.6845,802.6408,802.36816,802.4951,802.2561,802.2819,28.24671367244639,28.26966289119639,27.79877666072764,28.21192363338389,28.91565898494639,28.51606181697764,28.08411601619639,27.46631816463389,28.53797343807139,27.63782695369639,28.26416972713389,27.69526103572764,27.25055888729014,26.31434062557139,25.52112773494639,24.72199443416514,24.69440654354014,23.56488994197764,23.63575175838389,23.28907207088389,23.02057841854014,22.48865703182139,22.17273906307139,21.61609843807139,20.86799052791514,20.90192607479014,20.90314677791514,20.89252666072764,20.84882548885264,20.57618144588389,20.70313457088389,20.46412089900889,20.48993877010264,wheat,other,other,other,other,other,other,other,other,other,other,other,other,other,other,other,other,16,1,0,0,0,0,0,0,0,0,0,0,0,0,0,0,0,0,0,0,0,0,0,0,0,0
grid348,-100.51099828091147,39.433633789401036,28,17,grid32,0,0.0,784.216839258384,72.45096,0.0647,73.152,852.5709695,784.2168393,72.45096,0.0647,779.4189695,45.3482,44.905502,46.07476,46.66666,44.334568,44.482952,44.943695,45.303574,43.53088,43.216763,43.826176,43.88446,43.95255,45.052822,45.80071,45.523106,42.941616,43.393044,45.588863,44.10123,44.430206,44.744724,44.968678,45.464115,49.17746,48.56962,48.472763,48.60296,48.55126,49.372414,48.540005,48.934784,47.33479,810.3207,810.41974,809.9577,810.1593,811.01965,810.56,810.1925,809.61206,810.6601,809.7321,810.4182,809.8087,809.403,808.45966,807.73914,807.0212,806.89215,805.6399,805.8561,805.50726,805.2328,804.7321,804.42993,803.8497,802.7438,803.0006,802.9328,802.9409,802.89484,802.6187,802.7325,802.46246,802.6243,26.10383945255353,26.20289951114728,25.74086337833478,25.94246249942853,26.80281406192853,26.34315830020978,25.97566562442853,25.39522128849103,26.44325595645978,25.51527744083478,26.20137363224103,25.59187656192853,25.18617587833478,24.24281650333478,23.52229648380353,22.80433994083478,22.67531162052228,21.42305331974103,21.63923984317853,21.29042392520978,21.01594882755353,20.51527744083478,20.21309238224103,19.63283115177228,18.52693515567853,18.78377109317853,18.71596103458478,18.72407871036603,18.67799716739728,18.40187412052228,18.51564365177228,18.24562412052228,18.40748935489728,fallow,other,other,wheat,wheat,other,other,other,other,other,other,other,other,other,other,other,other,14,2,0,0,0,0,0,0,0,0,0,0,0,0,0,0,0,0,0,0,0,0,0,0,0,0
grid349,-100.50214149143228,39.35401727540798,29,6,grid34,0,0.0,780.678450586128,49.115472,0.0566,74.676,857.8317271,790.4369619,78.373224,0.0579,783.1557271,40.676918,40.314194,41.04962,45.54774,39.910625,40.23732,40.27833,40.22895,38.664158,40.23345,39.19243,39.77512,40.00033,43.493317,42.060345,42.1428,42.509377,42.61045,42.943993,43.276714,43.40933,43.654415,43.89134,44.3424,44.87156,45.13775,45.100563,45.20314,45.127476,45.276367,44.90412,45.089245,44.586494,812.828,812.3691,812.3296,812.66693,812.7499,812.6315,812.2453,811.98413,812.2076,811.8633,811.0231,811.2326,810.78705,809.2976,809.3947,809.21375,809.18896,808.7166,808.7144,808.2261,807.9421,807.6851,807.53217,806.8471,805.5674,806.0887,805.4048,805.0819,805.16693,805.1904,805.1757,804.871,804.8781,32.14955234355955,31.6906290037158,31.65113925762205,31.9884805662158,32.07142734355955,31.95301914043455,31.5668497068408,31.30568027324705,31.5291299802783,31.18483066387205,30.34462070293455,30.5541543943408,30.1085977537158,28.61915683574705,28.7162637693408,28.53529453105955,28.51051425762205,28.0381631834033,28.0359659177783,27.54762363262205,27.2636270505908,27.0066690427783,26.8537149412158,26.1686563474658,24.88893222637205,25.4102334959033,24.72633457012205,24.40345859355955,24.4884805662158,24.51197910137205,24.4972696287158,24.19252109355955,24.1996622068408,fallow,fallow,wheat,corn,sorghum,corn,corn,sorghum,fallow,wheat,corn,corn,corn,corn,corn,corn,sorghum,0,2,0,0,0,0,0,0,0,0,0,0,0,0,0,0,0,0,0,0,0,0,0,0,0,0
grid350,-100.50210029054688,39.361252986640615,29,7,grid34,0,0.0,784.456619971608,59.911488000000006,0.0557,74.676,857.8317271,790.4369619,78.373224,0.0579,783.1557271,41.423626,41.32847,41.774933,45.872795,40.79853,41.025192,41.2367,40.922848,39.624092,41.29813,40.26238,40.97236,41.286564,43.812923,42.77576,42.96808,43.649597,41.355698,43.718723,44.516605,44.601974,44.974842,45.230415,45.610798,45.946358,46.309715,46.207504,46.32607,46.263577,46.168755,46.05628,46.262478,46.301506,812.18317,811.91486,811.6575,811.9384,812.1171,811.9524,811.6571,811.1826,811.746,811.0736,810.84705,810.75793,810.3363,808.70624,808.5962,808.26697,808.3691,808.02576,807.8483,807.3399,807.1441,806.75146,806.5703,805.8509,804.58026,805.117,804.2859,804.08704,804.1439,804.0499,804.13525,803.8616,803.8986,27.726546532298244,27.458235985423244,27.200850731516994,27.481795555735744,27.660506493235744,27.495772606516994,27.200484520579494,26.725997215891994,27.289351708079494,26.616988426829494,26.390425926829494,26.301314598704494,25.879683739329494,24.249617821360744,24.139571434641994,23.810347801829494,23.912459618235744,23.569136864329494,23.391707665110744,22.883284813548244,22.687484032298244,22.294844872141994,22.113692528391994,21.394271141673244,20.123641258860744,20.660384422923244,19.829268700266994,19.630416161204494,19.687300926829494,19.593306786204494,19.678633934641994,19.404952294016994,19.442000633860744,wheat,wheat,corn,corn,other,corn,other,other,wheat,corn,wheat,fallow,fallow,wheat,corn,fallow,wheat,3,6,0,1,0,0,0,0,0,0,0,0,0,0,0,0,0,0,0,0,0,0,0,0,0,0
grid351,-100.50205908966144,39.36848869787326,29,8,grid34,0,0.0,789.521817772104,70.104,0.0535,74.676,857.8317271,790.4369619,78.373224,0.0579,783.1557271,41.32634,42.141483,42.526386,46.02413,41.59407,41.85727,42.121815,40.48613,40.460854,41.750935,41.076805,41.5089,41.763134,40.988323,43.313347,43.429893,40.96984,41.826332,44.330994,41.963226,42.158558,42.46216,42.73767,43.120483,46.783825,46.96309,46.830894,46.970226,46.907585,47.01349,46.746056,46.987724,44.55703,811.48236,811.2987,810.9994,811.375,811.38556,811.3642,811.05634,810.0672,810.7897,810.2803,810.1399,809.89905,809.47534,808.2603,807.6176,807.1729,807.48004,807.019,806.8826,806.34515,806.04913,805.69916,805.4887,804.7884,803.6123,803.9247,803.3079,803.129,803.1605,803.0663,803.1219,802.8748,802.95135,21.960543067739764,21.776888282583514,21.477571876333514,21.853182227896014,21.863741309927264,21.842379005239764,21.534517677114764,20.545381934927264,21.267855079458514,20.758455665396014,20.618074806021014,20.377230079458514,19.953524024771014,18.738497169302264,18.095796973989764,17.651094825552264,17.958223731802264,17.497164161489764,17.360811622427264,16.823336036489764,16.527315528677264,16.177339942739764,15.966890723989764,15.266573341177264,14.090486915396014,14.402864845083514,13.786104591177264,13.607210548208514,13.638704688833514,13.544466407583514,13.600069434927264,13.352999122427264,13.429537208364764,corn,corn,sorghum,fallow,wheat,corn,fallow,wheat,corn,sorghum,fallow,wheat,corn,fallow,wheat,corn,fallow,0,4,0,0,0,0,0,0,0,0,0,0,0,0,0,0,0,0,0,0,0,0,0,0,0,0
grid352,-100.50201788877604,39.375724409105906,29,9,grid34,2,0.10526315789473684,792.4267567374241,78.732888,0.0486,73.4568,849.5162082,793.0963965,87.450168,0.0483,776.0594082,42.01844,42.9326,43.25776,46.344666,42.367867,42.632458,42.946415,41.13153,41.29218,42.176346,41.85086,42.019287,42.21644,41.44732,43.855366,43.89653,41.48784,42.41863,44.948494,42.56921,42.798714,43.099655,43.39056,43.75583,47.6262,47.618187,47.464302,47.625504,47.563087,47.870087,47.448574,47.725838,45.512775,811.0345,810.83704,810.4957,810.75104,810.80334,810.7649,810.4524,809.4346,809.92194,809.41864,809.36365,809.0031,808.57697,807.6146,806.6719,806.08124,806.5326,805.9752,805.9576,805.311,805.0128,804.6309,804.3937,803.72516,802.80914,802.9193,802.46155,802.30963,802.31085,802.21246,802.23834,802.02936,801.99243,18.607728125857193,18.410279395388443,18.068970801638443,18.324280860232193,18.376587989138443,18.338135840700943,18.025635840700943,17.007813575075943,17.495179297732193,16.991883399294693,16.936890723513443,16.576356055544693,16.150208594607193,15.187867286013443,14.245118262575943,13.654481055544693,14.105836036013443,13.548462989138443,13.530823828982193,12.884217383669693,12.586060645388443,12.204163672732193,11.966920020388443,11.298401953982193,10.382386328982193,10.492554786013443,10.034791114138443,9.882874610232193,9.884095313357193,9.785706641482193,9.811585547732193,9.602601172732193,9.565674903200943,corn,corn,other,other,fallow,other,other,other,other,other,other,other,other,corn,fallow,wheat,corn,10,1,0,0,0,0,0,0,0,0,1,0,0,1,0,0,0,0,0,0,0,0,0,0,0,0
grid353,-100.50197668789062,39.38296012033854,29,10,grid33,0,0.0,793.096396485264,87.450168,0.0483,73.4568,849.5162082,793.0963965,87.450168,0.0483,776.0594082,42.323933,43.18099,43.45631,46.23445,42.641876,42.936924,43.284637,41.499992,42.096592,42.38744,42.618668,42.526066,42.666122,41.900337,44.398724,44.347485,41.97673,42.979755,45.544506,43.140823,43.425423,43.701073,44.006355,44.354206,48.462437,48.27101,51.006386,48.305588,48.243767,51.303116,48.17837,48.49237,46.48455,810.4988,810.27893,809.90564,810.0288,810.18176,810.1807,809.85516,809.01697,809.00244,808.54755,808.5979,808.14,807.7162,806.97845,805.67896,804.96893,805.57056,804.9999,805.0215,804.2683,804.03845,803.5639,803.30206,802.6764,802.1519,802.0144,801.7146,801.59534,801.56085,801.45526,801.44867,801.2816,801.09735,17.402382811611005,17.182534178798505,16.809243163173505,16.932412108486005,17.085366210048505,17.084328612392255,16.758767088954755,15.920571288173505,15.906044920986005,15.451149901454755,15.501503905361005,15.043618163173505,14.619790038173505,13.882058104579755,12.582558592861005,11.872536620204755,12.474160155361005,11.903481444423505,11.925087889736005,11.171914061611005,10.942055663173505,10.467507323329755,10.205666503017255,9.579995116298505,9.055520018642255,8.918007811611005,8.618203124111005,8.498940428798505,8.464455565517255,8.358864745204755,8.352272948329755,8.185219725673505,8.000954588954755,other,wheat,other,other,other,other,other,other,other,other,other,other,other,other,other,other,other,16,1,0,0,0,0,0,0,0,0,0,0,0,0,0,0,0,0,0,0,0,0,0,0,0,0
grid354,-100.5019354870052,39.39019583157118,29,11,grid33,0,0.0,792.248944336128,85.517736,0.0539,75.5904,849.4871098,792.2489443,85.517736,0.0539,773.8967098,42.70201,42.29268,43.88271,46.13076,41.707687,42.00527,42.44309,41.979065,42.80899,40.91554,43.29815,42.981823,43.068893,43.769028,44.876965,44.772583,42.427216,41.52706,46.11379,43.665764,43.960197,44.251564,44.571705,44.902523,51.52212,51.2989,51.137627,51.3709,51.34816,51.729485,51.305317,51.59058,47.31053,809.67065,809.4665,809.117,809.4837,809.5607,809.50134,809.1067,808.4352,808.3121,807.9176,808.0018,807.47906,807.04767,806.389,805.00745,804.1969,804.8519,804.3013,804.2157,803.5034,803.2913,802.76886,802.48425,801.89636,801.58704,801.3217,801.2183,801.11884,801.0647,800.9274,800.9225,800.7719,800.5292,17.421709960746966,17.217547363090716,16.868060058403216,17.234759277153216,17.311785644340716,17.252398437309466,16.857745116996966,16.186236327934466,16.063128417778216,15.668658202934466,15.752825683403216,15.230120605278216,14.798724120903216,14.140032714653216,12.758501952934466,11.947955077934466,12.602984374809466,12.052325195121966,11.966753906059466,11.254473632621966,11.042376464653216,10.519915527153216,10.235308593559466,9.647417968559466,9.338091796684466,9.072771972465716,8.969378417778216,8.869891113090716,8.815752929496966,8.678484863090716,8.673541015434466,8.522967284965716,8.280230468559466,other,other,other,other,other,other,other,other,other,other,other,other,other,other,other,other,other,17,0,0,0,0,0,0,0,0,0,0,0,0,0,0,0,0,0,0,0,0,0,0,0,0,0
grid355,-100.50189428611979,39.397431542803815,29,12,grid33,0,0.0,787.44804668064,70.201536,0.053,75.5904,849.4871098,792.2489443,85.517736,0.0539,773.8967098,43.043167,42.674397,44.28109,46.253036,42.075665,42.358665,42.819702,42.433327,44.084557,41.13255,44.558918,44.575943,44.753532,44.028103,46.518852,45.12284,44.001297,41.72491,46.59054,45.164383,45.439083,45.74007,46.0699,46.417633,51.980133,51.647873,52.480225,51.706966,51.683723,53.001637,51.664665,51.972122,48.38397,808.9175,808.7385,808.4124,808.9464,809.03485,808.8274,808.36865,807.951,807.8835,807.4578,807.55914,806.9766,806.5315,805.8805,804.59344,803.7744,804.26465,803.7899,803.5497,802.90216,802.6562,802.1403,801.84216,801.2679,801.2316,800.94794,800.8715,800.69617,800.636,800.5165,800.4733,800.3042,799.9136,21.469433788109995,21.290478709984995,20.964367870141245,21.498364452172495,21.586804393578745,21.379345897484995,20.920605663109995,20.502942088891245,20.435437206078745,20.009778026391245,20.111096385766245,19.528576854516245,19.083447459984995,18.432446483422495,17.145398143578745,16.326367381859995,16.816601756859995,16.341870311547495,16.101635936547495,15.454113963891245,15.208142284203745,14.692273143578745,14.394116405297495,13.819836620141245,13.783581737328745,13.499890331078745,13.423474315453745,13.248120311547495,13.187939647484995,13.068432811547495,13.025280956078745,12.856152538109995,12.465527538109995,other,other,other,other,other,other,other,other,other,other,other,other,other,other,other,other,other,17,0,0,0,0,0,0,0,0,0,0,0,0,0,0,0,0,0,0,0,0,0,0,0,0,0
grid356,-100.50185308523437,39.404667254036454,29,13,grid33,0,0.0,780.78769043064,57.223152000000006,0.0471,79.248,861.0725748,778.5615938,50.209704,0.0434,781.8245748,43.31996,42.988804,44.615314,46.33637,42.381153,42.66553,43.14593,42.809902,44.340782,41.322365,44.796852,44.749344,44.901134,45.892914,46.652912,46.60836,43.9179,41.807266,46.41359,45.05995,45.391468,45.65111,46.003025,46.377827,50.778904,50.325554,52.767662,50.36745,50.295036,53.401592,50.292065,50.670197,48.192505,808.2898,808.1463,807.8336,808.4761,808.598,808.39594,807.8961,807.5409,807.54395,807.2072,807.3189,806.7026,806.2533,805.6183,804.4065,803.53064,803.8885,803.4519,802.9056,802.51874,802.2805,801.74164,801.43463,800.8827,801.03284,800.7463,800.58636,800.49097,800.41565,800.16943,800.22614,800.02856,799.60785,27.502104491234945,27.358610838891195,27.045927733422445,27.688383788109945,27.810332030297445,27.608244627953695,27.108427733422445,26.753203124047445,26.756254881859945,26.419523924828695,26.531218260766195,25.914885252953695,25.465605467797445,24.830595702172445,23.618803709984945,22.742949217797445,23.100798338891195,22.664213866234945,22.117888182641195,21.731047362328695,21.492827147484945,20.953947752953695,20.646940917016195,20.094999999047445,20.245146483422445,19.958586424828695,19.798674315453695,19.703276366234945,19.627958983422445,19.381743163109945,19.438444823266195,19.240874022484945,18.820158690453695,fallow,wheat,sorghum,fallow,wheat,sorghum,fallow,wheat,sorghum,fallow,wheat,sorghum,fallow,wheat,corn,sorghum,corn,0,5,0,0,0,0,0,0,0,0,0,0,0,0,0,0,0,0,0,0,0,0,0,0,0,0
grid357,-100.50181188434897,39.4119029652691,29,14,grid33,17,0.8947368421052632,778.117788280488,56.092344000000004,0.046,76.5048,863.1469757,780.6646654,71.237856,0.059,786.6421757,42.037434,44.627552,43.376522,46.405884,44.014473,44.259007,44.742424,41.662834,44.32224,42.961235,44.584236,44.69244,44.84083,45.924908,46.648586,46.746017,43.84244,44.66872,46.328594,44.98326,45.30717,45.571095,45.926594,46.301373,49.842712,49.19544,49.09315,49.265217,49.18725,50.05376,49.227535,49.606678,48.111027,807.9563,807.8259,807.56476,808.21216,808.361,808.085,807.5783,807.36847,807.5795,807.0423,807.28656,806.7258,806.29944,805.4477,804.4019,803.4277,803.67566,803.2667,802.99054,802.3049,802.0053,801.5262,801.2055,800.66437,800.85516,800.64545,800.51385,800.437,800.3599,800.08636,800.1724,799.9505,799.45337,29.838510547637043,29.708139453887043,29.446970020293293,30.094369922637043,30.243234668730793,29.967233692168293,29.460519824980793,29.250680957793293,29.461740528105793,28.924509082793293,29.168771778105793,28.608041797637043,28.181650196074543,27.329904590605793,26.284128223418293,25.309885059355793,25.557870899199543,25.148935352324543,24.872751270293293,24.187082324980793,23.887521778105793,23.408395801543293,23.087717090605793,22.546579395293293,22.737375293730793,22.527658496855793,22.396066699980793,22.319223438262043,22.242136035918293,21.968576465605793,22.054636035918293,21.832712207793293,21.335580860137043,fallow,corn,corn,corn,soybeans,corn,corn,soybeans,corn,soybeans,corn,corn,corn,corn,corn,corn,corn,0,0,1,1,1,1,1,1,1,1,1,0,0,1,1,1,1,1,1,1,1,1,1,1,1,1
grid358,-100.50177068346353,39.41913867650174,29,15,grid33,18,0.9473684210526315,777.636254883384,64.139064,0.0499,76.5048,863.1469757,780.6646654,71.237856,0.059,786.6421757,42.99631,44.57587,44.335506,46.44726,43.960865,44.182858,44.66517,42.77321,44.392002,42.9367,44.649033,44.735023,44.873173,45.941963,46.68223,46.528862,43.824722,43.568634,46.22159,44.963818,45.281475,45.64621,45.894524,46.37198,49.638775,49.040104,48.94739,49.12115,49.043694,49.856934,49.074642,49.450275,48.065422,807.782,807.7294,807.4561,808.08685,808.32275,807.9658,807.47437,807.3028,807.57513,807.04535,807.29803,806.7023,806.29736,805.42053,804.4298,803.69116,803.8907,803.45953,802.8683,802.5339,802.24396,801.772,801.4526,800.9153,800.74335,800.6869,800.5921,800.5395,800.4726,800.2028,800.30865,800.0687,799.74677,30.145727538490974,30.093115233803474,29.819860839272224,30.450598143959724,30.686499022865974,30.329565429115974,29.838110350990974,29.666540526772224,29.938879393959724,29.409094237709724,29.661779784584724,29.066015624428474,28.661108397865974,27.784277343178474,26.793554686928474,26.054907225990974,26.254431151772224,25.823278808022224,25.232031249428474,24.897619628334724,24.607702636147224,24.135717772865974,23.816320800209724,23.279028319740974,23.107092284584724,23.050634765053474,22.955847167397224,22.903234862709724,22.836340331459724,22.566564940834724,22.672399901772224,22.432470702553474,22.110510253334724,fallow,corn,corn,corn,corn,corn,corn,soybeans,corn,corn,soybeans,corn,corn,corn,soybeans,corn,corn,0,0,1,1,1,1,1,1,1,1,1,0,1,1,1,1,1,1,1,1,1,1,1,1,1,1
grid359,-100.50172948257813,39.42637438773437,29,16,grid32,0,0.0,778.669270897104,68.878704,0.0535,73.152,852.5709695,784.2168393,72.45096,0.0647,779.4189695,43.997013,45.102673,45.117634,46.45594,44.525524,44.711258,45.18548,43.943928,43.510597,43.332138,43.75931,43.708355,43.78416,44.832237,45.584972,45.49626,42.940113,43.78963,45.18732,44.075363,44.376503,44.72405,44.946175,45.42268,49.384487,48.84763,48.756756,48.932457,48.855682,49.595905,48.873886,49.243538,47.259342,807.85736,808.02423,808.0293,808.1075,808.6429,808.207,807.76355,807.4387,808.19775,807.3374,807.9112,807.3791,806.9118,806.0383,805.2459,804.4549,804.5625,804.1781,803.46466,803.21216,802.8958,802.4179,802.12537,801.59973,800.7398,800.834,800.774,800.7459,800.68665,800.42096,800.54895,800.28406,800.39606,29.188089942739794,29.354960059927294,29.360025977896044,29.438212013052294,29.973612403677294,29.537699317739794,29.094278907583544,28.769449806021044,29.528483009146044,28.668131446646044,29.241922950552294,28.709818458364794,28.242533302114794,27.369059181021044,26.576639747427294,25.785624122427294,25.893229102896044,25.508829688833544,24.795389747427294,24.542887306021044,24.226542091177294,23.748636817739794,23.456095313833544,22.930460548208544,22.070536231802294,22.164713477896044,22.104715919302294,22.076639747427294,22.017374610708544,21.751688575552294,21.879679298208544,21.614786720083544,21.726786231802294,other,other,other,other,other,other,other,other,other,other,other,other,other,other,other,other,other,17,0,0,0,0,0,0,0,0,0,0,0,0,0,0,0,0,0,0,0,0,0,0,0,0,0
grid360,-100.50168828169271,39.43361009896701,29,17,grid32,18,0.9473684210526315,781.04348877096,68.665344,0.0566,73.152,852.5709695,784.2168393,72.45096,0.0647,779.4189695,45.298668,44.891438,46.293156,46.43346,44.3215,44.47312,44.934067,45.22697,43.49619,43.228203,43.80199,43.845337,43.935272,45.03118,45.7568,45.424736,42.71141,43.559227,45.422535,43.819214,44.134212,44.462116,44.671116,45.16058,49.33778,48.794758,48.722214,48.87799,48.82397,49.440884,48.797016,49.149265,46.92068,808.23914,808.3111,808.4561,808.25714,808.89294,808.3721,808.0012,807.4654,808.4403,807.5764,808.1896,807.61774,807.18396,806.30206,805.5929,804.77167,804.7574,804.29443,803.68756,803.422,803.1729,802.6494,802.36694,801.81866,800.7877,801.1306,801.0768,801.07263,801.01196,800.75714,800.907,800.6172,800.60297,27.19564697122746,27.26760742044621,27.41262695169621,27.21365234232121,27.84945556497746,27.32858154153996,26.95773193216496,26.42190429544621,27.39681884622746,26.53292724466496,27.14608642435246,26.57424804544621,26.14047118997746,25.25857421732121,24.54940673685246,23.72817870950871,23.71389648294621,23.25094482278996,22.64407226419621,22.37850829935246,22.12942382669621,21.60592529153996,21.32345458841496,20.77517577982121,19.74423095560246,20.08712646341496,20.03329345560246,20.02914306497746,19.96847411966496,19.71365234232121,19.86349365091496,19.57369872903996,19.55947753763371,corn,corn,corn,corn,soybeans,corn,corn,soybeans,corn,soybeans,corn,corn,corn,corn,corn,corn,corn,0,0,1,1,1,1,1,1,1,1,1,1,1,1,1,1,1,1,1,1,1,1,0,1,1,1
grid361,-100.49247787513887,39.39749803020833,30,12,grid38,0,0.0,784.8083752437121,63.142368000000005,0.0518,79.248,861.0725748,778.5615938,50.209704,0.0434,781.8245748,42.70977,42.386456,43.89998,45.91438,41.804657,42.0858,42.527687,42.100536,42.96498,40.99953,43.416946,43.073505,43.158104,43.78877,44.974575,44.82959,42.282345,39.65359,46.19548,43.48769,43.789585,44.077923,44.38867,44.709164,51.481075,51.228725,51.10832,51.332043,51.307148,51.68155,51.261326,51.547314,47.104443,806.808,806.6454,806.2933,806.9379,806.93933,806.81714,806.34155,805.8652,805.9487,805.5746,805.6633,805.09344,804.6313,804.0209,802.7252,801.97626,802.6823,802.2203,801.7207,801.4358,801.2046,800.67584,800.39996,799.8527,799.4406,799.32587,799.09247,798.99695,798.94055,798.7608,798.818,798.61096,798.545,21.999608154725365,21.837010498475365,21.484898682069115,22.129552002381615,22.130955810975365,22.008763428162865,21.533177490662865,21.056798096131615,21.140355225037865,20.766209717225365,20.854954834412865,20.285069580506615,19.822911377381615,19.212498779725365,17.916844482850365,17.167882080506615,17.873936768006615,17.411900635194115,16.912327881287865,16.627415771912865,16.396214600037865,15.867467041444115,15.591588135194115,15.044346924256615,14.632237549256615,14.517491455506615,14.284093018006615,14.188572998475365,14.132176514100365,13.952427978944115,14.009617920350365,13.802586670350365,13.736607666444115,wheat,sorghum,fallow,wheat,corn,fallow,wheat,corn,fallow,wheat,sorghum,fallow,wheat,corn,fallow,wheat,corn,0,6,0,0,0,0,0,0,0,0,0,0,0,0,0,0,0,0,0,0,0,0,0,0,0,0
grid362,-100.49246710708333,39.40472097229167,30,13,grid38,11,0.5789473684210527,778.56159375,50.209704,0.0434,79.248,861.0725748,778.5615938,50.209704,0.0434,781.8245748,41.638332,42.74581,42.86071,46.021126,42.152626,42.428986,42.89353,41.12873,44.02722,41.212605,44.47906,44.534607,44.72283,44.984035,46.45951,46.763977,43.93987,41.666477,46.044567,45.00844,43.886574,45.582108,45.922905,46.294243,50.163605,49.77187,49.63825,49.882664,49.808445,50.39413,49.773872,50.125294,47.591156,806.2973,806.14667,805.82996,806.54456,806.5867,806.39484,805.8731,805.5522,805.5974,805.26697,805.378,804.7503,804.2962,803.7245,802.3493,801.6507,802.03687,801.7381,801.04254,800.7541,800.5066,799.985,799.7046,799.17957,799.29755,799.13776,798.94635,798.86096,798.7786,798.5476,798.62195,798.39594,797.94165,27.735708496093707,27.585073730468707,27.268362304687457,27.982961914062457,28.025076171874957,27.833242675781207,27.311514160156207,26.990591308593707,27.035818359374957,26.705374023437457,26.816396972656207,26.188711425781207,25.734609863281207,25.162893554687457,23.787710449218707,23.089102050781207,23.475271484374957,23.176504394531207,22.480947753906207,22.192495605468707,21.944998046874957,21.423391601562457,21.142996093749957,20.617971679687457,20.735952636718707,20.576162597656207,20.384756347656207,20.299368164062457,20.217031738281207,19.986013671874957,20.060354492187457,19.834341308593707,19.380056640624957,corn,wheat,corn,soybeans,wheat,sorghum,fallow,wheat,corn,sorghum,fallow,wheat,corn,corn,corn,wheat,corn,0,5,1,1,1,1,1,1,1,1,0,1,0,1,1,0,1,0,0,1,1,0,0,1,0,1
grid363,-100.49245633902777,39.411943914375,30,14,grid38,16,0.8421052631578947,776.907369141768,52.276248,0.0418,79.248,861.0725748,778.5615938,50.209704,0.0434,781.8245748,41.887386,44.497425,43.13713,46.105236,43.894535,44.13571,44.61022,41.47144,44.081966,42.912083,44.347584,44.52407,44.87561,45.94068,46.596508,47.64153,44.887516,44.60329,46.231766,45.96773,46.281124,46.51959,46.87653,47.258755,49.31314,48.760693,48.680904,48.856464,48.776825,49.49716,48.788033,49.144974,48.76824,805.92944,805.8185,805.5102,806.2732,806.3418,806.07166,805.5349,805.34076,805.61536,805.0437,805.3102,804.7667,805.00665,804.21387,803.15576,801.9311,802.20044,801.7612,801.7323,800.92035,800.7159,800.143,799.86084,799.36755,799.08386,798.9958,798.8479,798.76825,798.6797,798.4231,798.52167,798.2742,798.1672,29.02207421760704,28.91111230354454,28.60282372932579,29.36582421760704,29.43442773323204,29.16428613166954,28.62754296760704,28.43339013557579,28.70798730354454,28.13633203010704,28.40281152229454,27.85935449104454,28.09928369026329,27.30649804573204,26.24839257698204,25.02372216682579,25.29307031135704,24.85386132698204,24.82493066291954,24.01297997932579,23.80851220588829,23.23563622932579,22.95347070198204,22.46018456916954,22.17649316291954,22.08841943245079,21.94053124885704,21.86088036995079,21.77231835823204,21.51572656135704,21.61429833870079,21.36680078010704,21.25980615120079,corn,corn,corn,soybeans,corn,corn,corn,soybeans,wheat,corn,sorghum,corn,wheat,corn,corn,corn,corn,0,2,1,1,1,1,1,1,1,1,1,1,1,1,1,1,1,0,1,0,1,1,0,1,1,1
grid364,-100.49244557097222,39.41916685645833,30,15,grid38,18,0.9473684210526315,776.8580698235521,63.242952,0.0441,68.58,853.7893705,781.4813411,73.743312,0.0525,785.2093705,42.09623,44.481007,44.99835,46.166203,43.873104,44.095875,44.572647,41.766235,43.366467,42.908657,43.66691,43.640617,44.964535,46.0081,46.6906,46.596317,44.006374,43.692585,46.197598,45.08785,45.38502,45.612133,45.941128,46.323086,49.132816,48.622597,48.551167,48.72858,48.649292,49.32498,48.652927,49.007633,48.01495,805.73804,805.67615,805.8385,806.1316,806.2713,805.90906,805.38,805.2597,806.05255,804.99384,805.76465,805.2785,804.9633,804.1513,803.13965,802.3719,802.63983,802.2114,801.56195,801.35126,801.121,800.54395,800.2651,799.81036,798.8734,798.9375,798.8402,798.7791,798.6995,798.4492,798.56244,798.3001,798.59216,28.879967285822886,28.818077637385386,28.980431153010386,29.273521973322886,29.413231445979136,29.050987793635386,28.521935059260386,28.401634766291636,29.194481445979136,28.135765625666636,28.906578613947886,28.420433594416636,28.105248047541636,27.293236328791636,26.281578613947886,25.513817383479136,25.781761719416636,25.353355957697886,24.703880860041636,24.493187500666636,24.262901856135386,23.685875488947886,23.407005860041636,22.952293945979136,22.015343262385386,22.079430176447886,21.982140137385386,21.921043945979136,21.841454102229136,21.591148926447886,21.704369141291636,21.442040039729136,21.734093262385386,corn,corn,corn,corn,corn,soybeans,soybeans,corn,corn,corn,corn,corn,corn,corn,wheat,corn,corn,0,1,1,1,0,1,1,1,1,1,1,1,1,1,1,1,1,1,1,1,1,1,1,1,1,0
grid365,-100.49243480291666,39.42638979854167,30,16,grid37,0,0.0,777.28900165968,70.061328,0.0464,68.58,853.7893705,781.4813411,73.743312,0.0525,785.2093705,43.988426,43.766045,44.984135,43.858532,44.465218,44.65499,45.126724,43.896587,43.37878,43.31837,43.683075,43.64641,43.763126,44.787884,45.52884,46.64239,43.88233,43.53762,45.108635,44.95367,45.24949,45.468494,45.79683,46.180027,48.906456,48.464977,48.3803,48.55978,48.480934,49.09397,48.47385,48.824146,46.992275,805.75244,805.7606,805.9215,806.1418,806.5346,806.0729,805.59094,805.3449,806.0803,805.2322,805.80786,805.2905,804.8159,803.9878,803.14056,802.45764,802.62585,802.18225,801.3577,801.33594,801.10596,800.5468,800.2571,799.80176,798.7474,799.0384,798.9147,798.87225,798.80084,798.5575,798.6879,798.40344,798.5356,28.463439746569975,28.471618457507475,28.632507129382475,28.852783008288725,29.245605273913725,28.783874316882475,28.301940723132475,28.055908008288725,28.791320605944975,27.943176074694975,28.518859668444975,28.001525684069975,27.526916309069975,26.698791309069975,25.851562305163725,25.168639941882475,25.336852832507475,24.893249316882475,24.068725391101225,24.046935840319975,23.816955371569975,23.257812305163725,22.968078418444975,22.512756152819975,21.458373828601225,21.749389453601225,21.625671191882475,21.583251758288725,21.511840625476225,21.268493457507475,21.398925586413725,21.114440723132475,21.246581836413725,other,other,other,other,other,other,other,other,other,other,other,other,other,other,other,other,other,17,0,0,0,0,0,0,0,0,0,0,0,0,0,0,0,0,0,0,0,0,0,0,0,0,0
grid366,-100.49242403486112,39.433612740625,30,17,grid37,0,0.0,779.019965770008,70.91172,0.0494,68.58,853.7893705,781.4813411,73.743312,0.0525,785.2093705,42.768593,43.52123,43.850334,43.723118,44.300888,44.46077,44.922394,42.683643,43.46884,43.237907,43.784233,43.810745,43.92093,45.012447,45.710526,45.330276,42.48978,43.34471,45.27151,43.54733,43.8486,44.18916,44.38457,44.8674,49.00857,48.623425,48.555325,48.710747,48.65372,49.201206,48.61152,48.95561,46.504986,806.36945,806.4807,806.29486,806.2856,806.73895,806.16455,805.76685,805.6476,806.2021,805.4114,805.9459,805.3957,804.9483,804.1185,803.33734,802.59625,802.7023,802.232,801.5636,801.4173,801.1923,800.65186,800.3783,799.87103,798.7157,799.16547,799.059,799.02936,798.9667,798.7255,798.87225,798.56006,798.59656,27.349480030773293,27.460747120617043,27.274895069835793,27.265617726085793,27.718986866710793,27.144585011242043,26.746879933117043,26.627617237804543,27.182121632335793,26.391411183117043,26.925957081554543,26.375725147960793,25.928337452648293,25.098564503429543,24.317375538585793,23.576286671398293,23.682304737804543,23.212028858898293,22.543632862804543,22.397331593273293,22.172356007335793,21.631889698742043,21.358330128429543,20.851066944835793,19.695732472179543,20.145500538585793,20.039055226085793,20.009392140148293,19.946709034679543,19.705559132335793,19.852287647960793,19.540092823742043,19.576591847179543,fallow,other,other,other,other,other,other,other,other,other,other,other,other,other,other,other,other,16,0,0,0,0,0,0,0,0,0,0,0,0,0,0,0,0,0,0,0,0,0,0,0,0,0
grid367,-100.48328201708333,39.397502628958335,31,12,grid38,0,0.0,781.052083594512,63.587376000000006,0.0548,79.248,861.0725748,778.5615938,50.209704,0.0434,781.8245748,41.09712,42.092216,42.615395,45.578636,41.52561,41.795265,42.216743,40.500504,40.61333,40.8586,41.06411,40.20947,40.169254,41.974537,42.04076,41.711746,38.832924,39.591072,43.23299,39.943363,40.260853,40.499752,40.76767,41.103302,46.986664,46.22376,46.14697,46.27978,46.140522,47.065792,46.126194,46.53781,43.376972,804.70496,804.541,804.65924,804.95514,804.88153,804.75995,804.2536,803.84863,804.4839,803.69257,804.20435,803.64026,803.1107,802.67474,801.2547,800.6359,801.0732,800.6861,800.29407,799.931,799.724,799.15027,798.89813,798.39636,798.0411,798.1232,797.78516,797.6706,797.6122,797.4606,797.60815,797.39514,797.10364,23.652872460175445,23.488932030487945,23.607157128144195,23.903055565644195,23.829447167206695,23.707865135956695,23.201517479706695,22.796549217987945,23.431803124237945,22.640482323456695,23.152262108612945,22.588175194550445,22.058634178925445,21.622660057831695,20.202616112519195,19.583841698456695,20.021097557831695,19.634012596894195,19.241983788300445,18.878946678925445,18.671915428925445,18.098184960175445,17.846048729706695,17.344278710175445,16.988993065644195,17.071146385956695,16.733072655487945,16.618509667206695,16.560099022675445,16.408487694550445,16.556070702362945,16.343058007050445,16.051554100800445,fallow,wheat,corn,fallow,wheat,corn,fallow,wheat,sorghum,fallow,wheat,corn,fallow,wheat,corn,wheat,corn,0,6,0,0,0,0,0,0,0,0,0,0,0,0,0,0,0,0,0,0,0,0,0,0,0,0
grid368,-100.48327265625,39.404727811875006,31,13,grid38,14,0.7368421052631579,777.071080077744,54.915816,0.047,79.248,861.0725748,778.5615938,50.209704,0.0434,781.8245748,41.433346,42.49045,43.026222,45.6994,41.910595,42.178883,42.62673,40.919266,40.446873,41.09456,40.6997,40.066257,42.80553,43.831375,44.57364,43.060413,40.179173,39.861145,44.298595,41.3106,41.626255,41.8388,42.131958,42.47181,47.464897,46.4289,46.351223,46.51013,46.36096,47.24575,46.367775,46.78784,44.675762,804.1971,804.06195,804.2371,804.55725,804.5348,804.3519,803.79156,803.51056,804.4242,803.3304,804.0627,803.61707,803.585,802.854,801.8077,800.65546,801.06805,800.3161,800.4641,799.9055,799.70404,799.0823,798.81714,798.367,797.91516,797.98926,797.7383,797.6335,797.5508,797.3684,797.54785,797.3257,797.13605,27.12600244178725,26.99087060584975,27.16604150428725,27.4861708988185,27.4637099613185,27.2808486331935,26.72048486366225,26.43947900428725,27.3531142581935,26.25930322303725,26.99160302772475,26.5459853519435,26.51394189491225,25.782923828506,24.73659814491225,23.58437646522475,23.99697412147475,23.24502099647475,23.393031250381,22.834437500381,22.63296044959975,22.011195312881,21.746058594131,21.29592431678725,20.8440810550685,20.918177734756,20.667201172256,20.56240380897475,20.479701172256,20.297328125381,20.476771484756,20.254603516006,20.06496728553725,sorghum,corn,wheat,corn,soybeans,corn,fallow,wheat,corn,sorghum,fallow,wheat,corn,corn,corn,wheat,corn,0,4,1,1,1,1,1,1,1,1,1,1,1,1,1,1,1,0,0,1,1,0,0,1,0,1
grid369,-100.48326329541666,39.41195299479166,31,14,grid38,8,0.42105263157894735,776.3461382804879,56.57392800000001,0.0436,79.248,861.0725748,778.5615938,50.209704,0.0434,781.8245748,41.72416,42.844185,42.89233,44.947502,42.253597,42.5176,42.98814,41.2918,41.694637,41.30668,41.947617,41.571766,43.05264,44.053585,44.854824,44.59947,41.757767,41.319077,44.477203,42.86023,43.166588,43.404305,43.707584,44.081905,49.987484,49.57764,49.498207,49.665096,49.58019,50.111187,49.591274,49.88466,45.947937,803.82117,803.72217,803.37646,804.39594,804.3128,804.0551,803.4574,803.2924,804.47906,803.10126,804.1359,803.6923,803.3596,802.611,801.5952,800.8571,801.3345,800.9528,800.0332,800.1735,799.9661,799.3531,799.09235,798.6971,797.40204,797.4977,797.3036,797.21735,797.1411,796.9284,797.0388,796.7838,797.59656,27.475028711699565,27.376029688262065,27.030326563262065,28.049796778105815,27.966666895293315,27.708976465605815,27.111259180449565,26.946281153105815,28.132926660918315,26.755119043730815,27.789787012480815,27.346183496855815,27.013480860137065,26.264884668730815,25.249076563262065,24.510978418730815,24.988334375762065,24.606681543730815,23.687064844512065,23.827384668730815,23.619987207793315,23.006950098418315,22.746207910918315,22.350944239043315,21.055900293730815,21.151542383574565,20.957450586699565,20.871207910918315,20.794975000762065,20.582267481230815,20.692680078887065,20.437675196074565,21.250419336699565,wheat,corn,soybeans,soybeans,corn,fallow,wheat,corn,fallow,corn,sorghum,fallow,wheat,corn,fallow,wheat,corn,0,4,0,0,0,0,1,0,0,0,0,0,1,1,1,0,0,1,1,0,1,1,0,0,1,0
grid370,-100.48325393458333,39.41917817770833,31,15,grid38,0,0.0,776.716645897104,64.26708,0.0427,79.248,861.0725748,778.5615938,50.209704,0.0434,781.8245748,41.978825,43.69004,43.587605,45.04591,42.440067,42.7114,43.19164,41.624977,43.172073,41.438316,43.482388,43.502514,44.896973,45.91069,46.575985,46.466652,43.789436,43.423923,46.246105,44.81688,45.098717,45.33741,45.651485,46.02717,49.96715,49.558994,49.48919,49.65684,49.571404,50.111797,49.58689,49.884197,47.576668,803.59875,803.557,803.7962,804.2135,804.2792,803.92584,803.3273,803.1935,803.97943,803.04584,803.682,803.20917,802.92505,802.1455,801.16284,800.421,800.7965,800.4237,799.41614,799.5821,799.3738,798.77484,798.51874,798.1056,797.1228,797.3396,797.19257,797.11884,797.0424,796.8258,796.9484,796.674,796.8511,26.882108985708555,26.840360938833555,27.079557716177305,27.496855079458555,27.562528907583555,27.209196388052305,26.610624610708555,26.476835548208555,27.262785255239805,26.329191505239805,26.965360938833555,26.492521583364805,26.208402931021055,25.428861915396055,24.446195899771055,23.704374610708555,24.079862891958555,23.707060157583555,22.699491798208555,22.865446388052305,22.657133399771055,22.058195411489805,21.802091895864805,21.388944923208555,20.406156837271055,20.622953712271055,20.475920020864805,20.402189552114805,20.325773536489805,20.109159766958555,20.231779395864805,19.957365333364805,20.134428321646055,corn,other,other,other,corn,other,other,corn,wheat,corn,fallow,wheat,corn,fallow,other,wheat,corn,6,3,0,0,0,0,0,0,0,0,0,0,0,0,0,0,0,0,0,0,0,0,0,0,0,0
grid371,-100.48324457375,39.426403360625,31,16,grid37,0,0.0,777.2390326166161,70.81418400000001,0.0433,73.152,853.7893705,781.4813411,73.743312,0.0525,780.6373705,42.871624,43.54544,43.877144,43.55378,44.3896,44.584545,45.053993,42.771507,43.237804,43.298187,43.549248,43.536083,44.968422,45.96002,46.66423,46.53683,43.684803,43.283146,46.202843,44.70665,44.988995,45.219078,45.53297,45.90927,49.89329,49.511948,49.435745,49.60442,49.518215,50.04854,49.5344,49.83334,47.44892,803.9675,803.56683,803.82776,804.0888,804.40204,803.932,803.37616,803.33105,803.9231,803.13116,803.64575,803.1413,802.88464,802.10004,801.2323,800.4028,800.69464,800.2798,799.20496,799.4693,799.2601,798.67865,798.4095,797.9928,796.8884,797.31946,797.1466,797.0867,797.0147,796.8003,796.9383,796.63745,796.74176,26.7284966802589,26.32780087947765,26.5887261724464,26.84977353572765,27.16300595760265,26.6929742193214,26.13712705135265,26.0920220708839,26.6840630865089,25.89213193416515,26.4067193365089,25.90226377010265,25.6456109380714,24.86100400447765,23.9932671880714,23.16373837947765,23.45560849666515,23.0407525396339,21.9659234380714,22.23026669979015,22.02103818416515,21.43961728572765,21.17045224666515,20.7537652349464,19.6493951177589,20.0804253911964,19.9075738286964,19.8476373052589,19.77567685604015,19.5612603521339,19.69926084041515,19.3984185552589,19.50272763729015,fallow,wheat,other,wheat,fallow,wheat,sorghum,sorghum,wheat,sorghum,sorghum,fallow,wheat,fallow,sorghum,fallow,wheat,1,6,0,0,0,0,0,0,0,0,0,0,0,0,0,0,0,0,0,0,0,0,0,0,0,0
grid372,-100.48323521291667,39.433628543541666,31,17,grid37,6,0.3157894736842105,777.9362365714561,75.95006400000001,0.0463,73.152,853.7893705,781.4813411,73.743312,0.0525,780.6373705,42.59382,43.34332,43.60547,43.969353,42.27456,42.400524,42.919083,42.492676,43.262917,40.693737,43.56991,43.550106,45.018982,45.9904,46.713478,46.55676,43.657314,43.1245,46.112167,44.651043,44.948174,45.257957,45.456394,45.933033,48.46426,48.06515,48.00568,48.170464,48.085,48.627106,48.031796,48.389046,47.444336,804.1445,804.1678,804.02216,804.3905,805.23956,804.51013,804.0501,803.5239,804.0039,803.8629,803.7407,803.2104,802.929,802.1574,801.3314,800.29126,800.45215,800.2036,799.11426,799.2226,799.08514,798.449,798.17896,797.7163,796.653,797.24725,797.0991,797.05133,796.9865,796.7716,796.9157,796.5868,796.4797,26.208233643387643,26.231549073075143,26.085919190262643,26.454266358231393,27.303326416825143,26.573895264481393,26.113873291825143,25.587689209793893,26.067669678543893,25.926678467606393,25.804486084793893,25.274151612137643,24.992779541825143,24.221173096512643,23.395184326981393,22.355023194168893,22.515911866043893,22.267376709793893,21.178021241043893,21.286358643387643,21.148907471512643,20.512738037918893,20.242718506668893,19.780072022293893,18.716778565262643,19.311016846512643,19.162884522293893,19.115093994950143,19.050274659012643,18.835369873856393,18.979473877762643,18.650555420731393,18.543438721512643,corn,other,corn,other,corn,wheat,other,corn,wheat,corn,fallow,wheat,corn,wheat,wheat,corn,wheat,3,6,0,1,0,0,0,0,1,0,0,0,1,1,1,0,0,0,1,0,1,0,0,0,0,0
grid373,-100.47408615902776,39.39750722770833,32,12,grid38,19,1.0,778.144781981136,64.760856,0.0568,79.248,861.0725748,778.5615938,50.209704,0.0434,781.8245748,41.071075,40.97103,42.28385,44.366646,41.242603,41.500393,41.900806,40.605328,39.997643,40.7171,40.43406,39.78492,40.72584,41.669518,42.445225,42.23547,39.490032,39.047073,43.5088,40.494,40.88409,40.995182,41.257454,41.609413,46.16944,45.543926,45.47269,45.608593,45.46544,46.191505,45.406116,45.788,43.42975,803.19214,802.2883,802.59436,803.1108,802.8088,802.6883,802.1483,802.8957,802.7056,801.7925,802.4158,801.8692,801.67676,800.97845,799.9039,799.38354,799.7645,799.1247,798.91504,798.74725,798.54834,797.9434,797.71655,797.27997,796.4415,796.6834,796.2926,796.16394,796.1239,796.00806,796.2256,796.0115,796.0108,25.04735669073898,24.14354809698898,24.44957837042648,24.96599682745773,24.66399487433273,24.54351147589523,24.00353344855148,24.75090893683273,24.56084546027023,23.64769848761398,24.27098950323898,23.72441967902023,23.53197583136398,22.83367260870773,21.75908764777023,21.23876294073898,21.61974438605148,20.97991284308273,20.77025708136398,20.60247143683273,20.40355786261398,19.79863842902023,19.57177075323898,19.13518628058273,18.29674633917648,18.53862866339523,18.14782055792648,18.01915844855148,17.97911938605148,17.86327465948898,18.08080395636398,17.86669262823898,17.86602124152023,corn,corn,corn,corn,soybeans,corn,corn,corn,soybeans,wheat,corn,corn,soybeans,corn,corn,corn,corn,0,1,1,1,1,1,1,1,1,1,1,1,1,1,1,1,1,1,1,1,1,1,1,1,1,1
grid374,-100.47407820541667,39.404734651458334,32,13,grid38,2,0.10526315789473684,776.8456054695121,59.865768,0.0507,79.248,861.0725748,778.5615938,50.209704,0.0434,781.8245748,41.217308,41.380684,42.72191,44.521477,41.661034,41.920536,42.350883,40.717968,39.930573,40.972054,40.18487,39.693672,41.192936,42.10533,42.985283,42.721043,39.771824,39.340717,43.83619,40.824448,41.11244,41.34009,41.614056,41.953182,46.679985,45.991936,45.880684,46.022396,45.865784,46.67091,45.895428,46.245926,43.93027,802.0589,801.8153,802.1509,802.69507,802.46674,802.2969,801.6905,801.46124,802.5403,801.3935,802.1721,801.7376,801.3312,800.625,799.56415,798.98694,799.4154,798.74994,798.75195,798.3617,798.1831,797.5297,797.28625,796.89484,796.49567,796.70715,796.40826,796.28345,796.2107,796.0752,796.32947,796.1114,795.707,25.213293456269184,24.969702147675434,25.305273436737934,25.849462889862934,25.621130370331684,25.451269530487934,24.844885253144184,24.615637206269184,25.694677733612934,24.547888182831684,25.326513671112934,24.892004393769184,24.485571288300434,23.779394530487934,22.718542479706684,22.141333007050434,22.569799803925434,21.904333495331684,21.906347655487934,21.516088866425434,21.337499999237934,20.684118651581684,20.440649413300434,20.049230956269184,19.650061034394184,19.861547850800434,19.562658690644184,19.437841796112934,19.365087889862934,19.229589842987934,19.483862303925434,19.265783690644184,18.861364745331684,other,corn,wheat,corn,fallow,wheat,corn,fallow,wheat,fallow,wheat,wheat,corn,corn,wheat,corn,fallow,1,6,0,1,0,1,1,0,0,1,0,0,0,0,0,0,0,0,0,0,0,0,0,1,0,0
grid375,-100.47407025180556,39.411962075208336,32,14,grid38,16,0.8421052631578947,776.48990625,60.265056,0.0461,79.248,861.0725748,778.5615938,50.209704,0.0434,781.8245748,41.548218,40.671898,42.16182,44.658012,41.132614,41.373737,41.83819,41.117783,41.260555,40.052547,41.55638,41.32929,42.7916,43.788723,44.52354,44.39237,41.645393,39.402504,44.049503,42.66349,42.95247,43.181965,43.465073,43.825783,49.42068,49.117588,49.042034,49.213493,49.127594,49.498055,49.107727,49.371758,45.60195,801.67194,801.8704,801.8854,802.369,802.3696,802.0971,801.43335,801.2439,802.58417,801.24347,802.2606,801.83594,801.4255,800.7053,799.7155,798.9565,799.60046,798.76154,798.26654,798.53015,798.3291,797.7013,797.45325,797.11743,795.7133,795.96735,795.74335,795.6462,795.5871,795.41547,795.5397,795.28534,796.0146,25.18202978515626,25.38051611328126,25.39546972656251,25.87911230468751,25.87972265625001,25.60720068359376,24.94344335937501,24.75399023437501,26.09426123046876,24.75356298828126,25.77071386718751,25.34603125000001,24.93556982421876,24.21541601562501,23.22560888671876,22.46657568359376,23.11055761718751,22.27162939453126,21.77663427734376,22.04024511718751,21.83919531250001,21.21138769531251,20.96334082031251,20.62752539062501,19.22341162109376,19.47743994140626,19.25344091796876,19.15627294921876,19.09719091796876,18.92556005859376,19.04976660156251,18.79543310546876,19.52468115234376,corn,corn,corn,corn,soybeans,corn,soybeans,corn,sorghum,corn,corn,wheat,corn,corn,corn,soybeans,wheat,0,2,1,1,1,1,1,1,1,1,1,1,1,1,1,1,1,1,1,1,0,0,0,1,1,1
grid376,-100.47406229819444,39.41918949895833,32,15,grid38,18,0.9473684210526315,777.039937793064,64.67856,0.043,79.248,861.0725748,778.5615938,50.209704,0.0434,781.8245748,41.857655,40.929348,43.022766,44.782387,41.901737,42.180336,42.654545,41.498737,41.59921,40.968456,41.90058,41.55268,44.780346,45.785942,46.405197,44.63655,41.703953,41.020985,45.98803,42.738094,43.037086,43.256187,43.543663,43.898796,49.43458,49.124477,49.05979,49.231945,49.1457,49.5385,49.13325,49.402847,45.748245,801.4066,801.6267,801.59186,802.1336,802.19385,801.87463,801.1795,801.1369,802.27783,801.04095,801.97235,801.52075,800.8582,800.1046,799.1378,798.64856,799.31775,798.96765,797.5506,798.2166,798.01086,797.39154,797.1283,796.79675,795.39197,795.7479,795.5683,795.4799,795.4136,795.23364,795.36316,795.09076,795.6923,24.36667841787346,24.58677119131096,24.55192011709221,25.09366816396721,25.15390986318596,24.83469599599846,24.13956660146721,24.09696406240471,25.23789423818596,24.00101679677971,24.93241328115471,24.48081416006096,23.81827753896721,23.06467646474846,22.09787958974846,21.60862177724846,22.27781123037346,21.92771357412346,20.51066035146721,21.17667597646721,20.97092646474846,20.35160273427971,20.08835810537346,19.75681513662346,18.35202998037346,18.70798701162346,18.52836054677971,18.43998164052971,18.37363642568596,18.19370478506096,18.32322138662346,18.05082148427971,18.65238398427971,corn,corn,corn,soybeans,corn,corn,soybeans,corn,corn,soybeans,wheat,corn,corn,corn,corn,corn,corn,0,1,1,1,1,1,1,1,1,1,1,1,1,1,1,1,1,1,1,1,1,1,0,1,1,1
grid377,-100.47405434458334,39.426416922708334,32,16,grid37,0,0.0,777.385107422256,71.93584800000001,0.0435,73.152,853.7893705,781.4813411,73.743312,0.0525,780.6373705,42.356407,41.82843,43.42733,43.811474,42.102753,42.2677,42.80503,42.3752,43.078342,40.96458,43.3875,43.4153,44.874367,45.856182,46.517273,46.39291,43.578556,43.03913,45.971962,44.532864,44.799957,45.135826,45.333,45.79029,48.48482,47.98924,47.93671,48.079426,47.98634,48.604836,48.001286,48.28927,47.186108,801.9446,801.856,801.93744,802.1378,803.11365,802.5778,801.90405,801.56354,801.8022,802.0093,801.5149,801.0297,800.7419,799.97723,799.03,798.25446,798.71466,798.4445,797.29645,797.55597,797.36084,796.76514,796.5068,796.13904,795.20306,795.7506,795.54205,795.4485,795.3848,795.1954,795.3129,795.0049,794.8673,24.559472655868944,24.470910644150194,24.552331542587694,24.752709960556444,25.728540038681444,25.192712401962694,24.518945312118944,24.178430175400194,24.417077636337694,24.624169921493944,24.129785155868944,23.644616698837694,23.356774901962694,22.592126464462694,21.644921874618944,20.869348144150194,21.329553222275194,21.059411620712694,19.911340331650194,20.170861816025194,19.975732421493944,19.380029296493944,19.121667480087694,18.753930663681444,17.817956542587694,18.365502929306444,18.156945800400194,18.063378905868944,17.999719237900194,17.810266112900194,17.927819823837694,17.619775390243944,17.482202148056444,fallow,wheat,fallow,other,fallow,wheat,wheat,corn,fallow,wheat,sorghum,fallow,wheat,fallow,corn,corn,sorghum,1,5,0,0,0,0,0,0,0,0,0,0,0,0,0,0,0,0,0,0,0,0,0,0,0,0
grid378,-100.47404639097223,39.43364434645834,32,17,grid37,0,0.0,777.6575373056401,83.146392,0.0492,73.152,853.7893705,781.4813411,73.743312,0.0525,780.6373705,42.170414,41.577972,43.231274,43.64332,42.04726,42.19281,42.70981,42.12309,43.11616,40.600983,43.430122,43.429813,43.652798,44.557617,45.08543,46.44048,43.452744,42.906265,44.6255,44.399094,44.681812,45.00037,45.18803,45.654636,48.326694,47.859856,47.806103,47.94913,47.85653,48.449295,47.8664,48.153522,47.03071,802.32983,801.9694,801.9626,802.1997,802.94775,802.25995,801.6686,801.6354,801.7856,801.6283,801.5142,800.99243,800.7996,800.043,799.18243,798.25024,798.5898,798.27,797.2789,797.4165,797.292,796.6538,796.3841,795.99115,794.9446,795.6604,795.4072,795.32245,795.26025,795.07404,795.20795,794.87036,794.64746,24.672296678734938,24.311884081078688,24.305048143578688,24.542169725609938,25.290216600609938,24.602411424828688,24.011041795922438,23.977838670922438,24.128046190453688,23.970758592797438,23.856683885766188,23.334894334984938,23.142084276391188,22.385492479516188,21.524896776391188,20.592706834984938,20.932245409203688,20.612482225609938,19.621332323266188,19.758966600609938,19.634454881859938,18.996271288109938,18.726556932641188,18.333612596703688,17.287042772484938,18.002863084984938,17.749689256859938,17.664911424828688,17.602716600609938,17.416498338891188,17.550409471703688,17.212824022484938,16.989923631859938,sorghum,fallow,wheat,sorghum,fallow,wheat,sorghum,fallow,wheat,sorghum,fallow,other,corn,fallow,wheat,corn,fallow,1,4,0,0,0,0,0,0,0,0,0,0,0,0,0,0,0,0,0,0,0,0,0,0,0,0
grid379,-100.46489030097221,39.39751182645833,33,12,grid38,19,1.0,776.779488573552,63.27648,0.0579,79.248,861.0725748,778.5615938,50.209704,0.0434,781.8245748,40.79285,40.506927,41.954506,44.035828,41.146137,41.404022,41.76905,40.372944,39.375267,41.344402,39.79607,39.356697,40.38334,41.32932,42.039127,41.866566,39.065872,38.503048,40.160866,39.9873,40.23551,40.4743,40.717686,41.06877,45.66501,45.079964,45.027172,45.14433,44.994053,45.657234,44.97151,45.271996,42.651104,801.15265,800.1501,800.52313,801.1172,801.492,801.3764,800.8288,800.87726,800.89557,800.75,800.60236,800.0861,799.85406,799.20123,798.1668,797.7496,798.0895,797.5627,797.2782,797.19653,797.03375,796.38513,796.1761,795.81464,794.95496,795.3049,794.903,794.7511,794.7285,794.6497,794.93805,794.72723,794.6448,24.373160352229206,23.370596875666706,23.743643750666706,24.337698926447956,24.712515820979206,24.596915235041706,24.049307813166706,24.097769727229206,24.116080274104206,23.970511426447956,23.822867383479206,23.306632031916706,23.074576367854206,22.421744336604206,21.387320508479206,20.970084180354206,21.309988965510456,20.783194531916706,20.498709668635456,20.417044629572956,20.254263867854206,19.605643262385456,19.396597852229206,19.035147656916706,18.175467481135456,18.525382031916706,18.123526563166706,17.971610059260456,17.949027051447956,17.870230664729206,18.158560742854206,17.947745313166706,17.865286817072956,corn,corn,corn,corn,corn,corn,corn,corn,corn,other,wheat,corn,corn,corn,corn,corn,soybeans,1,1,1,1,1,1,1,1,1,1,1,1,1,1,1,1,1,1,1,1,1,1,1,1,1,1
grid380,-100.46488375458334,39.40474149104167,33,13,grid38,19,1.0,776.44027206936,59.981592,0.052,79.248,861.0725748,778.5615938,50.209704,0.0434,781.8245748,41.24317,40.72523,41.921333,44.20337,41.628056,41.89309,42.291824,40.88241,39.39821,41.645508,39.65225,39.312313,40.872776,41.785267,42.604412,42.376,39.366863,38.817078,43.368782,40.34087,40.601177,40.843803,41.099182,41.436615,45.91883,45.38069,45.32132,45.464478,45.304886,45.936554,45.305534,45.617775,43.188328,800.6541,800.30786,800.363,800.68396,801.14813,800.9963,800.367,800.4986,800.6446,800.3745,800.27826,799.8612,799.4891,798.8251,797.79315,797.31305,797.74915,797.1953,797.0171,796.8081,796.6504,795.96246,795.7379,795.4233,794.99445,795.3263,795.02856,794.8827,794.82263,794.7285,795.05176,794.8475,794.3116,24.2138417001712,23.86758925876495,23.9227040048587,24.24368789157745,24.7078602548587,24.5560047861087,23.9267323251712,24.0583241220462,24.2043202157962,23.93423964938995,23.8379872079837,23.42093398532745,23.0488026376712,22.38480117282745,21.3528797861087,20.8727772470462,21.30887343845245,20.75504043063995,20.57681777438995,20.36783339938995,20.21011855563995,19.5221913095462,19.29764296970245,18.9830067392337,18.5541737314212,18.88602187595245,18.58829238376495,18.44241836032745,18.38235976657745,18.28824355563995,18.61148574313995,18.4072010751712,17.8713124032962,corn,corn,corn,corn,corn,corn,soybeans,corn,corn,sorghum,wheat,corn,corn,corn,corn,corn,soybeans,0,1,1,1,1,1,1,1,1,1,1,1,1,1,1,1,1,1,1,1,1,1,1,1,1,1
grid381,-100.46487720819445,39.411971155625,33,14,grid38,0,0.0,776.519690479992,60.454032000000005,0.0469,79.248,861.0725748,778.5615938,50.209704,0.0434,781.8245748,40.73052,40.808933,41.98526,44.356285,40.919098,41.139847,41.584606,40.358917,40.748367,40.416283,41.045685,40.96651,42.522243,43.51484,44.196255,44.062866,41.25118,38.90082,43.614925,42.19294,42.456005,42.699356,42.96397,43.322685,46.14959,45.56006,45.489624,45.63369,45.475372,46.17865,45.494934,45.817493,44.8517,800.29645,800.1141,800.1047,800.3233,801.1273,800.8755,800.1578,800.0877,800.641,800.32104,800.31683,799.9097,799.49115,798.8033,797.8246,797.21515,797.9481,797.1766,796.4878,796.97705,796.7914,796.1302,795.90137,795.6429,794.581,794.96344,794.6624,794.5211,794.4449,794.3325,794.638,794.4209,794.5362,23.7767572739142,23.5943842270392,23.5849848129767,23.8036127426642,24.60762885594545,24.35579780125795,23.6380853989142,23.5680170395392,24.12130073094545,23.80135444188295,23.7971430161017,23.3900385239142,22.9714594223517,22.2835932114142,21.30489448094545,20.6954584457892,21.42842963719545,20.6568842270392,19.96810248875795,20.45736030125795,20.27169135594545,19.6104975082892,19.38167670750795,19.1231928207892,18.0613031723517,18.4437494614142,18.1427240707892,18.00142768407045,17.9251947739142,17.81282905125795,18.1183100082892,17.90120795750795,18.0165033676642,corn,wheat,wheat,corn,fallow,wheat,corn,wheat,wheat,corn,fallow,wheat,corn,fallow,wheat,corn,fallow,0,7,0,0,0,0,0,0,0,0,0,0,0,0,0,0,0,0,0,0,0,0,0,0,0,0
grid382,-100.46487066180555,39.41920082020833,33,15,grid38,0,0.0,777.0868372562879,65.906904,0.0445,72.5424,846.1325426,776.9078156,81.982056,0.0562,773.5901426,39.599987,42.95466,42.32951,42.740616,41.234966,41.46366,41.938404,39.226902,41.141464,40.620945,41.445267,41.221592,41.574974,42.466686,43.062813,44.333885,41.32905,40.553665,42.713963,42.290916,42.565567,42.798157,43.067547,43.42019,46.318077,45.713238,45.632248,45.777122,45.619774,46.38066,45.655487,45.986977,45.038292,800.1474,799.812,799.6946,800.0986,800.8979,800.5811,799.7803,799.67377,800.26044,800.0074,799.9501,799.51526,799.24915,798.5158,797.54034,796.8244,797.661,797.3589,796.18506,796.647,796.45386,795.8016,795.55817,795.30164,794.2002,794.7274,794.40875,794.2754,794.19073,794.0648,794.351,794.11456,794.1743,23.060562646055814,22.725174462462064,22.607742821837064,23.011734521055814,23.811050927305814,23.494278466368314,22.693436181212064,22.586929833555814,23.173599755430814,22.920547997618314,22.863235985899564,22.428421532774564,22.162308251524564,21.428970849180814,20.453506981993314,19.737564599180814,20.574173485899564,20.272049462462064,19.098221337462064,19.560135399962064,19.367020165587064,18.714737450743314,18.471329247618314,18.214798485899564,17.113358056212064,17.640579735899564,17.321915185118314,17.188553368712064,17.103897606993314,16.977982079649564,17.264175927305814,17.027725731993314,17.087479149962064,corn,corn,fallow,wheat,corn,sorghum,fallow,wheat,corn,fallow,wheat,corn,fallow,wheat,corn,corn,fallow,0,4,0,0,0,0,0,0,0,0,0,0,0,0,0,0,0,0,0,0,0,0,0,0,0,0
grid383,-100.46486411541667,39.42643048479167,33,16,grid37,18,0.9473684210526315,777.4072828109761,76.065888,0.0467,72.5424,846.1325426,776.9078156,81.982056,0.0562,773.5901426,39.75154,42.893616,43.124596,43.44807,41.822365,41.992188,42.52404,39.443485,42.5645,40.860283,42.878113,42.863922,44.77836,45.750393,46.374355,44.58707,41.382008,40.607304,45.745167,42.359383,42.644012,42.86537,43.13876,43.487305,48.016666,47.61581,47.555172,47.704178,47.61152,48.09284,47.599556,47.8625,45.413223,799.8386,799.5499,799.4794,799.92535,800.8701,800.4427,799.601,799.6195,799.7648,799.875,799.46625,798.9971,798.6385,797.88086,796.9372,796.50775,797.4125,797.0213,795.3842,796.3611,796.16284,795.5353,795.279,795.0063,793.49146,794.1265,793.83594,793.7193,793.6707,793.50604,793.6119,793.317,793.7297,22.431340235898915,22.142643946836415,22.072087306211415,22.518071192930165,23.462834376523915,23.035405177305165,22.193730372617665,22.212224024961415,22.357487696836415,22.467717189023915,22.058964747617665,21.589787501523915,21.231205958555165,20.473576564023915,19.529912013242665,19.100468653867665,20.005192774961415,19.614018458555165,17.976933497617665,18.953801173398915,18.755558985898915,18.127995509336415,17.871708888242665,17.599003810117665,16.084172267148915,16.719243067930165,16.428654689023915,16.312016505430165,16.263432521055165,16.098759669492665,16.204594630430165,15.909733790586415,16.322392481992665,corn,corn,corn,corn,soybeans,corn,corn,corn,corn,corn,corn,corn,corn,corn,corn,soybeans,corn,0,0,1,1,1,1,1,0,1,1,1,1,1,1,1,1,1,1,1,1,1,1,1,1,1,1
grid384,-100.46485756902779,39.433660149375,33,17,grid37,18,0.9473684210526315,777.5198154799921,90.019632,0.0545,72.5424,846.1325426,776.9078156,81.982056,0.0562,773.5901426,41.95409,41.22941,42.95112,43.29643,41.61024,41.769447,42.29864,41.89841,42.951366,40.756733,43.27136,43.301105,43.6336,44.528393,45.04675,46.322765,43.238914,41.333874,44.5146,44.135975,44.409164,44.730648,44.907627,45.36438,47.883675,47.5057,47.45789,47.606934,47.514797,47.983948,47.500813,47.76485,46.615494,799.7966,799.5167,799.3666,799.9077,800.80963,800.25055,799.4388,799.5427,799.64795,799.65857,799.3594,798.8526,798.61487,797.8498,796.9135,796.22284,796.81885,796.6576,795.3,795.70435,795.5844,794.94604,794.6777,794.36206,793.2214,794.0051,793.7349,793.62555,793.57697,793.409,793.5236,793.20233,793.01025,22.276754344226674,21.996908152820424,21.846761668445424,22.387899363757924,23.289815867664174,22.730733836414174,21.918966258289174,22.022909129382924,22.128133738757924,22.138753855945424,21.839559520007924,21.332784617664174,21.095052684070424,20.329977000476674,19.393697703601674,18.703023875476674,19.299032176257924,19.137777293445424,17.780172312976674,18.184530223132924,18.064596141101674,17.426229441882924,17.157857859851674,16.842245066882924,15.701559031726674,16.485311473132924,16.215108836414174,16.105733836414174,16.057149852039174,15.889181102039174,16.003805125476674,15.682516062976674,15.490438426257924,soybeans,corn,corn,corn,soybeans,corn,corn,soybeans,wheat,corn,corn,corn,corn,soybeans,corn,corn,corn,0,1,1,1,1,1,1,1,1,1,1,1,1,1,1,1,1,1,1,0,1,1,1,1,1,1
grid385,-100.45569444291667,39.39751642520833,34,12,grid38,0,0.0,775.94221875,64.25184,0.0601,79.248,861.0725748,778.5615938,50.209704,0.0434,781.8245748,39.003883,39.846443,41.128345,43.69728,40.809086,41.071842,41.41537,40.038372,38.75005,41.210186,39.18516,38.94766,39.31694,41.005363,40.722248,40.68797,37.704693,37.963436,39.756844,38.559246,38.801773,39.121235,39.265533,39.56062,44.934547,44.491177,44.42552,44.547806,44.39503,44.865654,44.33131,44.60087,41.212112,799.6116,798.81396,798.8279,799.12646,799.5213,799.3964,798.84064,798.7956,799.0613,798.9245,798.75555,798.2826,797.9165,797.41486,796.3026,796.02295,796.2828,796.00555,795.541,795.51105,795.37616,794.7244,794.5102,794.23114,793.4473,793.8486,793.41943,793.2447,793.2395,793.19446,793.5474,793.3567,793.1571,23.669353515624948,22.871746093749948,22.885662109374948,23.184246093749948,23.579082519531198,23.454204589843698,22.898418457031198,22.853374511718698,23.119060546874948,22.982280761718698,22.813335449218698,22.340374023437448,21.974285156249948,21.472637207031198,20.360393554687448,20.080730468749948,20.340557128906198,20.063335449218698,19.598796874999948,19.568828613281198,19.433940917968698,18.782207519531198,18.567974121093698,18.288921386718698,17.505107910156198,17.906353027343698,17.477214843749948,17.302471191406198,17.297283203124948,17.252239257812448,17.605205566406198,17.414470703124948,17.214885742187448,fallow,wheat,corn,fallow,wheat,corn,fallow,sorghum,fallow,wheat,sorghum,fallow,wheat,sorghum,fallow,wheat,sorghum,0,5,0,0,0,0,0,0,0,0,0,0,0,0,0,0,0,0,0,0,0,0,0,0,0,0
grid386,-100.45568930375,39.404748330625004,34,13,grid38,19,1.0,775.891766016768,58.040016,0.0516,79.248,861.0725748,778.5615938,50.209704,0.0434,781.8245748,39.33736,40.30482,41.616245,43.87512,40.454712,40.703865,41.09494,40.530563,39.632557,40.370956,39.899155,39.54646,40.568825,41.47834,42.200428,42.02721,38.969135,38.481865,40.235126,39.865692,40.09867,40.35616,40.59364,40.9283,45.170746,44.78138,44.70721,44.855988,44.69395,45.122864,44.65229,44.932087,42.431805,798.9958,798.31854,798.31384,798.6824,799.22064,799.0363,798.38513,798.41534,799.2083,798.5501,798.8338,798.46375,797.6332,797.02686,796.0437,795.65063,796.0753,795.96533,795.0019,795.2487,795.10925,794.3829,794.1752,793.95496,793.4979,793.9076,793.56915,793.3982,793.3519,793.2937,793.6779,793.4943,792.88916,23.104022557450776,22.426776463700776,22.422076756669526,22.790607030107026,23.328876073075776,23.144549901200776,22.493365819169526,22.523578221513276,23.316546971513276,22.658343846513276,22.942035252763276,22.571979100419526,21.741412694169526,21.135089451982026,20.151935155107026,19.758868748857026,20.183551366044526,20.073566014482026,19.110126073075776,19.356952244950776,19.217486912919526,18.491107518388276,18.283404881669526,18.063190037919526,17.606158787919526,18.015826756669526,17.677386815263276,17.506427342607026,17.460162694169526,17.401935155107026,17.786151463700776,17.602557713700776,16.997394139482026,fallow,corn,corn,corn,soybeans,corn,corn,soybeans,wheat,corn,corn,corn,corn,corn,corn,soybeans,corn,0,1,1,1,1,1,1,1,1,1,1,1,1,1,1,1,1,1,1,1,1,1,1,1,1,1
grid387,-100.45568416458333,39.41198023604167,34,14,grid38,0,0.0,776.2525998056401,57.198768,0.0453,72.5424,846.1325426,776.9078156,81.982056,0.0562,773.5901426,40.576393,40.434994,41.73149,42.35368,40.89348,41.12226,41.54585,40.235027,40.693085,40.63087,41.152042,41.10362,42.218666,43.150185,43.80402,43.72623,40.861935,40.394203,42.16104,41.728264,41.971188,42.222706,42.469505,42.82525,45.429203,44.98136,44.91875,45.068295,44.90778,45.424557,44.888668,45.180847,44.13839,798.1893,798.0415,797.9276,798.33405,798.8967,798.70966,797.9502,798.0583,798.8555,798.18695,798.62195,798.2347,797.5243,796.87335,795.9343,795.5022,796.28613,796.2049,794.9349,795.4137,795.2264,794.5406,794.3282,794.1624,793.065,793.5322,793.2335,793.0668,793.00134,792.92316,793.27795,793.08307,793.12585,21.936670213891148,21.788904100609898,21.675012499047398,22.081445604516148,22.644128709984898,22.457055956078648,21.697595506859898,21.805688768578648,22.602929979516148,21.934350877953648,22.369348436547398,21.982080370141148,21.271692186547398,20.620752245141148,19.681726366234898,19.249597459984898,20.033533006859898,19.952295213891148,18.682275682641148,19.161096483422398,18.973779588891148,18.287988573266148,18.075586229516148,17.909814745141148,16.812402635766148,17.279626756859898,16.980920702172398,16.814172655297398,16.748742967797398,16.670556932641148,17.025354295922398,16.830469042016148,16.873254686547398,fallow,wheat,corn,fallow,wheat,corn,sorghum,corn,fallow,wheat,corn,fallow,wheat,corn,corn,fallow,wheat,0,5,0,0,0,0,0,0,0,0,0,0,0,0,0,0,0,0,0,0,0,0,0,0,0,0
grid388,-100.45567902541667,39.41921214145833,34,15,grid38,0,0.0,777.047565233232,64.517016,0.0444,72.5424,846.1325426,776.9078156,81.982056,0.0562,773.5901426,39.314983,41.525093,42.742996,42.368046,39.587738,39.833183,40.325817,38.955727,40.651367,38.87391,40.956043,40.873333,41.364494,42.250683,42.802673,44.02036,40.95652,40.51552,42.37667,41.8465,42.096687,42.342712,42.594692,42.944054,45.62894,45.158394,45.085354,45.23572,45.076363,45.66041,45.075733,45.37781,44.357582,797.94324,797.8079,797.5055,797.99097,798.8248,798.57666,797.6895,797.6841,798.306,798.0115,797.9936,797.5832,797.2682,796.5656,795.6123,795.0523,796.0182,795.88007,794.3769,795.09,794.90533,794.2167,793.98987,793.8229,792.6774,793.2796,792.9567,792.79724,792.7213,792.6266,792.9529,792.7422,792.75,20.895672071455465,20.760357130049215,20.457927930830465,20.943401563642965,21.777263868330465,21.529094923017965,20.641948926924215,20.636516798017965,21.258465040205465,20.963909376142965,20.946026075361715,20.535625684736715,20.220623243330465,19.518047559736715,18.564739454267965,18.004741895674215,18.970623243330465,18.832500684736715,17.329326856611715,18.042461622236715,17.857769239424215,17.169109571455465,16.942302930830465,16.775310743330465,15.629863965986715,16.232036817549215,15.909160840986715,15.749675977705465,15.673748243330465,15.579021680830465,15.905315626142965,15.694622266767965,15.702434766767965,wheat,other,fallow,wheat,corn,fallow,other,corn,fallow,wheat,corn,fallow,wheat,corn,fallow,wheat,corn,2,5,0,0,0,0,0,0,0,0,0,0,0,0,0,0,0,0,0,0,0,0,0,0,0,0
grid389,-100.45567388625,39.426444046875005,34,16,grid37,18,0.9473684210526315,777.366950391768,76.94676,0.0485,72.5424,846.1325426,776.9078156,81.982056,0.0562,773.5901426,42.55235,41.56338,42.79093,42.355938,41.505245,41.66961,42.19174,39.18898,40.145824,40.733208,40.50183,39.82827,41.616734,42.4758,43.09901,42.943634,39.804886,40.1575,42.560585,40.697735,40.96399,41.374714,41.432877,41.833065,47.55691,47.2506,47.19634,47.35137,47.259083,47.61159,47.2222,47.460598,43.473766,797.5847,797.4572,797.0651,797.7093,798.66846,798.3824,797.37085,797.6016,798.03735,797.7918,797.7333,797.2547,796.89825,796.1475,795.1975,794.741,795.95215,795.46155,793.8606,794.9675,794.7733,794.1813,793.88116,793.7168,791.8908,792.5759,792.27856,792.1364,792.1055,791.9588,792.0544,791.7813,792.5585,20.217766405107,20.09026396370075,19.69817411995075,20.34233915901325,21.301506639482,21.01543486213825,20.003899217607,20.23467314338825,20.670403123857,20.42485869026325,20.3663259754195,19.88774931526325,19.53130400276325,18.78057158088825,17.830559373857,17.37407744026325,18.585198045732,18.0945974597945,16.493645311357,17.600578905107,17.4063650379195,16.8143240222945,16.51421415901325,16.349846483232,14.52385771370075,15.208977342607,14.911614061357,14.76946318245075,14.73857939338825,14.59185087776325,14.68743193245075,14.41436064338825,15.1915212879195,corn,corn,corn,corn,soybeans,corn,corn,corn,soybeans,wheat,corn,corn,corn,corn,soybeans,corn,corn,0,1,1,1,1,1,1,1,1,1,1,1,1,1,1,1,1,1,1,1,0,1,1,1,1,1
grid390,-100.45566874708334,39.433675952291665,34,17,grid37,18,0.9473684210526315,777.3710059569361,88.660224,0.0555,72.5424,846.1325426,776.9078156,81.982056,0.0562,773.5901426,42.466705,41.384804,42.64911,41.720947,41.323635,41.464348,41.99136,41.63483,40.42225,40.640896,40.77222,40.001984,43.60406,44.488922,44.99859,43.165653,39.816612,37.58358,44.40336,40.71876,41.005604,41.398487,41.451004,41.8575,47.42975,47.151035,47.109287,47.26432,47.172585,47.516697,47.134937,47.374588,43.53284,797.21436,797.1614,796.7107,797.64185,798.49945,798.0884,796.9643,797.5285,797.76294,797.3823,797.3725,796.87463,796.43085,795.63525,794.79175,794.3538,795.7311,795.4922,793.3324,794.70636,794.55707,793.95966,793.6494,793.44745,791.67255,792.47687,792.1983,792.0608,792.0314,791.8733,791.97125,791.67694,792.2467,19.843349511813926,19.790370996188926,19.339687402438926,20.270839746188926,21.128444726657676,20.717372949313926,19.593288476657676,20.157497461032676,20.391933496188926,20.011318261813926,20.001491601657676,19.503627832126426,19.059841211032676,18.264247949313926,17.420742089938926,16.982814843845176,18.360073144626426,18.121181543063926,15.961391504001426,17.335353906345176,17.186061914157676,16.588649804782676,16.278408105563926,16.076442773532676,14.301540429782676,15.105861718845176,14.827297265720176,14.689785058688926,14.660366113376426,14.502285058688926,14.600246484470176,14.305934961032676,14.875698144626426,corn,corn,corn,corn,soybeans,corn,corn,soybeans,corn,corn,soybeans,corn,corn,corn,corn,corn,corn,0,0,1,1,1,1,1,1,1,1,1,1,1,1,1,1,1,1,1,1,1,1,1,1,1,0
grid391,-100.4464985848611,39.39752102395833,35,12,grid43,0,0.0,774.73905497904,61.700664,0.0581,72.5424,846.1325426,776.9078156,81.982056,0.0562,773.5901426,38.48613,38.191143,39.42534,42.32824,38.063988,38.299915,38.66415,38.48332,37.867085,38.050465,38.332645,37.729103,38.96949,39.83511,40.311447,40.311794,37.410404,35.2645,39.34943,38.192036,38.41679,38.727283,38.85905,39.165344,41.48218,40.973812,40.935596,41.1233,40.913013,41.48054,40.846252,41.143124,40.5446,797.59717,797.3378,797.35144,797.13605,798.0632,797.99365,797.4518,796.74786,797.60034,797.497,797.419,796.94055,796.57745,796.0348,795.1136,794.904,795.2209,795.21967,793.8249,794.58734,794.47845,793.7742,793.5756,793.42285,792.06647,792.4972,792.1224,791.94385,791.9333,791.9208,792.3132,792.14746,792.41394,22.85811298970998,22.59877461080373,22.61238545064748,22.39699238424123,23.32411640767873,23.25459736470998,22.71272724752248,22.00880879049123,22.86128681783498,22.75795429830373,22.67995136861623,22.20149677877248,21.83839863424123,21.29573506002248,20.37453144674123,20.16493672017873,20.48183125142873,20.48061054830373,19.08583515767873,19.84828632955373,19.73939961080373,19.03511494283498,18.83656757955373,18.68379658345998,17.32741230611623,17.75813740377248,17.38332050924123,17.20479267720998,17.19423359517873,17.18172138814748,17.57411640767873,17.40840595845998,17.67488545064748,fallow,wheat,sorghum,fallow,wheat,sorghum,fallow,wheat,wheat,sorghum,fallow,wheat,sorghum,fallow,wheat,sorghum,fallow,0,6,0,0,0,0,0,0,0,0,0,0,0,0,0,0,0,0,0,0,0,0,0,0,0,0
grid392,-100.44649485291669,39.40475517020833,35,13,grid43,0,0.0,774.820315137576,55.129176,0.0482,72.5424,846.1325426,776.9078156,81.982056,0.0562,773.5901426,37.735752,39.89132,41.325302,41.90861,38.678577,38.91117,39.316757,38.210323,37.958275,38.41316,38.294018,37.724384,39.476543,40.305183,40.895798,40.858757,37.737724,36.944897,39.869526,38.57908,38.804646,39.134914,39.2773,39.567654,44.44434,44.20027,44.135353,44.28952,44.125168,44.36746,44.044888,44.294315,41.12488,797.22504,796.40027,796.3079,796.7628,797.73535,797.583,796.944,796.41113,797.3128,797.06323,797.00946,796.6084,796.2337,795.67,794.71,794.44885,794.98956,794.5975,793.268,794.2699,794.1664,793.402,793.18665,793.08386,791.9965,792.45483,792.14386,791.9446,791.9106,791.8799,792.3072,792.1462,792.0801,22.404721483517733,21.579953417111483,21.487607225705233,21.942502245236483,22.915036424923983,22.762692674923983,22.123654588986483,21.590817674923983,22.492490038205233,22.242917284298983,22.189145311642733,21.788083299923983,21.413388475705233,20.849667772580233,19.889706835080233,19.628537401486483,20.169247850705233,19.777158006955233,18.447690233517733,19.449582323361483,19.346066698361483,18.581662401486483,18.366330370236483,18.263547167111483,17.176205858517733,17.634518846798983,17.323544725705233,17.124264940548983,17.090268358517733,17.059567674923983,17.486874803830233,17.325864061642733,17.259762987423983,wheat,other,other,other,other,other,other,other,other,other,other,other,other,other,other,other,other,16,1,0,0,0,0,0,0,0,0,0,0,0,0,0,0,0,0,0,0,0,0,0,0,0,0
grid393,-100.44649112097223,39.41198931645833,35,14,grid43,0,0.0,775.4087443361279,53.4162,0.0409,72.5424,846.1325426,776.9078156,81.982056,0.0562,773.5901426,37.30442,40.013325,41.437233,41.950207,38.97695,39.18798,39.630386,38.561604,38.665047,38.561543,38.988884,38.169106,41.17246,42.020603,42.55305,42.59711,39.65763,37.237595,41.787525,40.472145,40.71756,41.03307,41.185036,41.496243,44.729656,44.420174,44.366096,44.52105,44.358364,44.69667,44.302513,44.565033,42.88083,796.82526,796.1392,795.8827,796.3391,797.07056,796.81964,796.0616,796.1127,796.90326,796.413,796.53503,796.1276,795.99,795.37726,794.5331,794.23114,795.28577,794.3205,793.173,794.5012,794.3496,793.6258,793.40015,793.3482,791.5595,792.0826,791.7978,791.60266,791.5476,791.49677,791.8881,791.719,792.34094,21.41651201152831,20.73047685527831,20.47394609355956,20.93036699199706,21.66181230449706,21.41089677715331,20.65284013652831,20.70392656230956,21.49451494121581,21.00428056621581,21.12628984355956,20.71888017559081,20.58124589824706,19.96851396465331,19.12433671855956,18.82239580059081,19.87702226543456,18.91175126934081,17.76422929668456,19.09247636699706,18.94086503887206,18.21704912090331,17.99140214824706,17.93946123027831,16.15076494121581,16.67383623027831,16.38904619121581,16.19391679668456,16.13886308574706,16.08802080059081,16.47937822246581,16.31024980449706,16.93219804668456,wheat,sorghum,fallow,wheat,sorghum,fallow,wheat,sorghum,fallow,wheat,sorghum,fallow,wheat,corn,fallow,wheat,corn,0,6,0,0,0,0,0,0,0,0,0,0,0,0,0,0,0,0,0,0,0,0,0,0,0,0
grid394,-100.44648738902778,39.41922346270833,35,15,grid43,0,0.0,776.5551673833841,59.8932,0.0405,72.5424,846.1325426,776.9078156,81.982056,0.0562,773.5901426,40.259693,41.185856,42.50787,41.963726,39.177094,39.390987,39.861702,38.641743,39.860878,38.684914,40.177956,39.71701,41.47784,42.294186,42.901546,42.90036,39.759094,38.954586,42.02376,40.5995,40.858875,41.163185,41.319847,41.62451,44.956493,44.617622,44.55328,44.709034,44.547653,44.96142,44.512268,44.78536,43.12033,795.94434,795.9319,795.4236,795.9695,796.7942,796.54047,795.63544,795.74146,796.7204,796.0183,796.34894,795.93384,795.5522,794.8943,794.0413,793.7016,795.05475,794.5164,792.63025,794.20197,794.0347,793.3264,793.08673,793.0284,791.19073,791.8388,791.5208,791.333,791.2664,791.19666,791.5531,791.3729,791.9712,19.38916855411594,19.37671738224094,18.86841660099094,19.41431503849094,20.23902206974094,19.98529892520969,19.08026962833469,19.18628769474094,20.16523056583469,19.46314316349094,19.79377060489719,19.37867050724094,18.99701767520969,18.33911972599094,17.48615341739719,17.14643173770969,18.49958115177219,17.96125107364719,16.07508164005344,17.64679794864719,17.47956162052219,16.77124863224094,16.53156357364719,16.47321396427219,14.63556747989719,15.28363876895969,14.96564560489719,14.77784042911594,14.71125107364719,14.64148789005344,14.99793320255344,14.81775742130344,15.41602402286594,fallow,other,other,other,other,other,other,other,other,other,other,other,other,other,other,other,other,16,0,0,0,0,0,0,0,0,0,0,0,0,0,0,0,0,0,0,0,0,0,0,0,0,0
grid395,-100.44648365708333,39.42645760895834,35,16,grid42,0,0.0,777.232446973704,71.789544,0.0455,72.5424,846.1325426,776.9078156,81.982056,0.0562,773.5901426,42.29958,41.039722,42.403236,42.72578,41.130165,41.262924,41.76407,38.863636,40.2302,40.565063,40.554623,39.90007,41.767456,42.55439,43.24332,43.199062,39.83266,39.044346,42.23326,40.693836,40.96234,41.25726,41.418087,41.718708,43.99477,43.448185,43.425686,43.61028,43.445553,44.10771,43.421276,43.725796,43.30284,795.46106,795.5386,794.89905,795.83093,796.6079,796.35803,795.2829,795.6569,796.3288,795.7648,795.9476,795.51654,795.12024,794.4043,793.54535,793.155,794.8542,794.2318,792.11163,793.9439,793.76984,793.09436,792.84235,792.7541,791.0748,791.7781,791.4922,791.31836,791.25964,791.1456,791.40594,791.1933,791.63715,18.228612596608514,18.306127245046014,17.666600877858514,18.598485643483514,19.375463182546014,19.125585252858514,18.050450975514764,18.424474413014764,19.096349413014764,18.532323534108514,18.715123827077264,18.284093553639764,17.887792284108514,17.171849901296014,16.312902147389764,15.922582323171014,17.621740038014764,16.999364549733514,14.879186327077264,16.711461717702264,16.537389452077264,15.861913377858514,15.609899217702264,15.521642381764764,13.842382127858514,14.545629198171014,14.259740526296014,14.085912401296014,14.027196580983514,13.913182909108514,14.173497850514764,13.960851366139764,14.404699022389764,fallow,wheat,fallow,wheat,corn,fallow,wheat,corn,fallow,wheat,corn,corn,fallow,wheat,corn,fallow,wheat,0,6,0,0,0,0,0,0,0,0,0,0,0,0,0,0,0,0,0,0,0,0,0,0,0,0
grid396,-100.4464799251389,39.433691755208336,35,17,grid42,19,1.0,777.261542870808,82.36915200000001,0.0528,72.5424,846.1325426,776.9078156,81.982056,0.0562,773.5901426,42.233387,40.869953,42.27485,41.230637,40.960075,41.075794,41.58628,39.823547,40.564106,40.480747,40.895313,40.116367,41.512505,42.298782,42.95876,42.93627,39.542736,39.09633,42.391754,40.389355,40.655766,41.050453,41.098873,41.499275,47.000023,46.81195,46.77664,46.937508,46.846188,47.071724,46.786453,47.001778,43.003845,794.9529,795.14215,794.3861,795.4312,796.3796,796.15784,794.8873,795.6391,795.9518,795.3857,795.55835,795.1077,794.6401,793.85974,793.02734,792.58234,794.1984,794.03033,791.68274,793.2383,793.0815,792.47577,792.16876,792.06195,790.24567,791.0258,790.7449,790.5787,790.56854,790.41644,790.4984,790.24054,790.91626,17.691337988567057,17.880608008098307,17.124565527629557,18.169670508098307,19.118034765910807,18.896294043254557,17.625786230754557,18.377556250285807,18.690239355754557,18.124138281535807,18.296806738567057,17.846184179973307,17.378532812785807,16.598198340129557,15.765800879192057,15.320793554973307,16.936882422160807,16.768791601848307,14.421196387004557,15.976738379192057,15.819939062785807,15.214226172160807,14.907219336223307,14.800407812785807,12.984123633098307,13.764275000285807,13.483330176067057,13.317131445598307,13.306999609660807,13.154900000285807,13.236870215129557,12.978996679973307,13.654716894817057,corn,corn,corn,corn,corn,soybeans,corn,corn,soybeans,wheat,corn,corn,corn,sorghum,corn,corn,corn,0,1,1,1,1,1,1,1,1,1,1,1,1,1,1,1,1,1,1,1,1,1,1,1,1,1
